School,Date,G,Loc,Opponent,WL,Total TD opp,Points Against
Georgia State,2014-08-27,1,,Abilene Christian,W,4,37
Akron,2014-08-28,1,,Howard,W,0,0
Arizona State,2014-08-28,1,,Weber State,W,2,14
Boise State,2014-08-28,1,N,Mississippi,L,5,35
Central Michigan,2014-08-28,1,,Chattanooga,W,2,16
Louisiana-Monroe,2014-08-28,1,,Wake Forest,W,1,10
Minnesota,2014-08-28,1,,Eastern Illinois,W,3,20
New Mexico State,2014-08-28,1,,Cal Poly,W,1,10
Northern Illinois,2014-08-28,1,,Presbyterian,W,0,3
Ole Miss,2014-08-28,1,N,Boise State,W,1,13
Rutgers,2014-08-28,1,N,Washington State,W,5,38
San Jose State,2014-08-28,1,,North Dakota,W,1,10
South Carolina,2014-08-28,1,,Texas A&M,L,7,52
Temple,2014-08-28,1,@,Vanderbilt,W,1,7
Texas A&M,2014-08-28,1,@,South Carolina,W,4,28
Tulane,2014-08-28,1,@,Tulsa,L,4,38
Tulsa,2014-08-28,1,,Tulane,W,4,31
Utah,2014-08-28,1,,Idaho State,W,2,14
Vanderbilt,2014-08-28,1,,Temple,L,4,37
Wake Forest,2014-08-28,1,@,Louisiana-Monroe,L,2,17
Washington State,2014-08-28,1,N,Rutgers,L,5,41
Arizona,2014-08-29,1,,Nevada-Las Vegas,W,1,13
Bowling Green State,2014-08-29,1,@,Western Kentucky,L,8,59
Brigham Young,2014-08-29,1,@,Connecticut,W,1,10
Colorado,2014-08-29,1,N,Colorado State,L,4,31
Colorado State,2014-08-29,1,N,Colorado,W,2,17
Connecticut,2014-08-29,1,,Brigham Young,L,5,35
Houston,2014-08-29,1,,Texas-San Antonio,L,3,27
Michigan State,2014-08-29,1,,Jacksonville State,W,1,7
Syracuse,2014-08-29,1,,Villanova,W,3,26
UNLV,2014-08-29,1,@,Arizona,L,7,58
UTSA,2014-08-29,1,@,Houston,W,1,7
Western Kentucky,2014-08-29,1,,Bowling Green State,W,4,31
Air Force,2014-08-30,1,,Nicholls State,W,2,16
Alabama,2014-08-30,1,N,West Virginia,W,2,23
Appalachian State,2014-08-30,1,@,Michigan,L,7,52
Arkansas,2014-08-30,1,@,Auburn,L,6,45
Arkansas State,2014-08-30,1,,Montana State,W,1,10
Auburn,2014-08-30,1,,Arkansas,W,3,21
Ball State,2014-08-30,1,,Colgate,W,1,10
Boston College,2014-08-30,1,N,Massachusetts,W,1,7
Buffalo,2014-08-30,1,,Duquesne,W,4,28
California,2014-08-30,1,@,Northwestern,W,3,24
Clemson,2014-08-30,1,@,Georgia,L,6,45
Duke,2014-08-30,1,,Elon,W,1,13
East Carolina,2014-08-30,1,,North Carolina Central,W,1,7
Eastern Michigan,2014-08-30,1,,Morgan State,W,4,28
Florida Atlantic,2014-08-30,1,@,Nebraska,L,7,55
Florida International,2014-08-30,1,,Bethune-Cookman,L,2,14
Florida State,2014-08-30,1,N,Oklahoma State,W,4,31
Fresno State,2014-08-30,1,@,Southern California,L,7,52
Georgia,2014-08-30,1,,Clemson,W,3,21
Georgia Southern,2014-08-30,1,@,North Carolina State,L,3,24
Georgia Tech,2014-08-30,1,,Wofford,W,2,19
Hawaii,2014-08-30,1,,Washington,L,2,17
Illinois,2014-08-30,1,,Youngstown State,W,1,17
Indiana,2014-08-30,1,,Indiana State,W,1,10
Iowa,2014-08-30,1,,Northern Iowa,W,2,23
Iowa State,2014-08-30,1,,North Dakota State,L,4,34
Kansas State,2014-08-30,1,,Stephen F. Austin,W,2,16
Kent State,2014-08-30,1,,Ohio,L,2,17
Kentucky,2014-08-30,1,,Tennessee-Martin,W,2,14
Louisiana,2014-08-30,1,,Southern,W,1,6
Louisiana Tech,2014-08-30,1,@,Oklahoma,L,6,48
LSU,2014-08-30,1,N,Wisconsin,W,3,24
Marshall,2014-08-30,1,@,Miami (OH),W,3,27
Maryland,2014-08-30,1,,James Madison,W,1,7
Massachusetts,2014-08-30,1,N,Boston College,L,3,30
Memphis,2014-08-30,1,,Austin Peay,W,0,0
Miami (OH),2014-08-30,1,,Marshall,L,6,42
Michigan,2014-08-30,1,,Appalachian State,W,2,14
Middle Tennessee State,2014-08-30,1,,Savannah State,W,1,7
Mississippi State,2014-08-30,1,,Southern Mississippi,W,0,0
Missouri,2014-08-30,1,,South Dakota State,W,2,18
Navy,2014-08-30,1,N,Ohio State,L,4,34
Nebraska,2014-08-30,1,,Florida Atlantic,W,1,7
Nevada,2014-08-30,1,,Southern Utah,W,3,19
New Mexico,2014-08-30,1,,Texas-El Paso,L,4,31
North Carolina,2014-08-30,1,,Liberty,W,4,29
North Carolina State,2014-08-30,1,,Georgia Southern,W,2,23
North Texas,2014-08-30,1,@,Texas,L,5,38
Northwestern,2014-08-30,1,,California,L,4,31
Notre Dame,2014-08-30,1,,Rice,W,2,17
Ohio,2014-08-30,1,@,Kent State,W,2,14
Ohio State,2014-08-30,1,N,Navy,W,2,17
Oklahoma,2014-08-30,1,,Louisiana Tech,W,2,16
Oklahoma State,2014-08-30,1,N,Florida State,L,4,37
Oregon,2014-08-30,1,,South Dakota,W,1,13
Oregon State,2014-08-30,1,,Portland State,W,2,14
Penn State,2014-08-30,1,N,Central Florida,W,3,24
Pitt,2014-08-30,1,,Delaware,W,0,0
Purdue,2014-08-30,1,,Western Michigan,W,5,34
Rice,2014-08-30,1,@,Notre Dame,L,6,48
San Diego State,2014-08-30,1,,Northern Arizona,W,1,7
South Florida,2014-08-30,1,,Western Carolina,W,4,31
Southern Mississippi,2014-08-30,1,@,Mississippi State,L,7,49
Stanford,2014-08-30,1,,California-Davis,W,0,0
Texas,2014-08-30,1,,North Texas,W,1,7
Texas Christian,2014-08-30,1,,Samford,W,2,14
Texas State,2014-08-30,1,,Arkansas-Pine Bluff,W,0,0
Texas Tech,2014-08-30,1,,Central Arkansas,W,4,35
Toledo,2014-08-30,1,,New Hampshire,W,3,20
Troy,2014-08-30,1,@,Alabama-Birmingham,L,6,48
UAB,2014-08-30,1,,Troy,W,1,10
UCF,2014-08-30,1,N,Penn State,L,2,26
UCLA,2014-08-30,1,@,Virginia,W,2,20
USC,2014-08-30,1,,Fresno State,W,2,13
UTEP,2014-08-30,1,@,New Mexico,W,3,24
Virginia,2014-08-30,1,,UCLA,L,4,28
Virginia Tech,2014-08-30,1,,William & Mary,W,0,9
Washington,2014-08-30,1,@,Hawaii,W,1,16
West Virginia,2014-08-30,1,N,Alabama,L,3,33
Western Michigan,2014-08-30,1,@,Purdue,L,5,43
Wisconsin,2014-08-30,1,N,Louisiana State,L,3,28
Wyoming,2014-08-30,1,,Montana,W,2,12
Baylor,2014-08-31,1,,Southern Methodist,W,0,0
SMU,2014-08-31,1,@,Baylor,L,6,45
Tennessee,2014-08-31,1,,Utah State,W,1,7
Utah State,2014-08-31,1,@,Tennessee,L,5,38
Louisville,2014-09-01,1,,Miami (FL),W,1,13
Miami (FL),2014-09-01,1,@,Louisville,L,4,31
Arizona,2014-09-04,2,@,Texas-San Antonio,W,3,23
UTSA,2014-09-04,2,,Arizona,L,2,26
Boston College,2014-09-05,2,,Pittsburgh,L,3,30
Nevada,2014-09-05,2,,Washington State,W,1,13
Pitt,2014-09-05,2,@,Boston College,W,3,20
Washington State,2014-09-05,2,@,Nevada,L,3,24
Air Force,2014-09-06,2,@,Wyoming,L,2,17
Akron,2014-09-06,2,@,Penn State,L,3,21
Alabama,2014-09-06,2,,Florida Atlantic,W,0,0
Arizona State,2014-09-06,2,@,New Mexico,W,3,23
Arkansas,2014-09-06,2,,Nicholls State,W,1,7
Arkansas State,2014-09-06,2,@,Tennessee,L,4,34
Army,2014-09-06,1,,Buffalo,W,5,39
Auburn,2014-09-06,2,,San Jose State,W,1,13
Ball State,2014-09-06,2,@,Iowa,L,2,17
Baylor,2014-09-06,2,,Northwestern State,W,0,6
Boise State,2014-09-06,2,,Colorado State,W,3,24
Bowling Green State,2014-09-06,2,,Virginia Military Institute,W,1,7
Brigham Young,2014-09-06,2,@,Texas,W,1,7
Buffalo,2014-09-06,2,@,Army,L,7,47
California,2014-09-06,2,,Sacramento State,W,2,14
Central Michigan,2014-09-06,2,@,Purdue,W,2,17
Clemson,2014-09-06,2,,South Carolina State,W,1,7
Colorado,2014-09-06,2,N,Massachusetts,W,5,38
Colorado State,2014-09-06,2,@,Boise State,L,5,37
Connecticut,2014-09-06,2,,Stony Brook,W,2,16
Duke,2014-09-06,2,@,Troy,W,2,17
East Carolina,2014-09-06,2,@,South Carolina,L,3,33
Eastern Michigan,2014-09-06,2,@,Florida,L,8,65
Florida,2014-09-06,2,,Eastern Michigan,W,0,0
Florida Atlantic,2014-09-06,2,@,Alabama,L,5,41
Florida International,2014-09-06,2,,Wagner,W,0,3
Florida State,2014-09-06,2,,Citadel,W,2,12
Fresno State,2014-09-06,2,@,Utah,L,8,59
Georgia State,2014-09-06,2,,New Mexico State,L,4,34
Georgia Tech,2014-09-06,2,@,Tulane,W,3,21
Hawaii,2014-09-06,2,,Oregon State,L,5,38
Houston,2014-09-06,2,,Grambling State,W,0,0
Idaho,2014-09-06,2,@,Louisiana-Monroe,L,5,38
Illinois,2014-09-06,2,,Western Kentucky,W,4,34
Iowa,2014-09-06,2,,Ball State,W,1,13
Iowa State,2014-09-06,2,,Kansas State,L,4,32
Kansas,2014-09-06,1,,Southeast Missouri State,W,4,28
Kansas State,2014-09-06,2,@,Iowa State,W,4,28
Kent State,2014-09-06,2,,South Alabama,L,3,23
Kentucky,2014-09-06,2,,Ohio,W,0,3
Louisiana,2014-09-06,2,,Louisiana Tech,L,6,48
Louisiana Tech,2014-09-06,2,@,Louisiana,W,3,20
Louisiana-Monroe,2014-09-06,2,,Idaho,W,4,31
Louisville,2014-09-06,2,,Murray State,W,3,21
LSU,2014-09-06,2,,Sam Houston State,W,0,0
Marshall,2014-09-06,2,,Rhode Island,W,1,7
Maryland,2014-09-06,2,@,South Florida,W,2,17
Massachusetts,2014-09-06,2,N,Colorado,L,5,41
Memphis,2014-09-06,2,@,UCLA,L,6,42
Miami (FL),2014-09-06,2,,Florida A&M,W,1,7
Miami (OH),2014-09-06,2,,Eastern Kentucky,L,2,17
Michigan,2014-09-06,2,@,Notre Dame,L,4,31
Michigan State,2014-09-06,2,@,Oregon,L,6,46
Middle Tennessee State,2014-09-06,2,@,Minnesota,L,5,35
Minnesota,2014-09-06,2,,Middle Tennessee State,W,3,24
Mississippi State,2014-09-06,2,,Alabama-Birmingham,W,4,34
Missouri,2014-09-06,2,@,Toledo,W,3,24
Navy,2014-09-06,2,@,Temple,W,3,24
Nebraska,2014-09-06,2,,McNeese State,W,3,24
New Mexico,2014-09-06,2,,Arizona State,L,8,58
New Mexico State,2014-09-06,2,@,Georgia State,W,4,31
North Carolina,2014-09-06,2,,San Diego State,W,3,27
North Carolina State,2014-09-06,2,,Old Dominion,W,5,34
North Texas,2014-09-06,2,,Southern Methodist,W,1,6
Northern Illinois,2014-09-06,2,@,Northwestern,W,2,15
Northwestern,2014-09-06,2,,Northern Illinois,L,3,23
Notre Dame,2014-09-06,2,,Michigan,W,0,0
Ohio,2014-09-06,2,@,Kentucky,L,2,20
Ohio State,2014-09-06,2,,Virginia Tech,L,5,35
Oklahoma,2014-09-06,2,@,Tulsa,W,1,7
Oklahoma State,2014-09-06,2,,Missouri State,W,3,23
Old Dominion,2014-09-06,2,@,North Carolina State,L,6,46
Ole Miss,2014-09-06,2,N,Vanderbilt,W,0,3
Oregon,2014-09-06,2,,Michigan State,W,3,27
Oregon State,2014-09-06,2,@,Hawaii,W,4,30
Penn State,2014-09-06,2,,Akron,W,0,3
Purdue,2014-09-06,2,,Central Michigan,L,5,38
Rutgers,2014-09-06,2,,Howard,W,4,25
San Diego State,2014-09-06,2,@,North Carolina,L,4,31
San Jose State,2014-09-06,2,@,Auburn,L,8,59
SMU,2014-09-06,2,@,North Texas,L,4,43
South Alabama,2014-09-06,1,@,Kent State,W,2,13
South Carolina,2014-09-06,2,,East Carolina,W,2,23
South Florida,2014-09-06,2,,Maryland,L,3,24
Southern Mississippi,2014-09-06,2,,Alcorn State,W,3,20
Stanford,2014-09-06,2,,Southern California,L,1,13
Temple,2014-09-06,2,,Navy,L,4,31
Tennessee,2014-09-06,2,,Arkansas State,W,3,19
Texas,2014-09-06,2,,Brigham Young,L,5,41
Texas A&M,2014-09-06,2,,Lamar,W,0,3
Texas Tech,2014-09-06,2,@,Texas-El Paso,W,3,26
Toledo,2014-09-06,2,,Missouri,L,7,49
Troy,2014-09-06,2,,Duke,L,4,34
Tulane,2014-09-06,2,,Georgia Tech,L,5,38
Tulsa,2014-09-06,2,,Oklahoma,L,7,52
UAB,2014-09-06,2,@,Mississippi State,L,7,47
UCLA,2014-09-06,2,,Memphis,W,5,35
UNLV,2014-09-06,2,,Northern Colorado,W,1,12
USC,2014-09-06,2,@,Stanford,W,1,10
Utah,2014-09-06,2,,Fresno State,W,4,27
Utah State,2014-09-06,2,,Idaho State,W,2,20
UTEP,2014-09-06,2,,Texas Tech,L,4,30
Vanderbilt,2014-09-06,2,N,Mississippi,L,5,41
Virginia,2014-09-06,2,,Richmond,W,1,13
Virginia Tech,2014-09-06,2,@,Ohio State,W,3,21
Wake Forest,2014-09-06,2,,Gardner-Webb,W,1,7
Washington,2014-09-06,2,,Eastern Washington,W,7,52
West Virginia,2014-09-06,2,,Towson,W,0,0
Western Kentucky,2014-09-06,2,@,Illinois,L,6,42
Wisconsin,2014-09-06,2,,Western Illinois,W,0,3
Wyoming,2014-09-06,2,,Air Force,W,1,13
Brigham Young,2014-09-11,3,,Houston,W,3,25
Houston,2014-09-11,3,@,Brigham Young,L,4,33
Louisiana Tech,2014-09-11,3,@,North Texas,W,3,21
North Texas,2014-09-11,3,,Louisiana Tech,L,6,42
Baylor,2014-09-12,3,@,Buffalo,W,3,21
Buffalo,2014-09-12,3,,Baylor,L,9,63
Cincinnati,2014-09-12,1,,Toledo,W,4,34
Toledo,2014-09-12,3,@,Cincinnati,L,8,58
Air Force,2014-09-13,3,@,Georgia State,W,5,38
Alabama,2014-09-13,3,,Southern Mississippi,W,0,12
Arizona,2014-09-13,3,,Nevada,W,2,28
Arizona State,2014-09-13,3,@,Colorado,W,3,24
Arkansas,2014-09-13,3,@,Texas Tech,W,4,28
Arkansas State,2014-09-13,3,@,Miami (FL),L,6,41
Army,2014-09-13,2,@,Stanford,L,5,35
Ball State,2014-09-13,3,,Indiana State,L,3,27
Boise State,2014-09-13,3,@,Connecticut,W,2,21
Boston College,2014-09-13,3,,Southern California,W,4,31
Bowling Green State,2014-09-13,3,,Indiana,W,6,42
Central Michigan,2014-09-13,3,,Syracuse,L,5,40
Colorado,2014-09-13,3,,Arizona State,L,5,38
Colorado State,2014-09-13,3,,California-Davis,W,3,21
Connecticut,2014-09-13,3,,Boise State,L,5,38
Duke,2014-09-13,3,,Kansas,W,0,3
East Carolina,2014-09-13,3,@,Virginia Tech,W,3,21
Eastern Michigan,2014-09-13,3,@,Old Dominion,L,2,17
Florida,2014-09-13,3,,Kentucky,W,3,30
Florida Atlantic,2014-09-13,3,,Tulsa,W,3,21
Florida International,2014-09-13,3,,Pittsburgh,L,5,42
Fresno State,2014-09-13,3,,Nebraska,L,7,55
Georgia,2014-09-13,2,@,South Carolina,L,5,38
Georgia Southern,2014-09-13,3,@,Georgia Tech,L,6,42
Georgia State,2014-09-13,3,,Air Force,L,6,48
Georgia Tech,2014-09-13,3,,Georgia Southern,W,5,38
Hawaii,2014-09-13,3,,Northern Iowa,W,3,24
Idaho,2014-09-13,3,,Western Michigan,L,6,45
Illinois,2014-09-13,3,@,Washington,L,5,44
Indiana,2014-09-13,2,@,Bowling Green State,L,5,45
Iowa,2014-09-13,3,,Iowa State,L,2,20
Iowa State,2014-09-13,3,@,Iowa,W,2,17
Kansas,2014-09-13,2,@,Duke,L,5,41
Kent State,2014-09-13,3,@,Ohio State,L,9,66
Kentucky,2014-09-13,3,@,Florida,L,4,36
Louisiana,2014-09-13,3,@,Mississippi,L,8,56
Louisiana-Monroe,2014-09-13,3,@,Louisiana State,L,4,31
Louisville,2014-09-13,3,@,Virginia,L,2,23
LSU,2014-09-13,3,,Louisiana-Monroe,W,0,0
Marshall,2014-09-13,3,,Ohio,W,2,14
Maryland,2014-09-13,3,,West Virginia,L,5,40
Massachusetts,2014-09-13,3,@,Vanderbilt,L,5,34
Miami (FL),2014-09-13,3,,Arkansas State,W,3,20
Miami (OH),2014-09-13,3,@,Michigan,L,4,34
Michigan,2014-09-13,3,,Miami (OH),W,1,10
Middle Tennessee State,2014-09-13,3,,Western Kentucky,W,5,47
Minnesota,2014-09-13,3,@,Texas Christian,L,3,30
Mississippi State,2014-09-13,3,@,South Alabama,W,0,3
Missouri,2014-09-13,3,,Central Florida,W,1,10
Navy,2014-09-13,3,@,Texas State,W,3,21
Nebraska,2014-09-13,3,@,Fresno State,W,2,19
Nevada,2014-09-13,3,@,Arizona,L,5,35
New Mexico State,2014-09-13,3,@,Texas-El Paso,L,6,42
North Carolina State,2014-09-13,3,@,South Florida,W,2,17
Northern Illinois,2014-09-13,3,@,Nevada-Las Vegas,W,4,34
Notre Dame,2014-09-13,3,N,Purdue,W,2,14
Ohio,2014-09-13,3,@,Marshall,L,5,44
Ohio State,2014-09-13,3,,Kent State,W,0,0
Oklahoma,2014-09-13,3,,Tennessee,W,1,10
Oklahoma State,2014-09-13,3,,Texas-San Antonio,W,1,13
Old Dominion,2014-09-13,3,,Eastern Michigan,W,0,3
Ole Miss,2014-09-13,3,,Louisiana,W,1,15
Oregon,2014-09-13,3,,Wyoming,W,2,14
Penn State,2014-09-13,3,@,Rutgers,W,1,10
Pitt,2014-09-13,3,@,Florida International,W,3,25
Purdue,2014-09-13,3,N,Notre Dame,L,3,30
Rice,2014-09-13,2,@,Texas A&M,L,5,38
Rutgers,2014-09-13,3,,Penn State,L,1,13
South Alabama,2014-09-13,2,,Mississippi State,L,5,35
South Carolina,2014-09-13,3,,Georgia,W,4,35
South Florida,2014-09-13,3,,North Carolina State,L,7,49
Southern Mississippi,2014-09-13,3,@,Alabama,L,7,52
Stanford,2014-09-13,3,,Army,W,0,0
Syracuse,2014-09-13,2,@,Central Michigan,W,0,3
Tennessee,2014-09-13,3,@,Oklahoma,L,4,34
Texas,2014-09-13,3,N,UCLA,L,2,20
Texas A&M,2014-09-13,3,,Rice,W,1,10
Texas Christian,2014-09-13,2,,Minnesota,W,1,7
Texas State,2014-09-13,2,,Navy,L,5,35
Texas Tech,2014-09-13,3,,Arkansas,L,7,49
Troy,2014-09-13,3,,Abilene Christian,L,5,38
Tulane,2014-09-13,3,,Southeastern Louisiana,W,2,20
Tulsa,2014-09-13,3,@,Florida Atlantic,L,6,50
UAB,2014-09-13,3,,Alabama A&M,W,2,14
UCF,2014-09-13,2,@,Missouri,L,5,38
UCLA,2014-09-13,3,N,Texas,W,2,17
UNLV,2014-09-13,3,,Northern Illinois,L,6,48
USC,2014-09-13,3,@,Boston College,L,5,37
Utah State,2014-09-13,3,,Wake Forest,W,3,24
UTEP,2014-09-13,3,,New Mexico State,W,3,24
UTSA,2014-09-13,3,@,Oklahoma State,L,5,43
Vanderbilt,2014-09-13,3,,Massachusetts,W,4,31
Virginia,2014-09-13,3,,Louisville,W,3,21
Virginia Tech,2014-09-13,3,,East Carolina,L,4,28
Wake Forest,2014-09-13,3,@,Utah State,L,5,36
Washington,2014-09-13,3,,Illinois,W,2,19
Washington State,2014-09-13,3,,Portland State,W,3,21
West Virginia,2014-09-13,3,@,Maryland,W,4,37
Western Kentucky,2014-09-13,3,@,Middle Tennessee State,L,6,50
Western Michigan,2014-09-13,2,@,Idaho,W,4,33
Wyoming,2014-09-13,3,@,Oregon,L,7,48
Auburn,2014-09-18,3,@,Kansas State,W,2,14
Kansas State,2014-09-18,3,,Auburn,L,2,20
Connecticut,2014-09-19,4,@,South Florida,L,2,17
South Florida,2014-09-19,4,,Connecticut,W,2,14
Akron,2014-09-20,3,,Marshall,L,6,48
Alabama,2014-09-20,4,,Florida,W,3,21
Appalachian State,2014-09-20,3,@,Southern Mississippi,L,3,21
Arizona,2014-09-20,4,,California,W,6,45
Arkansas,2014-09-20,4,,Northern Illinois,W,2,14
Arkansas State,2014-09-20,4,,Utah State,W,2,14
Army,2014-09-20,3,@,Wake Forest,L,3,24
Ball State,2014-09-20,4,@,Toledo,L,5,34
Boise State,2014-09-20,4,,Louisiana,W,1,9
Boston College,2014-09-20,4,,Maine,W,1,10
Bowling Green State,2014-09-20,4,@,Wisconsin,L,9,68
Brigham Young,2014-09-20,4,,Virginia,W,3,33
Buffalo,2014-09-20,4,,Norfolk State,W,1,7
California,2014-09-20,3,@,Arizona,L,6,49
Central Michigan,2014-09-20,4,@,Kansas,L,3,24
Cincinnati,2014-09-20,2,N,Miami (OH),W,3,24
Clemson,2014-09-20,3,@,Florida State,L,3,23
Colorado,2014-09-20,4,,Hawaii,W,0,12
Duke,2014-09-20,4,,Tulane,W,2,13
East Carolina,2014-09-20,4,,North Carolina,W,5,41
Eastern Michigan,2014-09-20,4,@,Michigan State,L,10,73
Florida,2014-09-20,4,@,Alabama,L,6,42
Florida Atlantic,2014-09-20,4,@,Wyoming,L,2,20
Florida International,2014-09-20,4,,Louisville,L,4,34
Florida State,2014-09-20,3,,Clemson,W,2,17
Fresno State,2014-09-20,4,,Southern Utah,W,2,16
Georgia,2014-09-20,3,,Troy,W,0,0
Georgia Southern,2014-09-20,4,@,South Alabama,W,1,6
Georgia State,2014-09-20,4,@,Washington,L,6,45
Georgia Tech,2014-09-20,4,@,Virginia Tech,W,2,24
Hawaii,2014-09-20,4,@,Colorado,L,3,21
Houston,2014-09-20,4,,Nevada-Las Vegas,W,2,14
Idaho,2014-09-20,4,@,Ohio,L,4,36
Illinois,2014-09-20,4,,Texas State,W,5,35
Indiana,2014-09-20,3,@,Missouri,W,3,27
Iowa,2014-09-20,4,@,Pittsburgh,W,2,20
Kansas,2014-09-20,3,,Central Michigan,W,1,10
Louisiana,2014-09-20,4,@,Boise State,L,4,34
Louisiana Tech,2014-09-20,4,,Northwestern State,L,3,30
Louisville,2014-09-20,4,@,Florida International,W,0,3
LSU,2014-09-20,4,,Mississippi State,L,4,34
Marshall,2014-09-20,4,@,Akron,W,2,17
Maryland,2014-09-20,4,@,Syracuse,W,2,20
Massachusetts,2014-09-20,4,@,Penn State,L,6,48
Memphis,2014-09-20,3,,Middle Tennessee State,W,2,17
Miami (FL),2014-09-20,4,@,Nebraska,L,5,41
Miami (OH),2014-09-20,4,N,Cincinnati,L,4,31
Michigan,2014-09-20,4,,Utah,L,2,26
Michigan State,2014-09-20,3,,Eastern Michigan,W,2,14
Middle Tennessee State,2014-09-20,4,@,Memphis,L,4,36
Minnesota,2014-09-20,4,,San Jose State,W,1,7
Mississippi State,2014-09-20,4,@,Louisiana State,W,4,29
Missouri,2014-09-20,4,,Indiana,L,4,31
Navy,2014-09-20,4,,Rutgers,L,4,31
Nebraska,2014-09-20,4,,Miami (FL),W,4,31
New Mexico,2014-09-20,3,@,New Mexico State,W,5,35
New Mexico State,2014-09-20,4,,New Mexico,L,5,38
North Carolina,2014-09-20,3,@,East Carolina,L,10,70
North Carolina State,2014-09-20,4,,Presbyterian,W,0,0
North Texas,2014-09-20,4,,Nicholls State,W,0,3
Northern Illinois,2014-09-20,4,@,Arkansas,L,7,52
Northwestern,2014-09-20,3,,Western Illinois,W,1,7
Ohio,2014-09-20,4,,Idaho,W,3,24
Oklahoma,2014-09-20,4,@,West Virginia,W,4,33
Old Dominion,2014-09-20,4,@,Rice,W,6,42
Oregon,2014-09-20,4,@,Washington State,W,4,31
Oregon State,2014-09-20,3,,San Diego State,W,1,7
Penn State,2014-09-20,4,,Massachusetts,W,1,7
Pitt,2014-09-20,4,,Iowa,L,3,24
Purdue,2014-09-20,4,,Southern Illinois,W,1,13
Rice,2014-09-20,3,,Old Dominion,L,6,45
Rutgers,2014-09-20,4,@,Navy,W,3,24
San Diego State,2014-09-20,3,@,Oregon State,L,4,28
San Jose State,2014-09-20,3,@,Minnesota,L,3,24
SMU,2014-09-20,3,,Texas A&M,L,7,58
South Alabama,2014-09-20,3,,Georgia Southern,L,4,28
South Carolina,2014-09-20,4,@,Vanderbilt,W,4,34
Southern Mississippi,2014-09-20,4,,Appalachian State,W,3,20
Syracuse,2014-09-20,3,,Maryland,L,4,34
Temple,2014-09-20,3,,Delaware State,W,0,0
Texas A&M,2014-09-20,4,@,Southern Methodist,W,0,6
Texas State,2014-09-20,3,@,Illinois,L,6,42
Toledo,2014-09-20,4,,Ball State,W,2,23
Troy,2014-09-20,4,@,Georgia,L,9,66
Tulane,2014-09-20,4,@,Duke,L,6,47
UCF,2014-09-20,3,,Bethune-Cookman,W,1,7
UNLV,2014-09-20,4,@,Houston,L,6,47
Utah,2014-09-20,3,@,Michigan,W,1,10
Utah State,2014-09-20,4,@,Arkansas State,L,3,21
Vanderbilt,2014-09-20,4,,South Carolina,L,6,48
Virginia,2014-09-20,4,@,Brigham Young,L,5,41
Virginia Tech,2014-09-20,4,,Georgia Tech,L,3,27
Wake Forest,2014-09-20,4,,Army,W,3,21
Washington,2014-09-20,4,,Georgia State,W,2,14
Washington State,2014-09-20,4,,Oregon,L,5,38
West Virginia,2014-09-20,4,,Oklahoma,L,6,45
Western Michigan,2014-09-20,3,,Murray State,W,2,14
Wisconsin,2014-09-20,3,,Bowling Green State,W,2,17
Wyoming,2014-09-20,4,,Florida Atlantic,W,1,19
Arizona State,2014-09-25,4,,UCLA,L,8,62
Oklahoma State,2014-09-25,4,,Texas Tech,W,5,35
Texas Tech,2014-09-25,4,@,Oklahoma State,L,6,45
UCLA,2014-09-25,4,@,Arizona State,W,3,27
Fresno State,2014-09-26,5,@,New Mexico,W,3,24
Middle Tennessee State,2014-09-26,5,@,Old Dominion,W,4,28
New Mexico,2014-09-26,4,,Fresno State,L,5,35
Old Dominion,2014-09-26,5,,Middle Tennessee State,L,5,41
Air Force,2014-09-27,4,,Boise State,W,2,14
Akron,2014-09-27,4,@,Pittsburgh,W,1,10
Arkansas,2014-09-27,5,N,Texas A&M,L,5,35
Army,2014-09-27,4,@,Yale,L,7,49
Auburn,2014-09-27,4,,Louisiana Tech,W,2,17
Baylor,2014-09-27,4,@,Iowa State,W,4,28
Boise State,2014-09-27,5,@,Air Force,L,3,28
Boston College,2014-09-27,5,,Colorado State,L,3,24
Bowling Green State,2014-09-27,5,@,Massachusetts,W,6,42
Buffalo,2014-09-27,5,,Miami (OH),W,4,27
California,2014-09-27,4,,Colorado,W,8,56
Central Michigan,2014-09-27,5,@,Toledo,L,5,42
Cincinnati,2014-09-27,3,@,Ohio State,L,6,50
Clemson,2014-09-27,4,,North Carolina,W,5,35
Colorado,2014-09-27,5,@,California,L,8,59
Colorado State,2014-09-27,4,@,Boston College,W,3,21
Connecticut,2014-09-27,5,,Temple,L,4,36
Duke,2014-09-27,5,@,Miami (FL),L,3,22
Florida Atlantic,2014-09-27,5,,Texas-San Antonio,W,4,37
Florida International,2014-09-27,5,@,Alabama-Birmingham,W,3,20
Florida State,2014-09-27,4,@,North Carolina State,W,5,41
Georgia,2014-09-27,4,,Tennessee,W,4,32
Idaho,2014-09-27,5,,South Alabama,L,4,34
Illinois,2014-09-27,5,@,Nebraska,L,6,45
Indiana,2014-09-27,4,,Maryland,L,4,37
Iowa,2014-09-27,5,@,Purdue,W,1,10
Iowa State,2014-09-27,4,,Baylor,L,7,49
Kansas,2014-09-27,4,,Texas,L,3,23
Kansas State,2014-09-27,4,,Texas-El Paso,W,4,28
Kent State,2014-09-27,4,@,Virginia,L,6,45
Kentucky,2014-09-27,4,,Vanderbilt,W,1,7
Louisiana Tech,2014-09-27,5,@,Auburn,L,6,45
Louisiana-Monroe,2014-09-27,4,,Troy,W,3,20
Louisville,2014-09-27,5,,Wake Forest,W,1,10
LSU,2014-09-27,5,,New Mexico State,W,1,7
Maryland,2014-09-27,5,@,Indiana,W,1,15
Massachusetts,2014-09-27,5,,Bowling Green State,L,6,47
Memphis,2014-09-27,4,@,Mississippi,L,3,24
Miami (FL),2014-09-27,5,,Duke,W,1,10
Miami (OH),2014-09-27,5,@,Buffalo,L,5,35
Michigan,2014-09-27,5,,Minnesota,L,3,30
Michigan State,2014-09-27,4,,Wyoming,W,2,14
Minnesota,2014-09-27,5,@,Michigan,W,2,14
Missouri,2014-09-27,5,@,South Carolina,W,2,20
Navy,2014-09-27,5,,Western Kentucky,L,4,36
Nebraska,2014-09-27,5,,Illinois,W,2,14
Nevada,2014-09-27,4,@,San Jose State,W,1,10
New Mexico State,2014-09-27,5,@,Louisiana State,L,9,63
North Carolina,2014-09-27,4,@,Clemson,L,6,50
North Carolina State,2014-09-27,5,,Florida State,L,8,56
Northwestern,2014-09-27,4,@,Penn State,W,0,6
Notre Dame,2014-09-27,4,N,Syracuse,W,2,15
Ohio,2014-09-27,5,,Eastern Illinois,W,2,19
Ohio State,2014-09-27,4,,Cincinnati,W,4,28
Ole Miss,2014-09-27,4,,Memphis,W,0,3
Oregon State,2014-09-27,4,@,Southern California,L,5,35
Penn State,2014-09-27,5,,Northwestern,L,4,29
Pitt,2014-09-27,5,,Akron,L,3,21
Purdue,2014-09-27,5,,Iowa,L,3,24
Rice,2014-09-27,4,@,Southern Mississippi,W,3,23
Rutgers,2014-09-27,5,,Tulane,W,1,6
San Diego State,2014-09-27,4,,Nevada-Las Vegas,W,2,17
San Jose State,2014-09-27,4,,Nevada,L,3,21
SMU,2014-09-27,4,,Texas Christian,L,8,56
South Alabama,2014-09-27,4,@,Idaho,W,1,10
South Carolina,2014-09-27,5,,Missouri,L,3,21
South Florida,2014-09-27,5,@,Wisconsin,L,3,27
Southern Mississippi,2014-09-27,5,,Rice,L,5,41
Stanford,2014-09-27,4,@,Washington,W,2,13
Syracuse,2014-09-27,4,N,Notre Dame,L,4,31
Temple,2014-09-27,4,@,Connecticut,W,1,10
Tennessee,2014-09-27,4,@,Georgia,L,5,35
Texas,2014-09-27,4,@,Kansas,W,0,0
Texas A&M,2014-09-27,5,N,Arkansas,W,4,28
Texas Christian,2014-09-27,3,@,Southern Methodist,W,0,0
Texas State,2014-09-27,4,@,Tulsa,W,4,34
Toledo,2014-09-27,5,,Central Michigan,W,4,28
Troy,2014-09-27,5,@,Louisiana-Monroe,L,2,22
Tulane,2014-09-27,5,@,Rutgers,L,4,31
Tulsa,2014-09-27,4,,Texas State,L,5,37
UAB,2014-09-27,4,,Florida International,L,4,34
UNLV,2014-09-27,5,@,San Diego State,L,4,34
USC,2014-09-27,4,,Oregon State,W,1,10
Utah,2014-09-27,4,,Washington State,L,4,28
UTEP,2014-09-27,4,@,Kansas State,L,8,58
UTSA,2014-09-27,4,@,Florida Atlantic,L,6,41
Vanderbilt,2014-09-27,5,@,Kentucky,L,2,17
Virginia,2014-09-27,5,,Kent State,W,1,13
Virginia Tech,2014-09-27,5,,Western Michigan,W,2,17
Wake Forest,2014-09-27,5,@,Louisville,L,2,20
Washington,2014-09-27,5,,Stanford,L,2,20
Washington State,2014-09-27,5,@,Utah,W,3,27
Western Kentucky,2014-09-27,4,@,Navy,W,4,27
Western Michigan,2014-09-27,4,@,Virginia Tech,L,4,35
Wisconsin,2014-09-27,4,,South Florida,W,1,10
Wyoming,2014-09-27,5,@,Michigan State,L,8,56
Arizona,2014-10-02,5,@,Oregon,W,3,24
Florida Atlantic,2014-10-02,6,@,Florida International,L,5,38
Florida International,2014-10-02,6,,Florida Atlantic,W,1,10
Houston,2014-10-02,5,,Central Florida,L,2,17
Oregon,2014-10-02,5,,Arizona,L,4,31
UCF,2014-10-02,4,@,Houston,W,0,12
Brigham Young,2014-10-03,5,,Utah State,L,5,35
Fresno State,2014-10-03,6,,San Diego State,W,1,13
Louisville,2014-10-03,6,@,Syracuse,W,0,6
San Diego State,2014-10-03,5,@,Fresno State,L,3,24
Syracuse,2014-10-03,5,,Louisville,L,3,28
Utah State,2014-10-03,5,@,Brigham Young,W,2,20
Air Force,2014-10-04,5,,Navy,W,3,21
Akron,2014-10-04,5,,Eastern Michigan,W,1,6
Alabama,2014-10-04,5,@,Mississippi,L,3,23
Appalachian State,2014-10-04,5,,South Alabama,L,6,47
Arizona State,2014-10-04,5,@,Southern California,W,4,34
Arkansas State,2014-10-04,5,,Louisiana-Monroe,W,2,14
Army,2014-10-04,5,,Ball State,W,3,24
Auburn,2014-10-04,5,,Louisiana State,W,1,7
Ball State,2014-10-04,5,@,Army,L,4,33
Baylor,2014-10-04,5,@,Texas,W,1,7
Boise State,2014-10-04,6,@,Nevada,W,6,46
Bowling Green State,2014-10-04,6,,Buffalo,W,5,35
Buffalo,2014-10-04,6,@,Bowling Green State,L,4,36
California,2014-10-04,5,@,Washington State,W,8,59
Central Michigan,2014-10-04,6,,Ohio,W,1,10
Cincinnati,2014-10-04,4,N,Memphis,L,5,41
Clemson,2014-10-04,5,,North Carolina State,W,0,0
Colorado,2014-10-04,6,,Oregon State,L,4,36
Colorado State,2014-10-04,5,,Tulsa,W,2,17
East Carolina,2014-10-04,5,,Southern Methodist,W,3,24
Eastern Michigan,2014-10-04,5,@,Akron,L,4,31
Florida,2014-10-04,5,@,Tennessee,W,0,9
Florida State,2014-10-04,5,,Wake Forest,W,0,3
Georgia,2014-10-04,5,,Vanderbilt,W,2,17
Georgia Southern,2014-10-04,6,@,New Mexico State,W,4,28
Georgia State,2014-10-04,5,@,Louisiana,L,5,34
Georgia Tech,2014-10-04,5,,Miami (FL),W,2,17
Hawaii,2014-10-04,5,@,Rice,L,4,28
Idaho,2014-10-04,6,@,Texas State,L,5,35
Illinois,2014-10-04,6,,Purdue,L,5,38
Indiana,2014-10-04,5,,North Texas,W,3,24
Iowa State,2014-10-04,5,@,Oklahoma State,L,4,37
Kansas,2014-10-04,5,@,West Virginia,L,3,33
Kansas State,2014-10-04,5,,Texas Tech,W,2,13
Kent State,2014-10-04,5,@,Northern Illinois,L,2,17
Kentucky,2014-10-04,5,,South Carolina,W,5,38
Louisiana,2014-10-04,5,,Georgia State,W,4,31
Louisiana Tech,2014-10-04,6,,Texas-El Paso,W,0,3
Louisiana-Monroe,2014-10-04,5,@,Arkansas State,L,4,28
LSU,2014-10-04,6,@,Auburn,L,5,41
Marshall,2014-10-04,5,@,Old Dominion,W,2,14
Maryland,2014-10-04,6,,Ohio State,L,7,52
Massachusetts,2014-10-04,6,@,Miami (OH),L,6,42
Memphis,2014-10-04,5,N,Cincinnati,W,2,14
Miami (FL),2014-10-04,6,@,Georgia Tech,L,4,28
Miami (OH),2014-10-04,6,,Massachusetts,W,6,41
Michigan,2014-10-04,6,@,Rutgers,L,3,26
Michigan State,2014-10-04,5,,Nebraska,W,3,22
Middle Tennessee State,2014-10-04,6,,Southern Mississippi,W,4,31
Mississippi State,2014-10-04,5,,Texas A&M,W,4,31
Navy,2014-10-04,6,@,Air Force,L,4,30
Nebraska,2014-10-04,6,@,Michigan State,L,3,27
Nevada,2014-10-04,5,,Boise State,L,7,51
New Mexico,2014-10-04,5,@,Texas-San Antonio,W,1,9
New Mexico State,2014-10-04,6,,Georgia Southern,L,4,36
North Carolina,2014-10-04,5,,Virginia Tech,L,4,34
North Carolina State,2014-10-04,6,@,Clemson,L,5,41
North Texas,2014-10-04,5,@,Indiana,L,7,49
Northern Illinois,2014-10-04,5,,Kent State,W,1,14
Northwestern,2014-10-04,5,,Wisconsin,W,2,14
Notre Dame,2014-10-04,5,,Stanford,W,2,14
Ohio,2014-10-04,6,@,Central Michigan,L,4,28
Ohio State,2014-10-04,5,@,Maryland,W,3,24
Oklahoma,2014-10-04,5,@,Texas Christian,L,5,37
Oklahoma State,2014-10-04,5,,Iowa State,W,2,20
Old Dominion,2014-10-04,6,,Marshall,L,8,56
Ole Miss,2014-10-04,5,,Alabama,W,2,17
Oregon State,2014-10-04,5,@,Colorado,W,4,31
Pitt,2014-10-04,6,@,Virginia,L,3,24
Purdue,2014-10-04,6,@,Illinois,W,4,27
Rice,2014-10-04,5,,Hawaii,W,2,14
Rutgers,2014-10-04,6,,Michigan,W,3,24
San Jose State,2014-10-04,5,,Nevada-Las Vegas,W,1,10
SMU,2014-10-04,5,@,East Carolina,L,6,45
South Alabama,2014-10-04,5,@,Appalachian State,W,3,21
South Carolina,2014-10-04,6,@,Kentucky,L,6,45
Southern Mississippi,2014-10-04,6,@,Middle Tennessee State,L,5,37
Stanford,2014-10-04,5,@,Notre Dame,L,2,17
Tennessee,2014-10-04,5,,Florida,L,1,10
Texas,2014-10-04,5,,Baylor,L,4,28
Texas A&M,2014-10-04,6,@,Mississippi State,L,7,48
Texas Christian,2014-10-04,4,,Oklahoma,W,4,33
Texas State,2014-10-04,5,,Idaho,W,4,30
Texas Tech,2014-10-04,5,@,Kansas State,L,6,45
Toledo,2014-10-04,6,@,Western Michigan,W,2,19
Tulsa,2014-10-04,5,@,Colorado State,L,6,42
UAB,2014-10-04,5,@,Western Kentucky,W,6,39
UCLA,2014-10-04,5,,Utah,L,3,30
UNLV,2014-10-04,6,@,San Jose State,L,3,33
USC,2014-10-04,5,,Arizona State,L,5,38
Utah,2014-10-04,5,@,UCLA,W,4,28
UTEP,2014-10-04,5,@,Louisiana Tech,L,7,55
UTSA,2014-10-04,5,,New Mexico,L,3,21
Vanderbilt,2014-10-04,6,@,Georgia,L,6,44
Virginia,2014-10-04,6,,Pittsburgh,W,2,19
Virginia Tech,2014-10-04,6,@,North Carolina,W,2,17
Wake Forest,2014-10-04,6,@,Florida State,L,4,43
Washington State,2014-10-04,6,,California,L,9,60
West Virginia,2014-10-04,5,,Kansas,W,2,14
Western Kentucky,2014-10-04,5,,Alabama-Birmingham,L,6,42
Western Michigan,2014-10-04,5,,Toledo,L,2,20
Wisconsin,2014-10-04,5,@,Northwestern,L,2,20
Brigham Young,2014-10-09,6,@,Central Florida,L,4,31
UCF,2014-10-09,5,,Brigham Young,W,3,24
Fresno State,2014-10-10,7,@,Nevada-Las Vegas,L,3,30
New Mexico,2014-10-10,6,,San Diego State,L,3,24
San Diego State,2014-10-10,6,@,New Mexico,W,2,14
Stanford,2014-10-10,6,,Washington State,W,2,17
UNLV,2014-10-10,7,,Fresno State,W,4,27
Washington State,2014-10-10,7,@,Stanford,L,4,34
Air Force,2014-10-11,6,@,Utah State,L,4,34
Akron,2014-10-11,6,,Miami (OH),W,3,19
Alabama,2014-10-11,6,@,Arkansas,W,2,13
Appalachian State,2014-10-11,6,,Liberty,L,7,55
Arizona,2014-10-11,6,,Southern California,L,4,28
Arkansas,2014-10-11,6,,Alabama,L,2,14
Arkansas State,2014-10-11,6,@,Georgia State,W,1,10
Army,2014-10-11,6,,Rice,L,5,41
Auburn,2014-10-11,6,@,Mississippi State,L,5,38
Ball State,2014-10-11,6,,Western Michigan,L,6,42
Baylor,2014-10-11,6,,Texas Christian,W,7,58
Boston College,2014-10-11,6,@,North Carolina State,W,2,14
Bowling Green State,2014-10-11,7,@,Ohio,W,1,13
Buffalo,2014-10-11,7,@,Eastern Michigan,L,5,37
California,2014-10-11,6,,Washington,L,4,31
Central Michigan,2014-10-11,7,@,Northern Illinois,W,2,17
Cincinnati,2014-10-11,5,@,Miami (FL),L,7,55
Clemson,2014-10-11,6,,Louisville,W,2,17
Colorado State,2014-10-11,6,@,Nevada,W,3,24
Connecticut,2014-10-11,6,@,Tulane,L,1,12
Duke,2014-10-11,6,@,Georgia Tech,W,3,25
East Carolina,2014-10-11,6,@,South Florida,W,2,17
Eastern Michigan,2014-10-11,6,,Buffalo,W,3,27
Florida,2014-10-11,6,,Louisiana State,L,4,30
Florida International,2014-10-11,7,@,Texas-San Antonio,L,1,16
Florida State,2014-10-11,6,@,Syracuse,W,2,20
Georgia,2014-10-11,6,@,Missouri,W,0,0
Georgia Southern,2014-10-11,7,,Idaho,W,3,24
Georgia State,2014-10-11,6,,Arkansas State,L,7,52
Georgia Tech,2014-10-11,6,,Duke,L,4,31
Hawaii,2014-10-11,6,,Wyoming,W,4,28
Houston,2014-10-11,6,@,Memphis,W,3,24
Idaho,2014-10-11,7,@,Georgia Southern,L,7,47
Illinois,2014-10-11,7,@,Wisconsin,L,5,38
Indiana,2014-10-11,6,@,Iowa,L,6,45
Iowa,2014-10-11,6,,Indiana,W,4,29
Iowa State,2014-10-11,6,,Toledo,W,3,30
Kansas,2014-10-11,6,,Oklahoma State,L,3,27
Kent State,2014-10-11,6,,Massachusetts,L,5,40
Kentucky,2014-10-11,6,,Louisiana-Monroe,W,2,14
Louisiana-Monroe,2014-10-11,6,@,Kentucky,L,6,48
Louisville,2014-10-11,7,@,Clemson,L,2,23
LSU,2014-10-11,7,@,Florida,W,3,27
Marshall,2014-10-11,6,,Middle Tennessee State,W,3,24
Massachusetts,2014-10-11,7,@,Kent State,W,2,17
Memphis,2014-10-11,6,,Houston,L,4,28
Miami (FL),2014-10-11,7,,Cincinnati,W,4,34
Miami (OH),2014-10-11,7,@,Akron,L,3,29
Michigan,2014-10-11,7,,Penn State,W,1,13
Michigan State,2014-10-11,6,@,Purdue,W,4,31
Middle Tennessee State,2014-10-11,7,@,Marshall,L,7,49
Minnesota,2014-10-11,6,,Northwestern,W,2,17
Mississippi State,2014-10-11,6,,Auburn,W,2,23
Missouri,2014-10-11,6,,Georgia,L,4,34
Navy,2014-10-11,7,,Virginia Military Institute,W,2,14
Nevada,2014-10-11,6,,Colorado State,L,4,31
New Mexico State,2014-10-11,7,@,Troy,L,5,41
North Carolina,2014-10-11,6,@,Notre Dame,L,7,50
North Carolina State,2014-10-11,7,,Boston College,L,4,30
North Texas,2014-10-11,6,@,Alabama-Birmingham,L,8,56
Northern Illinois,2014-10-11,6,,Central Michigan,L,4,34
Northwestern,2014-10-11,6,@,Minnesota,L,3,24
Notre Dame,2014-10-11,6,,North Carolina,W,6,43
Ohio,2014-10-11,7,,Bowling Green State,L,4,31
Oklahoma,2014-10-11,6,N,Texas,W,3,26
Oklahoma State,2014-10-11,6,@,Kansas,W,2,20
Old Dominion,2014-10-11,7,@,Texas-El Paso,L,6,42
Ole Miss,2014-10-11,6,@,Texas A&M,W,3,20
Oregon,2014-10-11,6,@,UCLA,W,4,30
Penn State,2014-10-11,6,@,Michigan,L,1,18
Purdue,2014-10-11,7,,Michigan State,L,6,45
Rice,2014-10-11,6,@,Army,W,3,21
South Florida,2014-10-11,6,,East Carolina,L,4,28
Syracuse,2014-10-11,6,,Florida State,L,5,38
Temple,2014-10-11,5,,Tulsa,W,3,24
Tennessee,2014-10-11,6,,Chattanooga,W,1,10
Texas,2014-10-11,6,N,Oklahoma,L,4,31
Texas A&M,2014-10-11,7,,Mississippi,L,5,35
Texas Christian,2014-10-11,5,@,Baylor,L,7,61
Texas Tech,2014-10-11,6,,West Virginia,L,4,37
Toledo,2014-10-11,7,@,Iowa State,L,4,37
Troy,2014-10-11,6,,New Mexico State,W,3,24
Tulane,2014-10-11,6,,Connecticut,W,0,3
Tulsa,2014-10-11,6,@,Temple,L,5,35
UAB,2014-10-11,6,,North Texas,W,3,21
UCLA,2014-10-11,6,,Oregon,L,6,42
USC,2014-10-11,6,@,Arizona,W,3,26
Utah State,2014-10-11,6,,Air Force,W,1,16
UTEP,2014-10-11,6,,Old Dominion,W,5,35
UTSA,2014-10-11,6,,Florida International,W,1,13
Vanderbilt,2014-10-11,7,,Charleston Southern,W,2,20
Washington,2014-10-11,6,@,California,W,1,7
West Virginia,2014-10-11,6,@,Texas Tech,W,4,34
Western Michigan,2014-10-11,6,@,Ball State,W,5,38
Wisconsin,2014-10-11,6,,Illinois,W,4,28
Wyoming,2014-10-11,6,@,Hawaii,L,5,38
Louisiana,2014-10-14,6,@,Texas State,W,1,10
Texas State,2014-10-14,6,,Louisiana,L,4,34
Oregon State,2014-10-16,6,,Utah,L,3,29
Pitt,2014-10-16,7,,Virginia Tech,W,1,16
Utah,2014-10-16,6,@,Oregon State,W,2,23
Virginia Tech,2014-10-16,7,@,Pittsburgh,L,3,21
Boise State,2014-10-17,7,,Fresno State,W,3,27
Fresno State,2014-10-17,8,@,Boise State,L,4,37
Houston,2014-10-17,7,,Temple,W,1,10
Temple,2014-10-17,6,@,Houston,L,4,31
Air Force,2014-10-18,7,,New Mexico,W,4,31
Akron,2014-10-18,7,@,Ohio,L,2,23
Alabama,2014-10-18,7,,Texas A&M,W,0,0
Appalachian State,2014-10-18,7,@,Troy,W,1,14
Arizona State,2014-10-18,6,,Stanford,W,1,10
Arkansas,2014-10-18,7,N,Georgia,L,6,45
Army,2014-10-18,7,@,Kent State,L,4,39
Ball State,2014-10-18,7,@,Central Michigan,W,4,29
Baylor,2014-10-18,7,@,West Virginia,L,5,41
Boston College,2014-10-18,7,,Clemson,L,2,17
Bowling Green State,2014-10-18,8,,Western Michigan,L,3,26
Brigham Young,2014-10-18,7,,Nevada,L,5,42
California,2014-10-18,7,,UCLA,L,4,36
Central Michigan,2014-10-18,8,,Ball State,L,3,32
Cincinnati,2014-10-18,6,@,Southern Methodist,W,0,3
Clemson,2014-10-18,7,@,Boston College,W,2,13
Colorado,2014-10-18,7,@,Southern California,L,8,56
Colorado State,2014-10-18,7,,Utah State,W,1,13
Duke,2014-10-18,7,,Virginia,W,1,13
Eastern Michigan,2014-10-18,7,N,Massachusetts,L,5,36
Florida,2014-10-18,7,,Missouri,L,5,42
Florida Atlantic,2014-10-18,7,,Western Kentucky,W,5,38
Florida International,2014-10-18,8,,Marshall,L,6,45
Florida State,2014-10-18,7,,Notre Dame,W,3,27
Georgia,2014-10-18,7,N,Arkansas,W,5,32
Georgia State,2014-10-18,7,@,South Alabama,L,3,30
Georgia Tech,2014-10-18,7,@,North Carolina,L,7,48
Hawaii,2014-10-18,7,@,San Diego State,L,2,20
Idaho,2014-10-18,8,,New Mexico State,W,2,17
Indiana,2014-10-18,7,,Michigan State,L,8,56
Iowa,2014-10-18,7,@,Maryland,L,5,38
Iowa State,2014-10-18,7,@,Texas,L,6,48
Kansas,2014-10-18,7,@,Texas Tech,L,4,34
Kansas State,2014-10-18,6,@,Oklahoma,W,4,30
Kent State,2014-10-18,7,,Army,W,2,17
Kentucky,2014-10-18,7,@,Louisiana State,L,5,41
Louisiana Tech,2014-10-18,7,,Texas-San Antonio,W,2,20
Louisville,2014-10-18,8,,North Carolina State,W,2,18
LSU,2014-10-18,8,,Kentucky,W,0,3
Marshall,2014-10-18,7,@,Florida International,W,2,13
Maryland,2014-10-18,7,,Iowa,W,4,31
Massachusetts,2014-10-18,8,N,Eastern Michigan,W,2,14
Miami (OH),2014-10-18,8,@,Northern Illinois,L,7,51
Michigan State,2014-10-18,7,@,Indiana,W,2,17
Middle Tennessee State,2014-10-18,8,,Alabama-Birmingham,W,2,22
Minnesota,2014-10-18,7,,Purdue,W,5,38
Missouri,2014-10-18,7,@,Florida,W,2,13
Nebraska,2014-10-18,7,@,Northwestern,W,2,17
Nevada,2014-10-18,7,@,Brigham Young,W,5,35
New Mexico,2014-10-18,7,@,Air Force,L,5,35
New Mexico State,2014-10-18,8,@,Idaho,L,3,29
North Carolina,2014-10-18,7,,Georgia Tech,W,6,43
North Carolina State,2014-10-18,8,@,Louisville,L,3,30
North Texas,2014-10-18,7,,Southern Mississippi,L,3,30
Northern Illinois,2014-10-18,7,,Miami (OH),W,6,41
Northwestern,2014-10-18,7,,Nebraska,L,5,38
Notre Dame,2014-10-18,7,@,Florida State,L,4,31
Ohio,2014-10-18,8,,Akron,W,2,20
Ohio State,2014-10-18,6,,Rutgers,W,2,17
Oklahoma,2014-10-18,7,,Kansas State,L,4,31
Oklahoma State,2014-10-18,7,@,Texas Christian,L,6,42
Ole Miss,2014-10-18,7,,Tennessee,W,0,3
Oregon,2014-10-18,7,,Washington,W,2,20
Purdue,2014-10-18,8,@,Minnesota,L,5,39
Rutgers,2014-10-18,7,@,Ohio State,L,8,56
San Diego State,2014-10-18,7,,Hawaii,W,1,10
San Jose State,2014-10-18,6,@,Wyoming,W,2,20
SMU,2014-10-18,6,,Cincinnati,L,4,41
South Alabama,2014-10-18,6,,Georgia State,W,4,27
South Carolina,2014-10-18,7,,Furman,W,1,10
South Florida,2014-10-18,7,@,Tulsa,W,3,30
Southern Mississippi,2014-10-18,7,@,North Texas,W,2,20
Stanford,2014-10-18,7,@,Arizona State,L,2,26
Syracuse,2014-10-18,7,@,Wake Forest,W,1,7
Tennessee,2014-10-18,7,@,Mississippi,L,4,34
Texas,2014-10-18,7,,Iowa State,W,6,45
Texas A&M,2014-10-18,8,@,Alabama,L,8,59
Texas Christian,2014-10-18,6,,Oklahoma State,W,0,9
Texas Tech,2014-10-18,7,,Kansas,W,3,21
Troy,2014-10-18,7,,Appalachian State,L,7,53
Tulane,2014-10-18,7,@,Central Florida,L,2,20
Tulsa,2014-10-18,7,,South Florida,L,5,38
UAB,2014-10-18,7,@,Middle Tennessee State,L,5,34
UCF,2014-10-18,6,,Tulane,W,1,13
UCLA,2014-10-18,7,@,California,W,5,34
USC,2014-10-18,7,,Colorado,W,4,28
Utah State,2014-10-18,7,@,Colorado State,L,1,16
UTSA,2014-10-18,7,@,Louisiana Tech,L,3,27
Virginia,2014-10-18,7,@,Duke,L,2,20
Wake Forest,2014-10-18,7,,Syracuse,L,3,30
Washington,2014-10-18,7,@,Oregon,L,6,45
West Virginia,2014-10-18,7,,Baylor,W,3,27
Western Kentucky,2014-10-18,6,@,Florida Atlantic,L,6,45
Western Michigan,2014-10-18,7,@,Bowling Green State,W,2,14
Wyoming,2014-10-18,7,,San Jose State,L,3,27
Arkansas State,2014-10-21,7,@,Louisiana,L,8,55
Louisiana,2014-10-21,7,,Arkansas State,W,5,40
Connecticut,2014-10-23,7,@,East Carolina,L,4,31
East Carolina,2014-10-23,7,,Connecticut,W,3,21
Miami (FL),2014-10-23,8,@,Virginia Tech,W,1,6
Virginia Tech,2014-10-23,8,,Miami (FL),L,4,30
Boise State,2014-10-24,8,,Brigham Young,W,4,30
Brigham Young,2014-10-24,8,@,Boise State,L,7,55
California,2014-10-24,8,,Oregon,L,8,59
Cincinnati,2014-10-24,7,N,South Florida,W,2,17
Oregon,2014-10-24,8,@,California,W,6,41
South Alabama,2014-10-24,7,,Troy,W,1,13
South Florida,2014-10-24,8,N,Cincinnati,L,4,34
Troy,2014-10-24,8,@,South Alabama,L,3,27
Akron,2014-10-25,8,@,Ball State,L,3,35
Alabama,2014-10-25,8,@,Tennessee,W,2,20
Arizona,2014-10-25,7,@,Washington State,W,5,37
Arizona State,2014-10-25,7,@,Washington,W,1,10
Arkansas,2014-10-25,8,,Alabama-Birmingham,W,2,17
Auburn,2014-10-25,7,,South Carolina,W,5,35
Ball State,2014-10-25,8,,Akron,W,3,21
Boston College,2014-10-25,8,@,Wake Forest,W,2,17
Buffalo,2014-10-25,8,,Central Michigan,L,3,20
Central Michigan,2014-10-25,9,@,Buffalo,W,2,14
Clemson,2014-10-25,8,,Syracuse,W,0,6
Colorado,2014-10-25,8,,UCLA,L,5,40
Colorado State,2014-10-25,8,,Wyoming,W,4,31
Eastern Michigan,2014-10-25,8,,Northern Illinois,L,4,28
Florida Atlantic,2014-10-25,8,@,Marshall,L,5,35
Georgia Southern,2014-10-25,8,@,Georgia State,W,4,31
Georgia State,2014-10-25,8,,Georgia Southern,L,10,69
Georgia Tech,2014-10-25,8,@,Pittsburgh,W,4,28
Hawaii,2014-10-25,8,,Nevada,L,3,26
Illinois,2014-10-25,8,,Minnesota,W,3,24
Kansas State,2014-10-25,7,,Texas,W,0,0
Kent State,2014-10-25,8,@,Miami (OH),L,1,10
Kentucky,2014-10-25,8,,Mississippi State,L,6,45
Louisiana Tech,2014-10-25,8,@,Southern Mississippi,W,2,20
Louisiana-Monroe,2014-10-25,7,,Texas State,L,3,22
LSU,2014-10-25,9,,Mississippi,W,1,7
Marshall,2014-10-25,8,,Florida Atlantic,W,1,16
Maryland,2014-10-25,8,@,Wisconsin,L,7,52
Massachusetts,2014-10-25,9,@,Toledo,L,6,42
Memphis,2014-10-25,7,@,Southern Methodist,W,1,10
Miami (OH),2014-10-25,9,,Kent State,W,0,3
Michigan,2014-10-25,8,@,Michigan State,L,5,35
Michigan State,2014-10-25,8,,Michigan,W,1,11
Minnesota,2014-10-25,8,@,Illinois,L,4,28
Mississippi State,2014-10-25,7,@,Kentucky,W,4,31
Missouri,2014-10-25,8,,Vanderbilt,W,2,14
Navy,2014-10-25,8,,San Jose State,W,4,31
Nebraska,2014-10-25,8,,Rutgers,W,3,24
Nevada,2014-10-25,8,@,Hawaii,W,2,18
North Carolina,2014-10-25,8,@,Virginia,W,3,27
North Texas,2014-10-25,8,@,Rice,L,5,41
Northern Illinois,2014-10-25,8,@,Eastern Michigan,W,2,17
Ohio,2014-10-25,9,@,Western Michigan,L,6,42
Ohio State,2014-10-25,7,@,Penn State,W,3,24
Oklahoma State,2014-10-25,8,,West Virginia,L,4,34
Old Dominion,2014-10-25,8,@,Western Kentucky,L,9,66
Ole Miss,2014-10-25,8,@,Louisiana State,L,1,10
Oregon State,2014-10-25,7,@,Stanford,L,5,38
Penn State,2014-10-25,7,,Ohio State,L,4,31
Pitt,2014-10-25,8,,Georgia Tech,L,8,56
Rice,2014-10-25,7,,North Texas,W,3,21
Rutgers,2014-10-25,8,@,Nebraska,L,6,42
San Jose State,2014-10-25,7,@,Navy,L,5,41
SMU,2014-10-25,7,,Memphis,L,6,48
South Carolina,2014-10-25,8,@,Auburn,L,6,42
Southern Mississippi,2014-10-25,8,,Louisiana Tech,L,4,31
Stanford,2014-10-25,8,,Oregon State,W,2,14
Syracuse,2014-10-25,8,@,Clemson,L,1,16
Temple,2014-10-25,7,@,Central Florida,L,4,34
Tennessee,2014-10-25,8,,Alabama,L,5,34
Texas,2014-10-25,8,@,Kansas State,L,2,23
Texas Christian,2014-10-25,7,,Texas Tech,W,3,27
Texas State,2014-10-25,7,@,Louisiana-Monroe,W,1,18
Texas Tech,2014-10-25,8,@,Texas Christian,L,10,82
Toledo,2014-10-25,8,,Massachusetts,W,5,35
UAB,2014-10-25,8,@,Arkansas,L,6,45
UCF,2014-10-25,7,,Temple,W,2,14
UCLA,2014-10-25,8,@,Colorado,W,4,37
UNLV,2014-10-25,8,@,Utah State,L,4,34
USC,2014-10-25,8,@,Utah,L,3,24
Utah,2014-10-25,7,,Southern California,W,3,21
Utah State,2014-10-25,8,,Nevada-Las Vegas,W,3,20
UTEP,2014-10-25,7,@,Texas-San Antonio,W,0,0
UTSA,2014-10-25,8,,Texas-El Paso,L,4,34
Vanderbilt,2014-10-25,8,@,Missouri,L,3,24
Virginia,2014-10-25,8,,North Carolina,L,4,28
Wake Forest,2014-10-25,8,,Boston College,L,3,23
Washington,2014-10-25,8,,Arizona State,L,3,24
Washington State,2014-10-25,8,,Arizona,L,8,59
West Virginia,2014-10-25,8,@,Oklahoma State,W,1,10
Western Kentucky,2014-10-25,7,,Old Dominion,W,7,51
Western Michigan,2014-10-25,8,,Ohio,W,3,21
Wisconsin,2014-10-25,7,,Maryland,W,1,7
Wyoming,2014-10-25,8,@,Colorado State,L,6,45
Florida State,2014-10-30,8,@,Louisville,W,4,31
Georgia Southern,2014-10-30,9,,Troy,W,1,10
Louisville,2014-10-30,9,,Florida State,L,6,42
Troy,2014-10-30,9,@,Georgia Southern,L,6,42
Cincinnati,2014-10-31,8,@,Tulane,W,2,14
Memphis,2014-10-31,8,,Tulsa,W,3,20
Tulane,2014-10-31,8,,Cincinnati,L,5,38
Tulsa,2014-10-31,8,@,Memphis,L,4,40
Air Force,2014-11-01,8,@,Army,W,0,6
Appalachian State,2014-11-01,8,,Georgia State,W,0,0
Arizona,2014-11-01,8,@,UCLA,L,2,17
Arizona State,2014-11-01,8,,Utah,W,1,16
Arkansas,2014-11-01,9,@,Mississippi State,L,2,17
Arkansas State,2014-11-01,8,@,Idaho,W,4,28
Army,2014-11-01,8,,Air Force,L,2,23
Auburn,2014-11-01,8,@,Mississippi,W,4,31
Baylor,2014-11-01,8,,Kansas,W,2,14
Boston College,2014-11-01,9,@,Virginia Tech,W,4,31
Brigham Young,2014-11-01,9,@,Middle Tennessee State,W,1,7
California,2014-11-01,9,@,Oregon State,W,4,31
Central Michigan,2014-11-01,10,@,Eastern Michigan,W,1,7
Colorado,2014-11-01,9,,Washington,L,5,38
Colorado State,2014-11-01,9,@,San Jose State,W,4,31
Connecticut,2014-11-01,8,,Central Florida,W,4,29
Duke,2014-11-01,8,@,Pittsburgh,W,6,48
East Carolina,2014-11-01,8,@,Temple,L,3,20
Eastern Michigan,2014-11-01,9,,Central Michigan,L,5,38
Florida,2014-11-01,8,N,Georgia,W,3,20
Florida Atlantic,2014-11-01,9,,Alabama-Birmingham,L,4,31
Florida International,2014-11-01,9,,Rice,L,4,31
Fresno State,2014-11-01,9,,Wyoming,L,6,45
Georgia,2014-11-01,8,N,Florida,L,5,38
Georgia State,2014-11-01,9,@,Appalachian State,L,6,44
Georgia Tech,2014-11-01,9,,Virginia,W,1,10
Hawaii,2014-11-01,9,,Utah State,L,5,35
Houston,2014-11-01,8,@,South Florida,W,0,3
Idaho,2014-11-01,9,,Arkansas State,L,6,44
Illinois,2014-11-01,9,@,Ohio State,L,7,55
Indiana,2014-11-01,8,@,Michigan,L,4,34
Iowa,2014-11-01,8,,Northwestern,W,1,7
Iowa State,2014-11-01,8,,Oklahoma,L,8,59
Kansas,2014-11-01,8,@,Baylor,L,7,60
Kansas State,2014-11-01,8,,Oklahoma State,W,2,14
Kentucky,2014-11-01,9,@,Missouri,L,2,20
Louisiana,2014-11-01,8,,South Alabama,W,1,9
Louisiana Tech,2014-11-01,9,,Western Kentucky,W,1,10
Louisiana-Monroe,2014-11-01,8,@,Texas A&M,L,3,21
Maryland,2014-11-01,9,@,Penn State,W,1,19
Miami (FL),2014-11-01,9,,North Carolina,W,3,20
Miami (OH),2014-11-01,10,,Western Michigan,L,5,41
Michigan,2014-11-01,9,,Indiana,W,1,10
Middle Tennessee State,2014-11-01,9,,Brigham Young,L,4,27
Mississippi State,2014-11-01,8,,Arkansas,W,1,10
Missouri,2014-11-01,9,,Kentucky,W,1,10
Navy,2014-11-01,9,N,Notre Dame,L,7,49
Nebraska,2014-11-01,9,,Purdue,W,2,14
Nevada,2014-11-01,9,,San Diego State,W,2,14
New Mexico,2014-11-01,8,@,Nevada-Las Vegas,W,4,28
New Mexico State,2014-11-01,9,,Texas State,L,5,37
North Carolina,2014-11-01,9,@,Miami (FL),L,6,47
North Carolina State,2014-11-01,9,@,Syracuse,W,2,17
Northwestern,2014-11-01,8,@,Iowa,L,6,48
Notre Dame,2014-11-01,8,N,Navy,W,5,39
Ohio State,2014-11-01,8,,Illinois,W,2,14
Oklahoma,2014-11-01,8,@,Iowa State,W,2,14
Oklahoma State,2014-11-01,9,@,Kansas State,L,6,48
Old Dominion,2014-11-01,9,@,Vanderbilt,L,6,42
Ole Miss,2014-11-01,9,,Auburn,L,5,35
Oregon,2014-11-01,9,,Stanford,W,1,16
Oregon State,2014-11-01,8,,California,L,5,45
Penn State,2014-11-01,8,,Maryland,L,2,20
Pitt,2014-11-01,9,,Duke,L,7,51
Purdue,2014-11-01,9,@,Nebraska,L,5,35
Rice,2014-11-01,8,@,Florida International,W,2,17
Rutgers,2014-11-01,9,,Wisconsin,L,4,37
San Diego State,2014-11-01,8,@,Nevada,L,3,30
San Jose State,2014-11-01,8,,Colorado State,L,5,38
South Alabama,2014-11-01,8,@,Louisiana,L,1,19
South Carolina,2014-11-01,9,,Tennessee,L,6,45
South Florida,2014-11-01,9,,Houston,L,4,27
Southern Mississippi,2014-11-01,9,@,Texas-El Paso,L,5,35
Stanford,2014-11-01,9,@,Oregon,L,6,45
Syracuse,2014-11-01,9,,North Carolina State,L,2,24
Temple,2014-11-01,8,,East Carolina,W,1,10
Tennessee,2014-11-01,9,@,South Carolina,W,6,42
Texas,2014-11-01,9,@,Texas Tech,W,2,13
Texas A&M,2014-11-01,9,,Louisiana-Monroe,W,1,16
Texas Christian,2014-11-01,8,@,West Virginia,W,3,30
Texas State,2014-11-01,8,@,New Mexico State,W,4,29
Texas Tech,2014-11-01,9,,Texas,L,4,34
UAB,2014-11-01,9,@,Florida Atlantic,W,4,28
UCF,2014-11-01,8,@,Connecticut,L,5,37
UCLA,2014-11-01,9,,Arizona,W,1,7
UNLV,2014-11-01,9,,New Mexico,L,4,31
USC,2014-11-01,9,@,Washington State,W,2,17
Utah,2014-11-01,8,@,Arizona State,L,1,19
Utah State,2014-11-01,9,@,Hawaii,W,2,14
UTEP,2014-11-01,8,,Southern Mississippi,W,2,14
Vanderbilt,2014-11-01,9,,Old Dominion,W,4,28
Virginia,2014-11-01,9,@,Georgia Tech,L,5,35
Virginia Tech,2014-11-01,9,,Boston College,L,4,33
Washington,2014-11-01,9,@,Colorado,W,2,23
Washington State,2014-11-01,9,,Southern California,L,6,44
West Virginia,2014-11-01,9,,Texas Christian,L,4,31
Western Kentucky,2014-11-01,8,@,Louisiana Tech,L,8,59
Western Michigan,2014-11-01,9,@,Miami (OH),W,1,10
Wisconsin,2014-11-01,8,@,Rutgers,W,0,0
Wyoming,2014-11-01,9,@,Fresno State,W,2,17
Akron,2014-11-04,9,,Bowling Green State,L,3,27
Bowling Green State,2014-11-04,9,@,Akron,W,1,10
Kent State,2014-11-04,9,,Toledo,L,3,30
Toledo,2014-11-04,9,@,Kent State,W,3,20
Ball State,2014-11-05,9,,Northern Illinois,L,5,35
Buffalo,2014-11-05,9,@,Ohio,L,4,37
Northern Illinois,2014-11-05,9,@,Ball State,W,3,21
Ohio,2014-11-05,10,,Buffalo,W,2,14
Clemson,2014-11-06,9,@,Wake Forest,W,2,20
Wake Forest,2014-11-06,9,,Clemson,L,4,34
Memphis,2014-11-07,9,@,Temple,W,1,13
Temple,2014-11-07,9,,Memphis,L,1,16
Utah State,2014-11-07,10,@,Wyoming,W,0,3
Wyoming,2014-11-07,10,,Utah State,L,2,20
Air Force,2014-11-08,9,@,Nevada-Las Vegas,W,3,21
Alabama,2014-11-08,9,@,Louisiana State,W,1,13
Appalachian State,2014-11-08,9,,Louisiana-Monroe,W,3,29
Arizona,2014-11-08,9,,Colorado,W,2,20
Arizona State,2014-11-08,9,,Notre Dame,W,4,31
Arkansas State,2014-11-08,9,,South Alabama,W,1,10
Army,2014-11-08,9,N,Connecticut,W,3,21
Auburn,2014-11-08,9,,Texas A&M,L,5,41
Baylor,2014-11-08,9,@,Oklahoma,W,2,14
Boise State,2014-11-08,9,@,New Mexico,W,7,49
Boston College,2014-11-08,10,,Louisville,L,5,38
Colorado,2014-11-08,10,@,Arizona,L,5,38
Colorado State,2014-11-08,10,,Hawaii,W,2,22
Connecticut,2014-11-08,9,N,Army,L,5,35
Duke,2014-11-08,9,@,Syracuse,W,1,10
Florida,2014-11-08,9,@,Vanderbilt,W,1,10
Florida Atlantic,2014-11-08,10,@,North Texas,L,4,31
Florida International,2014-11-08,10,@,Old Dominion,L,5,38
Florida State,2014-11-08,9,,Virginia,W,3,20
Fresno State,2014-11-08,10,,San Jose State,W,3,24
Georgia,2014-11-08,9,@,Kentucky,W,4,31
Georgia Southern,2014-11-08,10,@,Texas State,W,3,25
Georgia State,2014-11-08,10,@,Troy,L,6,45
Georgia Tech,2014-11-08,10,@,North Carolina State,W,3,23
Hawaii,2014-11-08,10,@,Colorado State,L,7,49
Houston,2014-11-08,9,,Tulane,L,4,31
Idaho,2014-11-08,10,@,San Diego State,L,5,35
Indiana,2014-11-08,9,,Penn State,L,1,13
Iowa,2014-11-08,9,@,Minnesota,L,7,51
Iowa State,2014-11-08,9,@,Kansas,L,4,34
Kansas,2014-11-08,9,,Iowa State,W,2,14
Kansas State,2014-11-08,9,@,Texas Christian,L,5,41
Kentucky,2014-11-08,10,,Georgia,L,9,63
Louisiana,2014-11-08,9,@,New Mexico State,W,2,16
Louisiana Tech,2014-11-08,10,@,Alabama-Birmingham,W,3,24
Louisiana-Monroe,2014-11-08,9,@,Appalachian State,L,4,31
Louisville,2014-11-08,10,@,Boston College,W,3,19
LSU,2014-11-08,10,,Alabama,L,2,20
Marshall,2014-11-08,9,@,Southern Mississippi,W,2,17
Michigan,2014-11-08,10,@,Northwestern,W,1,9
Michigan State,2014-11-08,9,,Ohio State,L,7,49
Minnesota,2014-11-08,9,,Iowa,W,2,14
Mississippi State,2014-11-08,9,,Tennessee-Martin,W,2,16
New Mexico,2014-11-08,9,,Boise State,L,8,60
New Mexico State,2014-11-08,10,,Louisiana,L,6,44
North Carolina State,2014-11-08,10,,Georgia Tech,L,8,56
North Texas,2014-11-08,9,,Florida Atlantic,W,1,10
Northwestern,2014-11-08,9,,Michigan,L,1,10
Notre Dame,2014-11-08,9,@,Arizona State,L,7,55
Ohio State,2014-11-08,9,@,Michigan State,W,5,37
Oklahoma,2014-11-08,9,,Baylor,L,6,48
Old Dominion,2014-11-08,10,,Florida International,W,4,35
Ole Miss,2014-11-08,10,,Presbyterian,W,0,0
Oregon,2014-11-08,10,@,Utah,W,3,27
Oregon State,2014-11-08,9,,Washington State,L,5,39
Penn State,2014-11-08,9,@,Indiana,W,1,7
Purdue,2014-11-08,10,,Wisconsin,L,4,34
Rice,2014-11-08,9,,Texas-San Antonio,W,1,7
San Diego State,2014-11-08,9,,Idaho,W,3,21
San Jose State,2014-11-08,9,@,Fresno State,L,5,38
SMU,2014-11-08,8,@,Tulsa,L,5,38
South Alabama,2014-11-08,9,@,Arkansas State,L,6,45
Southern Mississippi,2014-11-08,10,,Marshall,L,9,63
Syracuse,2014-11-08,10,,Duke,L,3,27
Texas,2014-11-08,10,,West Virginia,W,2,16
Texas A&M,2014-11-08,10,@,Auburn,W,5,38
Texas Christian,2014-11-08,9,,Kansas State,W,3,20
Texas State,2014-11-08,9,,Georgia Southern,L,4,28
Troy,2014-11-08,10,,Georgia State,W,3,21
Tulane,2014-11-08,9,@,Houston,W,3,24
Tulsa,2014-11-08,9,,Southern Methodist,W,4,28
UAB,2014-11-08,10,,Louisiana Tech,L,5,40
UCLA,2014-11-08,10,@,Washington,W,3,30
UNLV,2014-11-08,10,,Air Force,L,6,48
Utah,2014-11-08,9,,Oregon,L,6,51
UTEP,2014-11-08,9,@,Western Kentucky,L,5,35
UTSA,2014-11-08,9,@,Rice,L,2,17
Vanderbilt,2014-11-08,10,,Florida,L,4,34
Virginia,2014-11-08,10,@,Florida State,L,4,34
Washington,2014-11-08,10,,UCLA,L,5,44
Washington State,2014-11-08,10,@,Oregon State,W,3,32
West Virginia,2014-11-08,10,@,Texas,L,4,33
Western Kentucky,2014-11-08,9,,Texas-El Paso,W,3,27
Wisconsin,2014-11-08,9,@,Purdue,W,1,16
Akron,2014-11-11,10,@,Buffalo,L,8,55
Buffalo,2014-11-11,10,,Akron,W,3,24
Northern Illinois,2014-11-11,10,,Toledo,W,3,24
Toledo,2014-11-11,10,@,Northern Illinois,L,3,27
Ball State,2014-11-12,10,@,Massachusetts,L,3,24
Bowling Green State,2014-11-12,10,,Kent State,W,3,20
Kent State,2014-11-12,10,@,Bowling Green State,L,3,30
Massachusetts,2014-11-12,10,,Ball State,W,1,10
California,2014-11-13,10,@,Southern California,L,5,38
Cincinnati,2014-11-13,9,N,East Carolina,W,6,46
East Carolina,2014-11-13,9,N,Cincinnati,L,7,54
Southern Mississippi,2014-11-13,11,@,Texas-San Antonio,L,0,12
USC,2014-11-13,10,,California,W,4,30
UTSA,2014-11-13,10,,Southern Mississippi,W,1,10
Tulsa,2014-11-14,10,@,Central Florida,L,4,31
UCF,2014-11-14,9,,Tulsa,W,1,7
Air Force,2014-11-15,10,,Nevada,W,5,38
Alabama,2014-11-15,10,,Mississippi State,W,2,20
Appalachian State,2014-11-15,10,@,Arkansas State,W,5,32
Arizona,2014-11-15,10,,Washington,W,3,26
Arizona State,2014-11-15,10,@,Oregon State,L,5,35
Arkansas,2014-11-15,10,,Louisiana State,W,0,0
Arkansas State,2014-11-15,10,,Appalachian State,L,5,37
Army,2014-11-15,10,@,Western Kentucky,L,7,52
Auburn,2014-11-15,10,@,Georgia,L,4,34
Boise State,2014-11-15,10,,San Diego State,W,3,29
Brigham Young,2014-11-15,10,,Nevada-Las Vegas,W,2,23
Central Michigan,2014-11-15,11,,Miami (OH),W,3,27
Clemson,2014-11-15,10,@,Georgia Tech,L,3,28
Duke,2014-11-15,10,,Virginia Tech,L,2,17
Eastern Michigan,2014-11-15,10,@,Western Michigan,L,7,51
Florida,2014-11-15,10,,South Carolina,L,3,23
Florida International,2014-11-15,11,,Middle Tennessee State,W,4,28
Florida State,2014-11-15,10,@,Miami (FL),W,3,26
Georgia,2014-11-15,10,,Auburn,W,1,7
Georgia Southern,2014-11-15,11,@,Navy,L,7,52
Georgia Tech,2014-11-15,11,,Clemson,W,0,6
Hawaii,2014-11-15,11,@,San Jose State,W,0,0
Idaho,2014-11-15,11,,Troy,L,4,34
Illinois,2014-11-15,10,,Iowa,L,4,30
Indiana,2014-11-15,10,@,Rutgers,L,6,45
Iowa,2014-11-15,10,@,Illinois,W,2,14
Kansas,2014-11-15,10,,Texas Christian,L,4,34
Kentucky,2014-11-15,11,@,Tennessee,L,6,50
Louisiana,2014-11-15,10,@,Louisiana-Monroe,W,3,27
Louisiana-Monroe,2014-11-15,10,,Louisiana,L,4,34
LSU,2014-11-15,11,@,Arkansas,L,2,17
Marshall,2014-11-15,10,,Rice,W,2,14
Maryland,2014-11-15,10,,Michigan State,L,4,37
Memphis,2014-11-15,10,@,Tulane,W,1,7
Miami (FL),2014-11-15,10,,Florida State,L,3,30
Miami (OH),2014-11-15,11,@,Central Michigan,L,5,34
Michigan State,2014-11-15,10,@,Maryland,W,2,15
Middle Tennessee State,2014-11-15,10,@,Florida International,L,5,38
Minnesota,2014-11-15,10,,Ohio State,L,4,31
Mississippi State,2014-11-15,10,@,Alabama,L,3,25
Missouri,2014-11-15,10,@,Texas A&M,W,3,27
Navy,2014-11-15,10,,Georgia Southern,W,3,19
Nebraska,2014-11-15,10,@,Wisconsin,L,8,59
Nevada,2014-11-15,10,@,Air Force,L,6,45
New Mexico,2014-11-15,10,@,Utah State,L,4,28
North Carolina,2014-11-15,10,,Pittsburgh,W,5,35
North Carolina State,2014-11-15,11,,Wake Forest,W,1,13
North Texas,2014-11-15,10,@,Texas-El Paso,L,5,35
Northwestern,2014-11-15,10,@,Notre Dame,W,6,40
Notre Dame,2014-11-15,10,,Northwestern,L,4,43
Ohio State,2014-11-15,10,@,Minnesota,W,3,24
Oklahoma,2014-11-15,10,@,Texas Tech,W,4,30
Oklahoma State,2014-11-15,10,,Texas,L,3,28
Oregon State,2014-11-15,10,,Arizona State,W,3,27
Penn State,2014-11-15,10,,Temple,W,1,13
Pitt,2014-11-15,10,@,North Carolina,L,7,40
Rice,2014-11-15,10,@,Marshall,L,5,41
Rutgers,2014-11-15,10,,Indiana,W,2,23
San Diego State,2014-11-15,10,@,Boise State,L,5,38
San Jose State,2014-11-15,10,,Hawaii,L,1,13
SMU,2014-11-15,9,,South Florida,L,2,14
South Alabama,2014-11-15,10,,Texas State,W,2,20
South Carolina,2014-11-15,10,@,Florida,W,2,20
South Florida,2014-11-15,10,@,Southern Methodist,W,1,13
Stanford,2014-11-15,10,,Utah,L,3,20
Temple,2014-11-15,10,@,Penn State,L,3,30
Tennessee,2014-11-15,10,,Kentucky,W,1,16
Texas,2014-11-15,11,@,Oklahoma State,W,1,7
Texas A&M,2014-11-15,11,,Missouri,L,4,34
Texas Christian,2014-11-15,10,@,Kansas,W,4,30
Texas State,2014-11-15,10,@,South Alabama,L,3,24
Texas Tech,2014-11-15,10,,Oklahoma,L,6,42
Troy,2014-11-15,11,@,Idaho,W,2,17
Tulane,2014-11-15,10,,Memphis,L,5,38
UNLV,2014-11-15,11,@,Brigham Young,L,6,42
Utah,2014-11-15,10,@,Stanford,W,2,17
Utah State,2014-11-15,11,,New Mexico,W,3,21
UTEP,2014-11-15,10,,North Texas,W,2,17
Virginia Tech,2014-11-15,10,@,Duke,W,1,16
Wake Forest,2014-11-15,10,@,North Carolina State,L,6,42
Washington,2014-11-15,11,@,Arizona,L,3,27
Western Kentucky,2014-11-15,10,,Army,W,3,24
Western Michigan,2014-11-15,10,,Eastern Michigan,W,1,7
Wisconsin,2014-11-15,10,,Nebraska,W,3,24
Akron,2014-11-18,11,,Massachusetts,W,1,6
Massachusetts,2014-11-18,11,@,Akron,L,3,30
Northern Illinois,2014-11-18,11,@,Ohio,W,2,14
Ohio,2014-11-18,11,,Northern Illinois,L,3,21
Bowling Green State,2014-11-19,11,@,Toledo,L,4,27
Toledo,2014-11-19,11,,Bowling Green State,W,2,20
Arkansas State,2014-11-20,11,@,Texas State,L,6,45
Duke,2014-11-20,11,,North Carolina,L,6,45
Kansas State,2014-11-20,10,@,West Virginia,W,2,20
North Carolina,2014-11-20,11,@,Duke,W,3,20
Texas State,2014-11-20,11,,Arkansas State,W,3,27
West Virginia,2014-11-20,11,,Kansas State,L,2,26
Air Force,2014-11-21,11,@,San Diego State,L,3,30
Rice,2014-11-21,11,,Texas-El Paso,W,1,13
San Diego State,2014-11-21,11,,Air Force,W,2,14
San Jose State,2014-11-21,11,@,Utah State,L,6,41
Utah State,2014-11-21,12,,San Jose State,W,1,7
UTEP,2014-11-21,11,@,Rice,L,4,31
Alabama,2014-11-22,11,,Western Carolina,W,2,14
Appalachian State,2014-11-22,11,@,Louisiana,W,1,16
Arizona,2014-11-22,11,@,Utah,W,1,10
Arizona State,2014-11-22,11,,Washington State,W,4,31
Arkansas,2014-11-22,11,,Mississippi,W,0,0
Army,2014-11-22,11,,Fordham,W,4,31
Auburn,2014-11-22,11,,Samford,W,1,7
Ball State,2014-11-22,11,,Eastern Michigan,W,3,30
Baylor,2014-11-22,10,,Oklahoma State,W,4,28
Boise State,2014-11-22,11,@,Wyoming,W,2,14
Boston College,2014-11-22,11,@,Florida State,L,2,20
Brigham Young,2014-11-22,11,,Savannah State,W,0,0
California,2014-11-22,11,,Stanford,L,5,38
Central Michigan,2014-11-22,12,,Western Michigan,L,4,32
Cincinnati,2014-11-22,10,@,Connecticut,W,0,0
Clemson,2014-11-22,11,,Georgia State,W,0,0
Colorado,2014-11-22,11,@,Oregon,L,6,44
Colorado State,2014-11-22,11,,New Mexico,W,3,20
Connecticut,2014-11-22,10,,Cincinnati,L,5,41
East Carolina,2014-11-22,10,,Tulane,W,0,6
Eastern Michigan,2014-11-22,11,@,Ball State,L,6,45
Florida,2014-11-22,11,,Eastern Kentucky,W,0,3
Florida Atlantic,2014-11-22,11,@,Middle Tennessee State,L,5,35
Florida International,2014-11-22,12,@,North Texas,L,2,17
Florida State,2014-11-22,11,,Boston College,W,2,17
Fresno State,2014-11-22,11,@,Nevada,W,3,20
Georgia,2014-11-22,11,,Charleston Southern,W,1,9
Georgia State,2014-11-22,11,@,Clemson,L,4,28
Hawaii,2014-11-22,12,,Nevada-Las Vegas,W,5,35
Houston,2014-11-22,10,,Tulsa,W,4,28
Illinois,2014-11-22,11,,Penn State,W,2,14
Indiana,2014-11-22,11,@,Ohio State,L,6,42
Iowa,2014-11-22,11,,Wisconsin,L,3,26
Iowa State,2014-11-22,10,,Texas Tech,L,5,34
Kansas,2014-11-22,11,@,Oklahoma,L,5,44
Louisiana,2014-11-22,11,,Appalachian State,L,5,35
Louisiana Tech,2014-11-22,11,@,Old Dominion,L,4,30
Louisiana-Monroe,2014-11-22,11,@,New Mexico State,W,2,17
Louisville,2014-11-22,11,@,Notre Dame,W,3,28
Marshall,2014-11-22,11,@,Alabama-Birmingham,W,2,18
Maryland,2014-11-22,11,@,Michigan,W,1,16
Memphis,2014-11-22,11,,South Florida,W,2,20
Miami (FL),2014-11-22,11,@,Virginia,L,3,30
Michigan,2014-11-22,11,,Maryland,L,2,23
Michigan State,2014-11-22,11,,Rutgers,W,0,3
Middle Tennessee State,2014-11-22,11,,Florida Atlantic,W,4,34
Minnesota,2014-11-22,11,@,Nebraska,W,3,24
Mississippi State,2014-11-22,11,,Vanderbilt,W,0,0
Missouri,2014-11-22,11,@,Tennessee,W,2,21
Nebraska,2014-11-22,11,,Minnesota,L,4,28
Nevada,2014-11-22,11,,Fresno State,L,5,40
New Mexico,2014-11-22,11,@,Colorado State,L,8,58
New Mexico State,2014-11-22,11,,Louisiana-Monroe,L,3,30
North Texas,2014-11-22,11,,Florida International,W,2,14
Northwestern,2014-11-22,11,@,Purdue,W,2,14
Notre Dame,2014-11-22,11,,Louisville,L,4,31
Ohio State,2014-11-22,11,,Indiana,W,3,27
Oklahoma,2014-11-22,11,,Kansas,W,1,7
Oklahoma State,2014-11-22,11,@,Baylor,L,7,49
Old Dominion,2014-11-22,11,,Louisiana Tech,W,3,27
Ole Miss,2014-11-22,11,@,Arkansas,L,3,30
Oregon,2014-11-22,11,,Colorado,W,1,10
Oregon State,2014-11-22,11,@,Washington,L,4,37
Penn State,2014-11-22,11,@,Illinois,L,1,16
Pitt,2014-11-22,11,,Syracuse,W,1,7
Purdue,2014-11-22,11,,Northwestern,L,5,38
Rutgers,2014-11-22,11,@,Michigan State,L,6,45
SMU,2014-11-22,10,@,Central Florida,L,6,53
South Alabama,2014-11-22,11,@,South Carolina,L,4,37
South Carolina,2014-11-22,11,,South Alabama,W,0,12
South Florida,2014-11-22,11,@,Memphis,L,4,31
Stanford,2014-11-22,11,@,California,W,2,17
Syracuse,2014-11-22,11,@,Pittsburgh,L,3,30
Tennessee,2014-11-22,11,,Missouri,L,4,29
Texas Tech,2014-11-22,11,@,Iowa State,W,4,31
Tulane,2014-11-22,11,@,East Carolina,L,4,34
Tulsa,2014-11-22,11,@,Houston,L,5,38
UAB,2014-11-22,11,,Marshall,L,3,23
UCF,2014-11-22,10,,Southern Methodist,W,1,7
UCLA,2014-11-22,11,,Southern California,W,3,20
UNLV,2014-11-22,12,@,Hawaii,L,5,37
USC,2014-11-22,11,@,UCLA,L,5,38
Utah,2014-11-22,11,,Arizona,L,6,42
UTSA,2014-11-22,11,@,Western Kentucky,L,6,45
Vanderbilt,2014-11-22,11,@,Mississippi State,L,7,51
Virginia,2014-11-22,11,,Miami (FL),W,2,13
Virginia Tech,2014-11-22,11,@,Wake Forest,L,0,6
Wake Forest,2014-11-22,11,,Virginia Tech,W,0,3
Washington,2014-11-22,12,,Oregon State,W,2,13
Washington State,2014-11-22,11,@,Arizona State,L,7,52
Western Kentucky,2014-11-22,11,,Texas-San Antonio,W,1,7
Western Michigan,2014-11-22,11,@,Central Michigan,W,2,20
Wisconsin,2014-11-22,11,@,Iowa,W,3,24
Wyoming,2014-11-22,11,,Boise State,L,9,63
Miami (OH),2014-11-25,12,,Ohio,L,3,24
Ohio,2014-11-25,12,@,Miami (OH),W,3,21
LSU,2014-11-27,12,@,Texas A&M,W,2,17
Texas,2014-11-27,12,,Texas Christian,L,6,48
Texas A&M,2014-11-27,12,,Louisiana State,L,2,23
Texas Christian,2014-11-27,11,@,Texas,W,1,10
Air Force,2014-11-28,12,,Colorado State,W,3,24
Akron,2014-11-28,12,@,Kent State,L,4,27
Arizona,2014-11-28,12,,Arizona State,W,5,35
Arizona State,2014-11-28,12,@,Arizona,L,6,42
Arkansas,2014-11-28,12,@,Missouri,L,2,21
Ball State,2014-11-28,12,@,Bowling Green State,W,3,24
Bowling Green State,2014-11-28,12,,Ball State,L,5,41
Buffalo,2014-11-28,12,@,Massachusetts,W,3,21
Colorado State,2014-11-28,12,@,Air Force,L,3,27
East Carolina,2014-11-28,11,@,Tulsa,W,4,32
Eastern Michigan,2014-11-28,12,,Toledo,L,7,52
Houston,2014-11-28,11,@,Southern Methodist,W,1,9
Iowa,2014-11-28,12,,Nebraska,L,5,37
Kent State,2014-11-28,12,,Akron,W,3,24
Marshall,2014-11-28,12,,Western Kentucky,L,9,67
Massachusetts,2014-11-28,12,,Buffalo,L,6,41
Missouri,2014-11-28,12,,Arkansas,W,2,14
Navy,2014-11-28,11,@,South Alabama,W,5,40
Nebraska,2014-11-28,12,@,Iowa,W,4,34
Northern Illinois,2014-11-28,12,@,Western Michigan,W,2,21
SMU,2014-11-28,11,,Houston,L,5,35
South Alabama,2014-11-28,12,,Navy,L,6,42
South Florida,2014-11-28,12,,Central Florida,L,2,16
Stanford,2014-11-28,12,@,UCLA,W,1,10
Toledo,2014-11-28,12,@,Eastern Michigan,W,2,16
Tulsa,2014-11-28,12,,East Carolina,L,7,49
UCF,2014-11-28,11,@,South Florida,W,0,0
UCLA,2014-11-28,12,,Stanford,L,4,31
Virginia,2014-11-28,12,@,Virginia Tech,L,3,24
Virginia Tech,2014-11-28,12,,Virginia,W,2,20
Western Kentucky,2014-11-28,12,@,Marshall,W,9,66
Western Michigan,2014-11-28,12,,Northern Illinois,L,4,31
Alabama,2014-11-29,12,,Auburn,W,4,44
Appalachian State,2014-11-29,12,,Idaho,W,4,28
Arkansas State,2014-11-29,12,,New Mexico State,W,5,35
Auburn,2014-11-29,12,@,Alabama,L,8,55
Baylor,2014-11-29,11,N,Texas Tech,W,6,46
Boise State,2014-11-29,12,,Utah State,W,2,19
Boston College,2014-11-29,12,,Syracuse,W,1,7
Brigham Young,2014-11-29,12,@,California,W,5,35
California,2014-11-29,12,,Brigham Young,L,6,42
Cincinnati,2014-11-29,11,@,Temple,W,0,6
Clemson,2014-11-29,12,,South Carolina,W,2,17
Colorado,2014-11-29,12,,Utah,L,5,38
Connecticut,2014-11-29,11,@,Memphis,L,5,41
Duke,2014-11-29,12,,Wake Forest,W,3,21
Florida,2014-11-29,12,@,Florida State,L,3,24
Florida Atlantic,2014-11-29,12,,Old Dominion,L,4,31
Florida State,2014-11-29,12,,Florida,W,1,19
Fresno State,2014-11-29,12,,Hawaii,W,3,21
Georgia,2014-11-29,12,,Georgia Tech,L,4,30
Georgia Southern,2014-11-29,12,,Louisiana-Monroe,W,2,16
Georgia State,2014-11-29,12,,Texas State,L,6,54
Georgia Tech,2014-11-29,12,@,Georgia,W,3,24
Hawaii,2014-11-29,13,@,Fresno State,L,4,28
Idaho,2014-11-29,12,@,Appalachian State,L,6,45
Illinois,2014-11-29,12,@,Northwestern,W,4,33
Indiana,2014-11-29,12,,Purdue,W,1,16
Iowa State,2014-11-29,11,,West Virginia,L,4,37
Kansas,2014-11-29,12,@,Kansas State,L,6,51
Kansas State,2014-11-29,11,,Kansas,W,2,13
Kentucky,2014-11-29,12,@,Louisville,L,6,44
Louisiana,2014-11-29,12,@,Troy,W,3,23
Louisiana Tech,2014-11-29,12,,Rice,W,4,31
Louisiana-Monroe,2014-11-29,12,@,Georgia Southern,L,3,22
Louisville,2014-11-29,12,,Kentucky,W,4,40
Maryland,2014-11-29,12,,Rutgers,L,5,41
Memphis,2014-11-29,12,,Connecticut,W,1,10
Miami (FL),2014-11-29,12,,Pittsburgh,L,5,35
Michigan,2014-11-29,12,@,Ohio State,L,6,42
Michigan State,2014-11-29,12,@,Penn State,W,1,10
Middle Tennessee State,2014-11-29,12,@,Texas-El Paso,L,3,24
Minnesota,2014-11-29,12,@,Wisconsin,L,4,34
Mississippi State,2014-11-29,12,@,Mississippi,L,4,31
Nevada,2014-11-29,12,@,Nevada-Las Vegas,W,3,27
New Mexico,2014-11-29,12,,Wyoming,W,3,30
New Mexico State,2014-11-29,12,@,Arkansas State,L,10,68
North Carolina,2014-11-29,12,,North Carolina State,L,5,35
North Carolina State,2014-11-29,12,@,North Carolina,W,1,7
North Texas,2014-11-29,12,@,Texas-San Antonio,L,5,34
Northwestern,2014-11-29,12,,Illinois,L,6,47
Notre Dame,2014-11-29,12,@,Southern California,L,7,49
Ohio State,2014-11-29,12,,Michigan,W,4,28
Old Dominion,2014-11-29,12,@,Florida Atlantic,W,4,28
Ole Miss,2014-11-29,12,,Mississippi State,W,2,17
Oregon,2014-11-29,12,@,Oregon State,W,2,19
Oregon State,2014-11-29,12,,Oregon,L,6,47
Penn State,2014-11-29,12,,Michigan State,L,4,34
Pitt,2014-11-29,12,@,Miami (FL),W,2,23
Purdue,2014-11-29,12,@,Indiana,L,2,23
Rice,2014-11-29,12,@,Louisiana Tech,L,11,76
Rutgers,2014-11-29,12,@,Maryland,W,5,38
San Diego State,2014-11-29,12,,San Jose State,W,1,7
San Jose State,2014-11-29,12,@,San Diego State,L,5,38
South Carolina,2014-11-29,12,@,Clemson,L,5,35
Southern Mississippi,2014-11-29,12,,Alabama-Birmingham,L,6,45
Syracuse,2014-11-29,12,@,Boston College,L,4,28
Temple,2014-11-29,11,,Cincinnati,L,2,14
Tennessee,2014-11-29,12,@,Vanderbilt,W,2,17
Texas State,2014-11-29,12,@,Georgia State,W,4,31
Texas Tech,2014-11-29,12,N,Baylor,L,6,48
Troy,2014-11-29,12,,Louisiana,L,6,42
UAB,2014-11-29,12,@,Southern Mississippi,W,3,24
UNLV,2014-11-29,13,,Nevada,L,7,49
USC,2014-11-29,12,,Notre Dame,W,2,14
Utah,2014-11-29,12,@,Colorado,W,4,34
Utah State,2014-11-29,13,@,Boise State,L,7,50
UTEP,2014-11-29,12,,Middle Tennessee State,W,3,21
UTSA,2014-11-29,12,,North Texas,W,2,27
Vanderbilt,2014-11-29,12,,Tennessee,L,3,24
Wake Forest,2014-11-29,12,@,Duke,L,5,41
Washington,2014-11-29,13,@,Washington State,W,2,13
Washington State,2014-11-29,12,,Washington,L,4,31
West Virginia,2014-11-29,12,@,Iowa State,W,3,24
Wisconsin,2014-11-29,12,,Minnesota,W,3,24
Wyoming,2014-11-29,12,@,New Mexico,L,5,36
East Carolina,2014-12-04,12,,Central Florida,L,3,32
UCF,2014-12-04,12,@,East Carolina,W,4,30
Arizona,2014-12-05,13,N,Oregon,L,6,51
Bowling Green State,2014-12-05,13,N,Northern Illinois,L,6,51
Northern Illinois,2014-12-05,13,N,Bowling Green State,W,2,17
Oregon,2014-12-05,13,N,Arizona,W,2,13
Alabama,2014-12-06,13,N,Missouri,W,1,13
Baylor,2014-12-06,12,,Kansas State,W,3,27
Boise State,2014-12-06,13,,Fresno State,W,2,14
Cincinnati,2014-12-06,12,N,Houston,W,4,31
Connecticut,2014-12-06,12,,Southern Methodist,L,3,27
Florida State,2014-12-06,13,N,Georgia Tech,W,5,35
Fresno State,2014-12-06,13,@,Boise State,L,4,28
Georgia Tech,2014-12-06,13,N,Florida State,L,4,37
Houston,2014-12-06,12,N,Cincinnati,L,5,38
Iowa State,2014-12-06,12,@,Texas Christian,L,7,55
Kansas State,2014-12-06,12,@,Baylor,L,5,38
Louisiana Tech,2014-12-06,13,@,Marshall,L,2,26
Marshall,2014-12-06,13,,Louisiana Tech,W,3,23
Missouri,2014-12-06,13,N,Alabama,L,6,42
Ohio State,2014-12-06,13,N,Wisconsin,W,0,0
Oklahoma,2014-12-06,12,,Oklahoma State,L,5,38
Oklahoma State,2014-12-06,12,@,Oklahoma,W,5,35
SMU,2014-12-06,12,@,Connecticut,W,3,20
Temple,2014-12-06,12,@,Tulane,W,0,3
Texas Christian,2014-12-06,12,,Iowa State,W,0,3
Tulane,2014-12-06,12,,Temple,L,1,10
Wisconsin,2014-12-06,13,N,Ohio State,L,8,59
Army,2014-12-13,12,N,Navy,L,2,17
Navy,2014-12-13,12,N,Army,W,1,10
Air Force,2014-12-20,13,N,Western Michigan,W,3,24
Bowling Green State,2014-12-20,14,N,South Alabama,W,4,28
Colorado State,2014-12-20,13,N,Utah,L,6,45
Louisiana,2014-12-20,13,N,Nevada,W,0,3
Nevada,2014-12-20,13,N,Louisiana,L,1,16
South Alabama,2014-12-20,13,N,Bowling Green State,L,4,33
Utah,2014-12-20,13,N,Colorado State,W,1,10
Utah State,2014-12-20,14,N,Texas-El Paso,W,0,6
UTEP,2014-12-20,13,N,Utah State,L,3,21
Western Michigan,2014-12-20,13,N,Air Force,L,5,38
Brigham Young,2014-12-22,13,N,Memphis,L,7,55
Memphis,2014-12-22,13,N,Brigham Young,W,6,48
Marshall,2014-12-23,14,N,Northern Illinois,W,2,23
Navy,2014-12-23,13,N,San Diego State,W,1,16
Northern Illinois,2014-12-23,14,N,Marshall,L,7,52
San Diego State,2014-12-23,13,N,Navy,L,2,17
Central Michigan,2014-12-24,13,N,Western Kentucky,L,7,49
Fresno State,2014-12-24,14,N,Rice,L,4,30
Rice,2014-12-24,13,N,Fresno State,W,0,6
Western Kentucky,2014-12-24,13,N,Central Michigan,W,7,48
Illinois,2014-12-26,13,N,Louisiana Tech,L,5,35
Louisiana Tech,2014-12-26,14,N,Illinois,W,2,18
North Carolina,2014-12-26,13,N,Rutgers,L,5,40
North Carolina State,2014-12-26,13,N,Central Florida,W,3,27
Rutgers,2014-12-26,13,N,North Carolina,W,3,21
UCF,2014-12-26,13,N,North Carolina State,L,4,34
Arizona State,2014-12-27,13,N,Duke,W,3,31
Boston College,2014-12-27,13,N,Penn State,L,4,31
Cincinnati,2014-12-27,13,N,Virginia Tech,L,3,33
Duke,2014-12-27,13,N,Arizona State,L,4,36
Miami (FL),2014-12-27,13,N,South Carolina,L,3,24
Nebraska,2014-12-27,13,N,Southern California,L,6,45
Penn State,2014-12-27,13,N,Boston College,W,4,30
South Carolina,2014-12-27,13,N,Miami (FL),W,2,21
USC,2014-12-27,13,N,Nebraska,W,5,42
Virginia Tech,2014-12-27,13,N,Cincinnati,W,2,17
Arkansas,2014-12-29,13,N,Texas,W,1,7
Clemson,2014-12-29,13,N,Oklahoma,W,1,6
Oklahoma,2014-12-29,13,N,Clemson,L,5,40
Texas,2014-12-29,13,N,Arkansas,L,4,31
Texas A&M,2014-12-29,13,N,West Virginia,W,4,37
West Virginia,2014-12-29,13,N,Texas A&M,L,6,45
Georgia,2014-12-30,13,N,Louisville,W,2,14
Louisville,2014-12-30,13,N,Georgia,L,4,37
LSU,2014-12-30,13,N,Notre Dame,L,4,31
Maryland,2014-12-30,13,N,Stanford,L,6,45
Notre Dame,2014-12-30,13,N,Louisiana State,W,4,28
Stanford,2014-12-30,13,N,Maryland,W,3,21
Arizona,2014-12-31,14,N,Boise State,L,5,38
Boise State,2014-12-31,14,N,Arizona,W,3,30
Georgia Tech,2014-12-31,14,N,Mississippi State,W,4,34
Mississippi State,2014-12-31,13,N,Georgia Tech,L,7,49
Ole Miss,2014-12-31,13,N,Texas Christian,L,6,42
Texas Christian,2014-12-31,13,N,Mississippi,W,0,3
Alabama,2015-01-01,14,N,Ohio State,L,5,42
Auburn,2015-01-01,13,N,Wisconsin,L,4,34
Baylor,2015-01-01,13,N,Michigan State,L,6,42
Florida State,2015-01-01,14,N,Oregon,L,8,59
Michigan State,2015-01-01,13,N,Baylor,W,5,41
Minnesota,2015-01-01,13,N,Missouri,L,4,33
Missouri,2015-01-01,14,N,Minnesota,W,2,17
Ohio State,2015-01-01,14,N,Alabama,W,5,35
Oregon,2015-01-01,14,N,Florida State,W,2,20
Wisconsin,2015-01-01,14,N,Auburn,W,4,31
Houston,2015-01-02,13,N,Pittsburgh,W,4,34
Iowa,2015-01-02,13,N,Tennessee,L,6,45
Kansas State,2015-01-02,13,N,UCLA,L,5,40
Oklahoma State,2015-01-02,13,N,Washington,W,3,22
Pitt,2015-01-02,13,N,Houston,L,5,35
Tennessee,2015-01-02,13,N,Iowa,W,4,28
UCLA,2015-01-02,13,N,Kansas State,W,4,35
Washington,2015-01-02,14,N,Oklahoma State,L,3,30
East Carolina,2015-01-03,13,N,Florida,L,4,28
Florida,2015-01-03,13,N,East Carolina,W,2,20
Arkansas State,2015-01-04,13,N,Toledo,L,9,63
Toledo,2015-01-04,13,N,Arkansas State,W,6,44
Ohio State,2015-01-12,15,N,Oregon,W,2,20
Oregon,2015-01-12,15,N,Ohio State,L,6,42
