School,Date,G,Loc,Opponent,WL,Pass Comp,Pass Att,Comp Pct,Pass Yard,Pass TD,Rush Att,Rush Yard,Rush Avg,Rush TD,Fum,Pass Int,Turnovers
Brigham Young,2000-08-26,1,@,Florida State,L,18,46,39.1,227,0,24,-2,-0.1,0,0,3,3
Florida State,2000-08-26,1,,Brigham Young,W,32,51,62.7,318,2,36,57,1.6,2,1,0,1
Iowa,2000-08-26,1,@,Kansas State,L,10,26,38.5,76,0,30,80,2.7,1,0,1,1
Kansas State,2000-08-26,1,,Iowa,W,14,28,50.0,250,1,47,178,3.8,2,1,2,3
Louisiana Tech,2000-08-26,1,,Mississippi Valley State,W,29,34,85.3,362,4,37,190,5.1,5,2,1,3
New Mexico,2000-08-26,1,@,Texas Tech,L,6,18,33.3,52,0,52,115,2.2,0,2,1,3
Texas Tech,2000-08-26,1,,New Mexico,W,21,47,44.7,186,2,24,69,2.9,0,0,1,1
Penn State,2000-08-27,1,N,Southern California,L,10,30,33.3,136,0,22,6,0.3,0,0,1,1
USC,2000-08-27,1,N,Penn State,W,10,20,50.0,87,0,50,164,3.3,1,0,1,1
Arizona State,2000-08-31,1,@,San Diego State,W,18,42,42.9,160,1,40,110,2.8,0,0,1,1
Auburn,2000-08-31,1,,Wyoming,W,12,21,57.1,266,2,45,177,3.9,3,2,0,2
Baylor,2000-08-31,1,@,North Texas,W,18,30,60.0,218,0,36,107,3.0,1,0,0,0
Marshall,2000-08-31,1,,Southeast Missouri State,W,18,26,69.2,263,4,50,315,6.3,5,1,0,1
Miami (FL),2000-08-31,1,,McNeese State,W,22,37,59.5,341,4,30,287,9.6,3,1,0,1
North Texas,2000-08-31,1,,Baylor,L,11,20,55.0,159,0,37,106,2.9,1,2,2,4
Northern Illinois,2000-08-31,1,@,Northwestern,L,20,40,50.0,254,0,34,112,3.3,2,1,2,3
Northwestern,2000-08-31,1,,Northern Illinois,W,16,27,59.3,176,2,57,236,4.1,3,1,0,1
San Diego State,2000-08-31,1,,Arizona State,L,24,57,42.1,219,1,28,100,3.6,0,0,1,1
Wake Forest,2000-08-31,1,,Appalachian State,L,10,21,47.6,126,0,33,55,1.7,1,2,2,4
Western Michigan,2000-08-31,1,@,Wisconsin,L,20,39,51.3,243,1,20,-1,-0.1,0,1,1,2
Wisconsin,2000-08-31,1,,Western Michigan,W,6,11,54.5,96,0,57,156,2.7,1,0,0,0
Wyoming,2000-08-31,1,@,Auburn,L,20,36,55.6,213,3,27,29,1.1,0,0,1,1
Air Force,2000-09-02,1,,Cal State Northridge,W,11,20,55.0,115,0,74,583,7.9,7,0,1,1
Akron,2000-09-02,1,@,Virginia Tech,L,14,30,46.7,248,1,44,162,3.7,1,1,1,2
Alabama,2000-09-02,1,@,UCLA,L,11,30,36.7,119,0,30,146,4.9,1,2,1,3
Arizona,2000-09-02,1,@,Utah,W,3,15,20.0,11,0,39,135,3.5,1,0,0,0
Arkansas,2000-09-02,1,,Missouri State,W,20,29,69.0,249,2,49,183,3.7,3,0,0,0
Arkansas State,2000-09-02,1,@,North Carolina State,L,13,25,52.0,152,1,45,179,4.0,2,2,0,2
Ball State,2000-09-02,1,@,Florida,L,15,27,55.6,181,1,34,85,2.5,0,2,1,3
Boise State,2000-09-02,1,@,New Mexico,W,17,34,50.0,168,1,35,139,4.0,2,0,0,0
Boston College,2000-09-02,1,@,West Virginia,L,15,33,45.5,127,1,33,79,2.4,1,2,3,5
Bowling Green State,2000-09-02,1,@,Michigan,L,18,42,42.9,213,1,28,58,2.1,0,0,1,1
Brigham Young,2000-09-02,2,@,Virginia,W,34,42,81.0,447,2,34,93,2.7,3,1,2,3
Buffalo,2000-09-02,1,@,Syracuse,L,16,36,44.4,182,1,33,88,2.7,0,3,2,5
Central Michigan,2000-09-02,1,@,Purdue,L,16,28,57.1,150,0,38,65,1.7,0,3,0,3
Clemson,2000-09-02,1,,Citadel,W,21,33,63.6,222,3,48,236,4.9,2,0,0,0
Colorado,2000-09-02,1,N,Colorado State,L,25,39,64.1,308,1,45,224,5.0,2,0,0,0
Colorado State,2000-09-02,1,N,Colorado,W,19,30,63.3,327,4,28,65,2.3,0,0,2,2
Connecticut,2000-09-02,1,@,Eastern Michigan,L,23,49,46.9,340,3,25,62,2.5,0,1,1,2
Duke,2000-09-02,1,,East Carolina,L,10,25,40.0,96,0,31,44,1.4,0,0,3,3
East Carolina,2000-09-02,1,@,Duke,W,22,31,71.0,264,1,43,164,3.8,3,1,0,1
Eastern Michigan,2000-09-02,1,,Connecticut,W,21,35,60.0,205,1,45,150,3.3,3,2,0,2
Florida,2000-09-02,1,,Ball State,W,23,50,46.0,359,3,34,136,4.0,3,1,0,1
Fresno State,2000-09-02,1,@,Ohio State,L,31,51,60.8,285,1,27,87,3.2,0,2,4,6
Georgia,2000-09-02,1,,Georgia Southern,W,16,27,59.3,203,2,39,171,4.4,2,2,1,3
Georgia Tech,2000-09-02,1,,Central Florida,W,23,41,56.1,226,3,44,110,2.5,0,2,0,2
Houston,2000-09-02,1,@,Rice,L,32,47,68.1,349,2,29,45,1.6,1,2,1,3
Idaho,2000-09-02,1,@,Washington,L,23,30,76.7,256,2,33,145,4.4,1,4,1,5
Illinois,2000-09-02,1,,Middle Tennessee State,W,19,27,70.4,190,3,49,285,5.8,2,0,1,1
Iowa State,2000-09-02,1,,Ohio,W,16,30,53.3,196,0,40,204,5.1,3,0,1,1
Kansas,2000-09-02,1,@,Southern Methodist,L,16,42,38.1,210,1,32,81,2.5,1,3,0,3
Kansas State,2000-09-02,2,,Louisiana Tech,W,13,23,56.5,233,3,41,267,6.5,2,2,0,2
Kent State,2000-09-02,1,@,Pittsburgh,L,18,32,56.3,205,1,35,83,2.4,0,0,2,2
Kentucky,2000-09-02,1,@,Louisville,L,22,34,64.7,322,3,21,95,4.5,1,2,3,5
Louisiana,2000-09-02,1,,Sam Houston State,L,9,24,37.5,90,1,44,150,3.4,1,1,0,1
Louisiana Tech,2000-09-02,2,@,Kansas State,L,33,54,61.1,319,1,29,72,2.5,0,1,4,5
Louisiana-Monroe,2000-09-02,1,@,Minnesota,L,17,32,53.1,173,0,33,59,1.8,1,2,0,2
Louisville,2000-09-02,1,,Kentucky,W,23,30,76.7,256,3,48,186,3.9,3,4,0,4
LSU,2000-09-02,1,,Western Carolina,W,23,28,82.1,485,5,43,195,4.5,3,0,0,0
Memphis,2000-09-02,1,,Mississippi State,L,10,34,29.4,81,0,41,87,2.1,0,3,2,5
Miami (OH),2000-09-02,1,@,Vanderbilt,W,24,42,57.1,358,4,28,71,2.5,0,1,1,2
Michigan,2000-09-02,1,,Bowling Green State,W,15,19,78.9,265,4,53,289,5.5,2,2,0,2
Middle Tennessee State,2000-09-02,1,@,Illinois,L,25,40,62.5,262,0,35,207,5.9,0,0,2,2
Minnesota,2000-09-02,1,,Louisiana-Monroe,W,18,28,64.3,258,3,46,172,3.7,3,0,0,0
Mississippi State,2000-09-02,1,@,Memphis,W,10,20,50.0,82,0,35,45,1.3,2,1,1,2
Missouri,2000-09-02,1,,Western Illinois,W,11,26,42.3,166,3,43,137,3.2,3,1,1,2
Navy,2000-09-02,1,,Temple,L,6,13,46.2,75,0,30,73,2.4,1,0,0,0
Nebraska,2000-09-02,1,,San Jose State,W,5,13,38.5,91,1,60,505,8.4,6,0,3,3
Nevada,2000-09-02,1,@,Oregon,L,8,30,26.7,106,1,34,-3,-0.1,0,0,3,3
New Mexico,2000-09-02,2,,Boise State,L,12,26,46.2,122,0,44,156,3.5,2,0,2,2
New Mexico State,2000-09-02,1,@,South Carolina,L,8,19,42.1,76,0,46,121,2.6,0,1,2,3
North Carolina,2000-09-02,1,,Tulsa,W,16,30,53.3,242,1,44,173,3.9,2,2,0,2
North Carolina State,2000-09-02,1,,Arkansas State,W,29,57,50.9,397,3,35,142,4.1,2,3,0,3
Notre Dame,2000-09-02,1,,Texas A&M,W,10,16,62.5,133,2,49,194,4.0,1,0,0,0
Ohio,2000-09-02,1,@,Iowa State,L,9,25,36.0,130,1,41,179,4.4,1,2,2,4
Ohio State,2000-09-02,1,,Fresno State,W,11,20,55.0,166,2,50,223,4.5,0,1,0,1
Oklahoma,2000-09-02,1,,Texas-El Paso,W,19,39,48.7,287,2,33,122,3.7,4,2,1,3
Ole Miss,2000-09-02,1,,Tulane,W,19,31,61.3,306,3,35,118,3.4,3,0,0,0
Oregon,2000-09-02,1,,Nevada,W,12,27,44.4,231,0,42,225,5.4,4,1,1,2
Oregon State,2000-09-02,1,,Eastern Washington,W,13,29,44.8,132,0,49,194,4.0,3,2,2,4
Penn State,2000-09-02,2,,Toledo,L,10,24,41.7,136,1,27,30,1.1,0,1,0,1
Pitt,2000-09-02,1,,Kent State,W,13,26,50.0,293,3,32,119,3.7,0,0,0,0
Purdue,2000-09-02,1,,Central Michigan,W,26,45,57.8,336,3,40,145,3.6,3,0,0,0
Rice,2000-09-02,1,,Houston,W,5,16,31.3,85,0,61,198,3.2,2,2,0,2
Rutgers,2000-09-02,1,,Villanova,W,27,44,61.4,323,5,32,46,1.4,0,0,1,1
San Jose State,2000-09-02,1,@,Nebraska,L,14,37,37.8,153,2,29,193,6.7,0,0,1,1
SMU,2000-09-02,1,,Kansas,W,14,25,56.0,164,2,44,151,3.4,2,0,1,1
South Carolina,2000-09-02,1,,New Mexico State,W,14,26,53.8,149,0,39,204,5.2,3,2,1,3
South Florida,2000-09-02,1,,Jacksonville State,W,19,30,63.3,224,2,50,289,5.8,2,1,1,2
Southern Mississippi,2000-09-02,1,@,Tennessee,L,22,30,73.3,232,2,31,71,2.3,0,2,0,2
Stanford,2000-09-02,1,@,Washington State,W,17,28,60.7,256,2,38,118,3.1,1,1,0,1
Syracuse,2000-09-02,1,,Buffalo,W,6,9,66.7,82,1,50,298,6.0,6,0,1,1
Temple,2000-09-02,1,@,Navy,W,17,27,63.0,188,0,58,231,4.0,2,2,0,2
Tennessee,2000-09-02,1,,Southern Mississippi,W,13,25,52.0,125,2,40,145,3.6,0,0,1,1
Texas A&M,2000-09-02,1,@,Notre Dame,L,16,28,57.1,165,0,37,90,2.4,1,0,1,1
Texas Tech,2000-09-02,2,,Utah State,W,37,57,64.9,505,3,28,77,2.8,1,0,1,1
Toledo,2000-09-02,1,@,Penn State,W,18,28,64.3,140,1,54,245,4.5,2,0,0,0
Tulane,2000-09-02,1,@,Mississippi,L,17,39,43.6,204,1,35,120,3.4,1,0,1,1
Tulsa,2000-09-02,1,@,North Carolina,L,17,38,44.7,214,1,27,19,0.7,0,1,0,1
UCF,2000-09-02,1,@,Georgia Tech,L,16,31,51.6,247,1,26,8,0.3,1,1,1,2
UCLA,2000-09-02,1,,Alabama,W,15,27,55.6,225,2,57,171,3.0,3,0,1,1
Utah,2000-09-02,1,,Arizona,L,21,51,41.2,310,0,39,60,1.5,0,3,2,5
Utah State,2000-09-02,1,@,Texas Tech,L,16,35,45.7,153,2,28,147,5.3,0,2,1,3
UTEP,2000-09-02,1,@,Oklahoma,L,21,42,50.0,217,1,38,125,3.3,1,5,2,7
Vanderbilt,2000-09-02,1,,Miami (OH),L,18,25,72.0,307,2,32,56,1.8,2,0,0,0
Virginia,2000-09-02,1,,Brigham Young,L,13,23,56.5,217,1,42,270,6.4,4,0,1,1
Virginia Tech,2000-09-02,1,,Akron,W,9,16,56.3,214,2,48,335,7.0,4,3,1,4
Washington,2000-09-02,1,,Idaho,W,17,31,54.8,235,1,44,239,5.4,4,0,1,1
Washington State,2000-09-02,1,,Stanford,L,20,36,55.6,161,0,36,91,2.5,0,0,2,2
West Virginia,2000-09-02,1,,Boston College,W,7,19,36.8,166,0,53,189,3.6,2,0,0,0
Army,2000-09-04,1,@,Cincinnati,L,14,29,48.3,123,1,34,120,3.5,1,1,1,2
Cincinnati,2000-09-04,1,,Army,W,18,29,62.1,239,1,51,198,3.9,1,0,2,2
East Carolina,2000-09-07,2,,Virginia Tech,L,23,47,48.9,331,2,39,87,2.2,1,0,3,3
UAB,2000-09-07,1,,Chattanooga,W,13,28,46.4,223,1,38,177,4.7,2,3,2,5
Virginia Tech,2000-09-07,2,@,East Carolina,W,9,16,56.3,106,1,36,205,5.7,3,1,0,1
Air Force,2000-09-09,2,,Brigham Young,W,11,16,68.8,203,4,53,186,3.5,0,0,0,0
Akron,2000-09-09,2,@,Central Michigan,L,8,24,33.3,68,0,39,184,4.7,1,0,2,2
Alabama,2000-09-09,2,,Vanderbilt,W,6,15,40.0,57,0,42,292,7.0,3,0,0,0
Arizona,2000-09-09,2,,Ohio State,L,11,23,47.8,137,1,39,57,1.5,1,1,0,1
Arkansas State,2000-09-09,2,@,Oklahoma,L,21,33,63.6,191,0,21,84,4.0,1,0,1,1
Army,2000-09-09,2,,Boston College,L,20,38,52.6,193,1,39,161,4.1,1,0,3,3
Auburn,2000-09-09,2,@,Mississippi,W,13,26,50.0,160,0,51,261,5.1,5,1,0,1
Ball State,2000-09-09,2,,Western Illinois,L,16,33,48.5,156,2,36,165,4.6,0,1,4,5
Boise State,2000-09-09,2,,Northern Iowa,W,17,26,65.4,351,3,37,238,6.4,3,0,2,2
Boston College,2000-09-09,2,@,Army,W,20,30,66.7,335,3,48,252,5.3,3,0,0,0
Bowling Green State,2000-09-09,2,,Pittsburgh,L,19,39,48.7,197,1,39,35,0.9,1,1,1,2
Brigham Young,2000-09-09,3,@,Air Force,L,18,40,45.0,235,1,26,125,4.8,1,2,1,3
Buffalo,2000-09-09,2,@,Rutgers,L,24,45,53.3,223,0,37,-7,-0.2,0,3,1,4
California,2000-09-09,1,,Utah,W,18,28,64.3,209,1,45,120,2.7,2,2,1,3
Central Michigan,2000-09-09,2,,Akron,W,9,19,47.4,173,1,50,171,3.4,1,0,0,0
Cincinnati,2000-09-09,2,,Syracuse,W,16,35,45.7,188,0,35,155,4.4,0,2,0,2
Clemson,2000-09-09,2,,Missouri,W,15,24,62.5,275,2,50,206,4.1,6,1,0,1
Colorado,2000-09-09,2,@,Southern California,L,17,27,63.0,231,2,38,137,3.6,0,1,0,1
Colorado State,2000-09-09,2,,East Tennessee State,W,22,34,64.7,219,1,43,297,6.9,5,1,1,2
Connecticut,2000-09-09,2,,Colgate,W,25,36,69.4,327,2,34,83,2.4,3,0,0,0
Duke,2000-09-09,2,@,Northwestern,L,11,32,34.4,130,0,32,44,1.4,0,0,4,4
Eastern Michigan,2000-09-09,2,,Miami (OH),L,23,43,53.5,228,1,32,135,4.2,1,0,1,1
Florida,2000-09-09,2,,Middle Tennessee State,W,26,41,63.4,299,4,30,158,5.3,1,2,1,3
Florida State,2000-09-09,2,@,Georgia Tech,W,26,40,65.0,463,2,34,73,2.1,1,1,1,2
Fresno State,2000-09-09,2,@,UCLA,L,20,33,60.6,249,3,23,26,1.1,0,1,0,1
Georgia,2000-09-09,2,@,South Carolina,L,10,24,41.7,108,0,28,94,3.4,1,0,5,5
Georgia Tech,2000-09-09,2,,Florida State,L,22,37,59.5,219,1,34,79,2.3,1,0,0,0
Hawaii,2000-09-09,1,,Portland State,L,28,57,49.1,367,2,20,53,2.7,0,1,2,3
Houston,2000-09-09,2,@,Louisiana State,L,29,54,53.7,354,2,27,84,3.1,0,2,2,4
Idaho,2000-09-09,2,,Montana,L,31,47,66.0,303,4,39,131,3.4,1,0,3,3
Illinois,2000-09-09,2,@,San Diego State,W,19,26,73.1,158,3,44,259,5.9,4,2,0,2
Indiana,2000-09-09,1,,North Carolina State,L,14,27,51.9,240,2,44,236,5.4,3,1,0,1
Iowa,2000-09-09,2,,Western Michigan,L,23,34,67.6,314,2,31,49,1.6,0,2,0,2
Iowa State,2000-09-09,2,,Nevada-Las Vegas,W,16,31,51.6,286,2,42,150,3.6,1,0,1,1
Kent State,2000-09-09,2,@,Purdue,L,20,30,66.7,190,1,33,129,3.9,0,1,0,1
Kentucky,2000-09-09,2,,South Florida,W,30,58,51.7,382,3,30,145,4.8,0,0,1,1
Louisiana,2000-09-09,2,@,Texas,L,17,34,50.0,183,0,42,68,1.6,0,0,2,2
Louisiana Tech,2000-09-09,3,@,Penn State,L,16,33,48.5,122,1,19,45,2.4,0,2,5,7
Louisiana-Monroe,2000-09-09,2,@,Memphis,L,17,43,39.5,132,0,19,44,2.3,0,1,2,3
Louisville,2000-09-09,2,,Grambling State,W,15,26,57.7,202,4,39,226,5.8,3,2,1,3
LSU,2000-09-09,2,,Houston,W,11,25,44.0,175,2,39,120,3.1,1,1,2,3
Marshall,2000-09-09,2,@,Michigan State,L,27,44,61.4,227,3,19,51,2.7,0,1,3,4
Maryland,2000-09-09,1,,Temple,W,11,23,47.8,154,0,36,100,2.8,2,3,0,3
Memphis,2000-09-09,2,,Louisiana-Monroe,W,13,24,54.2,98,0,46,180,3.9,4,2,0,2
Miami (FL),2000-09-09,2,@,Washington,L,15,34,44.1,215,1,33,158,4.8,3,3,0,3
Miami (OH),2000-09-09,2,@,Eastern Michigan,W,13,29,44.8,232,0,42,179,4.3,2,1,1,2
Michigan,2000-09-09,2,,Rice,W,13,19,68.4,166,3,49,230,4.7,2,0,0,0
Michigan State,2000-09-09,1,,Marshall,W,21,31,67.7,212,2,43,221,5.1,2,1,2,3
Middle Tennessee State,2000-09-09,2,@,Florida,L,17,32,53.1,139,0,35,90,2.6,0,4,1,5
Minnesota,2000-09-09,2,,Ohio,L,10,28,35.7,223,2,26,147,5.7,0,1,1,2
Missouri,2000-09-09,2,@,Clemson,L,14,28,50.0,144,0,36,72,2.0,1,3,3,6
Nebraska,2000-09-09,2,@,Notre Dame,W,7,15,46.7,103,0,59,274,4.6,4,0,1,1
Nevada,2000-09-09,2,,Texas Christian,L,23,47,48.9,259,0,36,11,0.3,1,1,0,1
New Mexico,2000-09-09,3,,Oregon State,L,12,21,57.1,130,2,31,42,1.4,0,1,2,3
North Carolina,2000-09-09,2,@,Wake Forest,W,7,13,53.8,194,2,49,129,2.6,0,1,0,1
North Carolina State,2000-09-09,2,@,Indiana,W,31,52,59.6,401,5,23,73,3.2,0,0,1,1
North Texas,2000-09-09,2,@,Texas Tech,L,6,13,46.2,107,0,33,49,1.5,0,2,0,2
Northern Illinois,2000-09-09,2,,Illinois State,W,9,18,50.0,117,0,65,305,4.7,6,0,1,1
Northwestern,2000-09-09,2,,Duke,W,18,30,60.0,213,2,52,259,5.0,3,0,0,0
Notre Dame,2000-09-09,2,,Nebraska,L,3,15,20.0,40,0,40,184,4.6,1,0,1,1
Ohio,2000-09-09,2,@,Minnesota,W,3,9,33.3,90,2,73,363,5.0,1,0,0,0
Ohio State,2000-09-09,2,@,Arizona,W,12,20,60.0,240,2,40,101,2.5,1,2,1,3
Oklahoma,2000-09-09,2,,Arkansas State,W,26,34,76.5,325,3,35,208,5.9,2,0,1,1
Oklahoma State,2000-09-09,1,@,Tulsa,W,11,20,55.0,166,3,38,247,6.5,1,1,0,1
Ole Miss,2000-09-09,2,,Auburn,L,11,26,42.3,105,1,32,152,4.8,2,0,3,3
Oregon,2000-09-09,2,@,Wisconsin,L,22,49,44.9,362,1,25,92,3.7,0,0,3,3
Oregon State,2000-09-09,2,@,New Mexico,W,12,28,42.9,78,1,49,222,4.5,2,1,0,1
Penn State,2000-09-09,3,,Louisiana Tech,W,16,22,72.7,194,5,63,299,4.7,3,2,0,2
Pitt,2000-09-09,2,@,Bowling Green State,W,22,32,68.8,321,4,35,36,1.0,0,3,0,3
Purdue,2000-09-09,2,,Kent State,W,36,54,66.7,437,3,37,168,4.5,3,2,1,3
Rice,2000-09-09,2,@,Michigan,L,5,11,45.5,107,1,46,164,3.6,0,2,0,2
Rutgers,2000-09-09,2,,Buffalo,W,19,29,65.5,266,5,39,187,4.8,3,1,0,1
San Diego State,2000-09-09,2,,Illinois,L,19,36,52.8,151,0,34,99,2.9,1,0,2,2
San Jose State,2000-09-09,2,@,Stanford,W,18,30,60.0,199,2,34,284,8.4,3,1,0,1
SMU,2000-09-09,2,@,Texas-El Paso,L,22,45,48.9,420,2,25,77,3.1,1,0,2,2
South Carolina,2000-09-09,2,,Georgia,W,18,28,64.3,154,0,43,133,3.1,3,0,1,1
South Florida,2000-09-09,2,@,Kentucky,L,12,24,50.0,81,0,36,134,3.7,1,1,1,2
Stanford,2000-09-09,2,,San Jose State,L,18,42,42.9,373,4,44,241,5.5,0,2,1,3
Syracuse,2000-09-09,2,@,Cincinnati,L,21,30,70.0,221,1,37,105,2.8,0,1,2,3
Temple,2000-09-09,2,@,Maryland,L,25,37,67.6,339,0,36,104,2.9,1,1,1,2
Texas,2000-09-09,1,,Louisiana,W,25,40,62.5,403,5,23,87,3.8,2,1,1,2
Texas A&M,2000-09-09,2,,Wyoming,W,16,25,64.0,299,2,37,191,5.2,5,2,0,2
Texas Christian,2000-09-09,1,@,Nevada,W,3,10,30.0,53,0,55,317,5.8,4,2,2,4
Texas Tech,2000-09-09,3,,North Texas,W,42,55,76.4,238,1,29,80,2.8,0,0,3,3
Toledo,2000-09-09,2,,Weber State,W,18,27,66.7,201,2,45,205,4.6,4,1,0,1
Tulsa,2000-09-09,2,,Oklahoma State,L,28,49,57.1,373,2,30,62,2.1,1,2,1,3
UCF,2000-09-09,2,,Northwestern State,W,21,34,61.8,253,1,33,132,4.0,1,0,1,1
UCLA,2000-09-09,2,,Fresno State,W,17,33,51.5,135,1,48,135,2.8,2,0,0,0
UNLV,2000-09-09,1,@,Iowa State,L,9,25,36.0,190,2,47,197,4.2,1,1,1,2
USC,2000-09-09,2,,Colorado,W,25,31,80.6,275,1,38,158,4.2,1,0,1,1
Utah,2000-09-09,2,@,California,L,16,31,51.6,158,0,38,139,3.7,1,3,1,4
Utah State,2000-09-09,2,,Southern Utah,W,15,28,53.6,225,4,26,29,1.1,0,1,0,1
UTEP,2000-09-09,2,,Southern Methodist,W,13,19,68.4,206,3,46,206,4.5,1,0,0,0
Vanderbilt,2000-09-09,2,@,Alabama,L,12,26,46.2,172,0,31,85,2.7,1,0,0,0
Virginia,2000-09-09,2,,Richmond,W,19,28,67.9,299,1,32,107,3.3,3,0,0,0
Wake Forest,2000-09-09,2,,North Carolina,L,14,34,41.2,164,0,40,-2,-0.1,1,1,0,1
Washington,2000-09-09,2,,Miami (FL),W,18,31,58.1,223,1,46,128,2.8,4,1,2,3
Western Michigan,2000-09-09,2,@,Iowa,W,21,31,67.7,294,2,36,59,1.6,1,1,1,2
Wisconsin,2000-09-09,2,,Oregon,W,5,13,38.5,65,0,43,302,7.0,3,0,1,1
Wyoming,2000-09-09,2,@,Texas A&M,L,17,32,53.1,130,0,42,83,2.0,0,2,1,3
Brigham Young,2000-09-14,4,,Mississippi State,L,27,50,54.0,268,2,32,74,2.3,2,2,2,4
Mississippi State,2000-09-14,2,@,Brigham Young,W,13,20,65.0,167,1,32,217,6.8,2,2,0,2
Akron,2000-09-16,3,,Central Florida,W,15,25,60.0,228,2,50,279,5.6,3,1,1,2
Alabama,2000-09-16,3,,Southern Mississippi,L,19,35,54.3,122,0,33,95,2.9,0,2,2,4
Arizona,2000-09-16,3,,San Diego State,W,19,31,61.3,200,1,36,185,5.1,0,3,1,4
Arizona State,2000-09-16,2,,Colorado State,W,11,24,45.8,77,0,48,184,3.8,1,0,0,0
Arkansas,2000-09-16,2,,Boise State,W,12,28,42.9,249,2,46,217,4.7,2,1,1,2
Arkansas State,2000-09-16,3,,Memphis,L,17,30,56.7,222,1,28,102,3.6,1,0,1,1
Army,2000-09-16,3,@,Houston,L,21,41,51.2,305,1,26,52,2.0,1,0,0,0
Auburn,2000-09-16,3,,Louisiana State,W,21,30,70.0,225,2,48,196,4.1,1,1,0,1
Ball State,2000-09-16,3,@,Kansas State,L,1,8,12.5,5,0,45,46,1.0,0,1,2,3
Baylor,2000-09-16,2,,Minnesota,L,15,40,37.5,123,1,26,56,2.2,0,1,1,2
Boise State,2000-09-16,3,@,Arkansas,L,23,48,47.9,304,2,26,74,2.8,0,0,2,2
Bowling Green State,2000-09-16,3,@,Temple,L,14,28,50.0,164,2,29,26,0.9,0,0,0,0
Buffalo,2000-09-16,3,,Connecticut,L,26,40,65.0,259,2,36,101,2.8,0,1,1,2
California,2000-09-16,2,@,Illinois,L,15,32,46.9,162,2,33,114,3.5,0,1,0,1
Central Michigan,2000-09-16,3,@,Wyoming,L,18,36,50.0,240,1,31,43,1.4,0,2,0,2
Cincinnati,2000-09-16,3,@,Wisconsin,L,19,37,51.4,238,2,37,113,3.1,0,0,1,1
Clemson,2000-09-16,3,,Wake Forest,W,10,21,47.6,187,2,66,436,6.6,5,0,0,0
Colorado,2000-09-16,3,,Washington,L,15,27,55.6,174,1,35,69,2.0,0,2,0,2
Colorado State,2000-09-16,3,@,Arizona State,L,14,31,45.2,225,1,34,64,1.9,0,1,1,2
Connecticut,2000-09-16,3,@,Buffalo,W,20,37,54.1,199,2,38,139,3.7,1,1,0,1
Duke,2000-09-16,3,,Virginia,L,18,36,50.0,198,0,34,133,3.9,1,0,1,1
East Carolina,2000-09-16,3,,Tulane,W,13,33,39.4,258,3,44,247,5.6,2,0,0,0
Eastern Michigan,2000-09-16,3,@,South Carolina,L,20,33,60.6,149,0,27,43,1.6,0,1,0,1
Florida,2000-09-16,3,@,Tennessee,W,20,43,46.5,290,1,21,39,1.9,1,0,1,1
Florida State,2000-09-16,3,,North Carolina,W,15,27,55.6,346,5,41,194,4.7,3,0,0,0
Georgia Tech,2000-09-16,3,,Navy,W,10,19,52.6,166,3,40,139,3.5,1,1,0,1
Houston,2000-09-16,3,,Army,W,31,48,64.6,336,1,44,188,4.3,3,2,2,4
Idaho,2000-09-16,3,@,Oregon,L,15,35,42.9,186,1,25,119,4.8,1,2,0,2
Illinois,2000-09-16,3,,California,W,7,24,29.2,112,1,57,222,3.9,1,1,0,1
Indiana,2000-09-16,2,@,Kentucky,L,11,26,42.3,143,2,43,232,5.4,2,2,0,2
Iowa,2000-09-16,3,,Iowa State,L,22,41,53.7,235,2,28,93,3.3,0,0,1,1
Iowa State,2000-09-16,3,@,Iowa,W,18,27,66.7,239,0,46,246,5.3,3,0,1,1
Kansas,2000-09-16,2,,Alabama-Birmingham,W,10,23,43.5,152,1,44,209,4.8,2,2,2,4
Kansas State,2000-09-16,3,,Ball State,W,8,12,66.7,192,3,57,322,5.6,7,0,0,0
Kent State,2000-09-16,3,,Youngstown State,L,20,34,58.8,178,1,36,97,2.7,2,0,1,1
Kentucky,2000-09-16,3,,Indiana,W,33,48,68.8,339,2,26,79,3.0,2,0,0,0
Louisiana,2000-09-16,3,@,Texas Tech,L,11,22,50.0,85,0,34,94,2.8,0,0,3,3
Louisiana Tech,2000-09-16,4,,Stephen F. Austin,L,26,38,68.4,282,3,38,187,4.9,1,1,1,2
Louisiana-Monroe,2000-09-16,3,,Nicholls State,W,25,37,67.6,369,1,38,69,1.8,1,1,2,3
LSU,2000-09-16,3,@,Auburn,L,13,30,43.3,214,2,26,83,3.2,0,0,1,1
Maryland,2000-09-16,2,@,West Virginia,L,19,30,63.3,215,0,30,71,2.4,1,0,1,1
Memphis,2000-09-16,3,@,Arkansas State,W,14,23,60.9,122,1,44,147,3.3,0,0,0,0
Miami (OH),2000-09-16,3,@,Ohio State,L,21,48,43.8,236,2,22,132,6.0,0,0,3,3
Michigan,2000-09-16,3,@,UCLA,L,8,28,28.6,111,1,46,263,5.7,2,1,1,2
Michigan State,2000-09-16,2,@,Missouri,W,10,24,41.7,157,0,46,140,3.0,1,1,1,2
Middle Tennessee State,2000-09-16,3,,Murray State,W,22,35,62.9,260,0,51,273,5.4,5,1,1,2
Minnesota,2000-09-16,3,@,Baylor,W,14,20,70.0,172,2,55,289,5.3,2,1,1,2
Missouri,2000-09-16,3,,Michigan State,L,16,31,51.6,242,0,36,114,3.2,1,1,0,1
Navy,2000-09-16,2,@,Georgia Tech,L,24,40,60.0,199,1,52,165,3.2,0,4,0,4
New Mexico,2000-09-16,4,@,New Mexico State,W,6,15,40.0,31,0,47,137,2.9,2,0,0,0
New Mexico State,2000-09-16,2,,New Mexico,L,10,27,37.0,185,2,42,185,4.4,0,2,1,3
North Carolina,2000-09-16,3,@,Florida State,L,16,33,48.5,244,1,44,79,1.8,1,3,1,4
North Carolina State,2000-09-16,3,,Southern Methodist,W,18,29,62.1,331,3,25,63,2.5,2,1,2,3
North Texas,2000-09-16,3,@,Nevada-Las Vegas,L,17,34,50.0,163,0,42,108,2.6,0,3,0,3
Northwestern,2000-09-16,3,@,Texas Christian,L,13,23,56.5,145,1,29,113,3.9,1,1,3,4
Notre Dame,2000-09-16,3,,Purdue,W,14,25,56.0,158,0,34,78,2.3,1,0,1,1
Ohio,2000-09-16,3,,Tennessee Tech,W,11,15,73.3,168,2,66,429,6.5,5,2,0,2
Ohio State,2000-09-16,3,,Miami (OH),W,13,30,43.3,194,1,56,273,4.9,2,0,0,0
Oklahoma State,2000-09-16,2,,,W,10,21,47.6,222,0,41,169,4.1,2,1,0,1
Ole Miss,2000-09-16,3,@,Vanderbilt,W,14,23,60.9,133,0,37,201,5.4,1,0,1,1
Oregon,2000-09-16,3,,Idaho,W,18,30,60.0,233,4,46,217,4.7,2,0,0,0
Penn State,2000-09-16,4,@,Pittsburgh,L,18,36,50.0,161,0,33,64,1.9,0,1,1,2
Pitt,2000-09-16,3,,Penn State,W,11,19,57.9,272,1,44,107,2.4,0,1,1,2
Purdue,2000-09-16,3,@,Notre Dame,L,13,24,54.2,221,2,43,177,4.1,1,1,1,2
Rice,2000-09-16,3,,Tulsa,L,6,21,28.6,82,1,62,335,5.4,0,3,1,4
Rutgers,2000-09-16,3,@,Virginia Tech,L,17,49,34.7,184,0,24,57,2.4,0,0,4,4
San Diego State,2000-09-16,3,@,Arizona,L,15,29,51.7,124,0,37,72,1.9,0,0,1,1
San Jose State,2000-09-16,3,,Southern Utah,W,15,21,71.4,295,4,38,199,5.2,2,0,2,2
SMU,2000-09-16,3,@,North Carolina State,L,15,31,48.4,75,0,51,101,2.0,0,1,4,5
South Carolina,2000-09-16,3,,Eastern Michigan,W,19,33,57.6,240,0,44,336,7.6,5,2,0,2
South Florida,2000-09-16,3,,James Madison,W,7,16,43.8,60,0,44,169,3.8,1,0,0,0
Southern Mississippi,2000-09-16,2,@,Alabama,W,14,23,60.9,159,1,37,51,1.4,0,0,1,1
Stanford,2000-09-16,3,,Texas,W,15,37,40.5,255,3,37,60,1.6,0,0,0,0
Temple,2000-09-16,3,,Bowling Green State,W,24,34,70.6,272,2,38,127,3.3,2,0,2,2
Tennessee,2000-09-16,2,,Florida,L,17,29,58.6,140,0,49,203,4.1,1,1,1,2
Texas,2000-09-16,2,@,Stanford,L,21,46,45.7,330,3,28,13,0.5,0,0,2,2
Texas A&M,2000-09-16,3,,Texas-El Paso,W,18,29,62.1,178,1,40,236,5.9,5,0,1,1
Texas Christian,2000-09-16,2,,Northwestern,W,8,12,66.7,101,2,69,387,5.6,3,0,1,1
Texas Tech,2000-09-16,4,,Louisiana,W,24,37,64.9,240,1,31,101,3.3,1,0,2,2
Toledo,2000-09-16,3,,Eastern Illinois,W,11,28,39.3,103,1,45,258,5.7,0,0,1,1
Tulane,2000-09-16,2,@,East Carolina,L,20,35,57.1,299,2,53,188,3.5,0,2,0,2
Tulsa,2000-09-16,3,@,Rice,W,10,27,37.0,194,0,36,73,2.0,1,1,1,2
UAB,2000-09-16,2,@,Kansas,L,10,24,41.7,45,0,51,193,3.8,1,0,1,1
UCF,2000-09-16,3,@,Akron,L,25,43,58.1,306,1,32,126,3.9,2,0,4,4
UCLA,2000-09-16,3,,Michigan,W,22,41,53.7,268,2,39,126,3.2,1,3,0,3
UNLV,2000-09-16,2,,North Texas,W,7,15,46.7,133,2,44,314,7.1,3,1,0,1
Utah,2000-09-16,3,,Washington State,L,20,43,46.5,282,2,28,136,4.9,0,1,1,2
UTEP,2000-09-16,3,@,Texas A&M,L,19,31,61.3,218,2,37,82,2.2,0,0,1,1
Vanderbilt,2000-09-16,3,,Mississippi,L,20,45,44.4,278,1,32,90,2.8,0,2,2,4
Virginia,2000-09-16,3,@,Duke,W,20,30,66.7,333,3,45,119,2.6,0,0,0,0
Virginia Tech,2000-09-16,3,,Rutgers,W,15,28,53.6,179,1,58,348,6.0,6,3,0,3
Wake Forest,2000-09-16,3,@,Clemson,L,7,17,41.2,57,1,35,102,2.9,0,2,0,2
Washington,2000-09-16,3,@,Colorado,W,15,29,51.7,200,1,49,205,4.2,1,2,2,4
Washington State,2000-09-16,2,@,Utah,W,11,18,61.1,211,4,51,213,4.2,1,1,0,1
West Virginia,2000-09-16,2,,Maryland,W,14,22,63.6,165,1,45,276,6.1,3,3,0,3
Western Michigan,2000-09-16,3,,Indiana State,W,14,27,51.9,194,3,52,295,5.7,4,0,0,0
Wisconsin,2000-09-16,3,,Cincinnati,W,11,21,52.4,107,0,47,198,4.2,3,0,0,0
Wyoming,2000-09-16,3,,Central Michigan,W,5,17,29.4,47,0,55,321,5.8,3,0,1,1
Georgia Tech,2000-09-21,4,@,North Carolina State,L,24,43,55.8,226,1,42,141,3.4,1,2,1,3
North Carolina State,2000-09-21,4,,Georgia Tech,W,21,36,58.3,262,3,31,66,2.1,0,0,2,2
Air Force,2000-09-23,3,@,Utah,W,5,11,45.5,149,2,54,242,4.5,1,1,0,1
Akron,2000-09-23,4,@,Ohio,W,20,33,60.6,258,0,48,133,2.8,2,0,0,0
Alabama,2000-09-23,4,@,Arkansas,L,8,20,40.0,117,1,57,226,4.0,2,1,0,1
Arizona State,2000-09-23,3,,Utah State,W,12,21,57.1,374,5,48,131,2.7,0,2,0,2
Arkansas,2000-09-23,3,,Alabama,W,20,33,60.6,173,2,29,151,5.2,2,1,1,2
Arkansas State,2000-09-23,4,@,Texas Christian,L,8,18,44.4,65,0,43,86,2.0,0,2,2,4
Army,2000-09-23,4,,Memphis,L,31,45,68.9,269,0,30,38,1.3,0,1,3,4
Auburn,2000-09-23,4,,Northern Illinois,W,21,29,72.4,222,3,35,189,5.4,1,1,1,2
Baylor,2000-09-23,3,,South Florida,W,20,29,69.0,223,3,39,147,3.8,1,1,0,1
Boise State,2000-09-23,4,@,Central Michigan,W,18,31,58.1,245,3,45,270,6.0,4,0,0,0
Boston College,2000-09-23,3,,Navy,W,24,33,72.7,414,3,47,211,4.5,3,0,1,1
Bowling Green State,2000-09-23,4,@,Buffalo,L,5,20,25.0,63,0,50,112,2.2,2,0,0,0
Brigham Young,2000-09-23,5,,Nevada-Las Vegas,W,15,29,51.7,157,0,47,196,4.2,1,0,1,1
Buffalo,2000-09-23,4,,Bowling Green State,W,24,38,63.2,183,2,31,64,2.1,1,1,2,3
California,2000-09-23,3,@,Fresno State,L,16,36,44.4,197,0,35,108,3.1,0,0,2,2
Central Michigan,2000-09-23,4,,Boise State,L,19,33,57.6,188,1,31,80,2.6,0,1,1,2
Cincinnati,2000-09-23,4,@,Indiana,L,22,45,48.9,239,0,35,114,3.3,0,1,0,1
Clemson,2000-09-23,4,@,Virginia,W,15,25,60.0,154,1,43,327,7.6,2,3,1,4
Connecticut,2000-09-23,4,,Northeastern,L,22,39,56.4,321,4,22,84,3.8,0,0,2,2
Duke,2000-09-23,4,@,Vanderbilt,L,18,36,50.0,163,1,27,66,2.4,0,1,2,3
East Carolina,2000-09-23,4,,Syracuse,W,8,17,47.1,201,3,39,177,4.5,0,0,0,0
Eastern Michigan,2000-09-23,4,@,Temple,L,34,50,68.0,364,3,36,132,3.7,2,1,1,2
Florida,2000-09-23,4,,Kentucky,W,15,27,55.6,262,2,35,190,5.4,6,0,0,0
Florida State,2000-09-23,4,,Louisville,W,23,34,67.6,274,1,48,235,4.9,2,2,3,5
Fresno State,2000-09-23,3,,California,W,24,41,58.5,325,2,30,64,2.1,0,1,1,2
Georgia,2000-09-23,3,,New Mexico State,W,13,25,52.0,191,1,42,237,5.6,4,0,1,1
Hawaii,2000-09-23,2,@,Texas-El Paso,L,15,50,30.0,211,0,25,53,2.1,0,1,2,3
Houston,2000-09-23,4,@,Texas,L,17,38,44.7,185,0,32,13,0.4,0,3,2,5
Idaho,2000-09-23,4,@,Washington State,W,22,36,61.1,246,2,44,216,4.9,3,1,3,4
Illinois,2000-09-23,4,,Michigan,L,27,38,71.1,352,2,32,95,3.0,2,2,0,2
Indiana,2000-09-23,3,,Cincinnati,W,10,21,47.6,221,1,46,295,6.4,5,1,1,2
Iowa,2000-09-23,4,@,Nebraska,L,19,40,47.5,252,1,31,47,1.5,0,0,2,2
Kansas,2000-09-23,3,,Southern Illinois,W,9,20,45.0,124,3,47,206,4.4,3,2,0,2
Kansas State,2000-09-23,4,,North Texas,W,15,22,68.2,217,0,58,260,4.5,7,2,1,3
Kent State,2000-09-23,4,@,Miami (OH),L,14,28,50.0,110,1,37,193,5.2,1,2,1,3
Kentucky,2000-09-23,4,@,Florida,L,35,60,58.3,363,2,29,141,4.9,2,2,2,4
Louisiana,2000-09-23,4,,Northwestern State,L,10,21,47.6,123,0,41,204,5.0,3,0,0,0
Louisiana Tech,2000-09-23,5,@,Tulsa,L,14,24,58.3,141,1,42,196,4.7,0,2,2,4
Louisiana-Monroe,2000-09-23,4,@,Tennessee,L,21,37,56.8,146,0,26,33,1.3,0,1,1,2
Louisville,2000-09-23,3,@,Florida State,L,24,45,53.3,207,0,21,3,0.1,0,1,1,2
LSU,2000-09-23,4,,Alabama-Birmingham,L,15,38,39.5,156,0,36,107,3.0,1,2,4,6
Marshall,2000-09-23,3,@,North Carolina,L,19,35,54.3,215,1,23,90,3.9,1,0,0,0
Maryland,2000-09-23,3,,Middle Tennessee State,W,21,31,67.7,357,2,38,171,4.5,4,1,1,2
Memphis,2000-09-23,4,@,Army,W,21,32,65.6,208,1,40,130,3.3,2,1,1,2
Miami (FL),2000-09-23,3,@,West Virginia,W,22,33,66.7,291,2,36,96,2.7,1,2,0,2
Miami (OH),2000-09-23,4,,Kent State,W,24,37,64.9,301,2,36,195,5.4,4,1,1,2
Michigan,2000-09-23,4,@,Illinois,W,12,28,42.9,172,1,55,341,6.2,4,0,0,0
Michigan State,2000-09-23,3,,Notre Dame,W,12,24,50.0,181,2,50,167,3.3,1,1,1,2
Middle Tennessee State,2000-09-23,4,@,Maryland,L,30,52,57.7,342,3,31,129,4.2,1,0,1,1
Minnesota,2000-09-23,4,@,Purdue,L,22,39,56.4,214,2,28,55,2.0,1,0,1,1
Mississippi State,2000-09-23,3,@,South Carolina,L,17,36,47.2,224,0,37,94,2.5,1,2,1,3
Navy,2000-09-23,3,@,Boston College,L,11,24,45.8,111,0,44,112,2.5,1,2,0,2
Nebraska,2000-09-23,3,,Iowa,W,10,13,76.9,159,5,51,331,6.5,0,1,0,1
Nevada,2000-09-23,3,@,Wyoming,W,16,28,57.1,195,1,34,169,5.0,3,0,0,0
New Mexico,2000-09-23,5,,Northern Arizona,W,12,15,80.0,162,2,55,186,3.4,3,1,1,2
New Mexico State,2000-09-23,3,@,Georgia,L,9,21,42.9,82,0,41,102,2.5,0,0,0,0
North Carolina,2000-09-23,4,,Marshall,W,24,39,61.5,292,2,37,142,3.8,0,0,2,2
North Texas,2000-09-23,4,@,Kansas State,L,7,17,41.2,35,0,28,103,3.7,1,2,0,2
Northern Illinois,2000-09-23,3,@,Auburn,L,17,35,48.6,239,1,42,129,3.1,1,1,2,3
Northwestern,2000-09-23,4,@,Wisconsin,W,21,41,51.2,278,2,38,266,7.0,3,0,0,0
Notre Dame,2000-09-23,4,@,Michigan State,L,5,16,31.3,63,1,37,149,4.0,2,0,1,1
Ohio,2000-09-23,4,,Akron,L,4,15,26.7,92,0,46,284,6.2,2,1,2,3
Ohio State,2000-09-23,4,,Penn State,W,13,22,59.1,239,1,47,158,3.4,4,0,1,1
Oklahoma,2000-09-23,3,,Rice,W,28,36,77.8,343,2,33,189,5.7,4,1,2,3
Oklahoma State,2000-09-23,3,,Southern Mississippi,L,16,35,45.7,146,0,38,157,4.1,0,1,3,4
Oregon,2000-09-23,4,,UCLA,W,15,34,44.1,153,0,52,208,4.0,3,0,0,0
Oregon State,2000-09-23,3,,San Diego State,W,15,30,50.0,183,1,46,153,3.3,3,0,0,0
Penn State,2000-09-23,5,@,Ohio State,L,11,23,47.8,120,0,38,93,2.4,1,2,1,3
Pitt,2000-09-23,4,,Rutgers,W,19,27,70.4,218,0,55,212,3.9,3,5,2,7
Purdue,2000-09-23,4,,Minnesota,W,33,50,66.0,409,2,39,122,3.1,3,2,0,2
Rice,2000-09-23,4,@,Oklahoma,L,6,12,50.0,117,1,51,145,2.8,1,1,1,2
Rutgers,2000-09-23,4,@,Pittsburgh,L,20,37,54.1,225,1,21,-13,-0.6,0,1,1,2
San Diego State,2000-09-23,4,@,Oregon State,L,15,30,50.0,156,0,38,71,1.9,0,3,4,7
San Jose State,2000-09-23,4,@,Southern California,L,20,41,48.8,256,0,29,110,3.8,2,0,1,1
SMU,2000-09-23,4,,Tulane,L,27,49,55.1,264,0,28,116,4.1,2,1,0,1
South Carolina,2000-09-23,4,,Mississippi State,W,20,41,48.8,330,2,32,30,0.9,0,2,0,2
South Florida,2000-09-23,4,@,Baylor,L,22,42,52.4,236,1,27,173,6.4,0,4,0,4
Southern Mississippi,2000-09-23,3,@,Oklahoma State,W,20,37,54.1,257,2,32,-7,-0.2,1,2,0,2
Syracuse,2000-09-23,3,@,East Carolina,L,12,22,54.5,179,0,48,247,5.1,2,0,2,2
Temple,2000-09-23,4,,Eastern Michigan,W,10,16,62.5,163,3,39,298,7.6,4,1,0,1
Tennessee,2000-09-23,3,,Louisiana-Monroe,W,20,31,64.5,274,4,42,234,5.6,5,1,1,2
Texas,2000-09-23,3,,Houston,W,22,37,59.5,253,1,32,96,3.0,2,1,3,4
Texas Christian,2000-09-23,3,,Arkansas State,W,13,18,72.2,211,3,44,265,6.0,4,0,1,1
Toledo,2000-09-23,4,@,Western Michigan,L,23,50,46.0,188,0,29,124,4.3,1,0,1,1
Tulane,2000-09-23,3,@,Southern Methodist,W,35,53,66.0,392,3,26,104,4.0,0,0,0,0
Tulsa,2000-09-23,4,,Louisiana Tech,W,14,28,50.0,141,1,45,177,3.9,1,1,0,1
UAB,2000-09-23,3,@,Louisiana State,W,8,22,36.4,65,1,38,113,3.0,0,2,1,3
UCF,2000-09-23,4,,William & Mary,W,19,35,54.3,278,5,37,112,3.0,2,1,1,2
UCLA,2000-09-23,4,@,Oregon,L,14,34,41.2,206,1,26,-9,-0.3,0,2,1,3
UNLV,2000-09-23,3,@,Brigham Young,L,11,17,64.7,202,0,33,41,1.2,1,1,1,2
USC,2000-09-23,3,,San Jose State,W,22,38,57.9,338,2,46,234,5.1,3,4,0,4
Utah,2000-09-23,4,,Air Force,L,16,28,57.1,195,0,41,136,3.3,1,0,0,0
Utah State,2000-09-23,3,@,Arizona State,L,17,38,44.7,240,1,32,103,3.2,1,1,3,4
UTEP,2000-09-23,4,,Hawaii,W,18,34,52.9,265,4,47,140,3.0,0,3,1,4
Vanderbilt,2000-09-23,4,,Duke,W,23,40,57.5,266,2,34,174,5.1,0,1,1,2
Virginia,2000-09-23,4,,Clemson,L,17,39,43.6,170,0,36,111,3.1,1,0,1,1
Washington State,2000-09-23,3,,Idaho,L,16,32,50.0,292,3,36,183,5.1,1,2,0,2
West Virginia,2000-09-23,3,,Miami (FL),L,15,36,41.7,162,0,40,155,3.9,1,2,2,4
Western Michigan,2000-09-23,4,,Toledo,W,18,37,48.6,231,0,40,132,3.3,2,2,0,2
Wisconsin,2000-09-23,4,,Northwestern,L,12,24,50.0,153,3,60,352,5.9,2,2,0,2
Wyoming,2000-09-23,4,,Nevada,L,26,45,57.8,259,3,34,176,5.2,1,1,2,3
Florida State,2000-09-28,5,@,Maryland,W,18,27,66.7,353,4,63,260,4.1,4,0,1,1
Maryland,2000-09-28,4,,Florida State,L,10,27,37.0,100,0,26,124,4.8,1,1,1,2
Temple,2000-09-28,5,,West Virginia,L,18,32,56.3,154,2,25,143,5.7,1,0,1,1
West Virginia,2000-09-28,4,@,Temple,W,18,32,56.3,242,2,40,152,3.8,2,2,1,3
Air Force,2000-09-30,4,@,Nevada-Las Vegas,L,9,21,42.9,133,1,51,219,4.3,1,0,1,1
Akron,2000-09-30,5,,Miami (OH),W,9,19,47.4,214,1,43,243,5.7,3,1,1,2
Alabama,2000-09-30,5,,South Carolina,W,19,32,59.4,204,0,33,146,4.4,3,0,2,2
Arizona,2000-09-30,4,@,Stanford,W,12,23,52.2,198,1,46,192,4.2,1,2,1,3
Arizona State,2000-09-30,4,@,UCLA,L,24,49,49.0,365,2,24,98,4.1,2,2,2,4
Arkansas,2000-09-30,4,,Georgia,L,19,38,50.0,162,1,26,52,2.0,0,1,2,3
Arkansas State,2000-09-30,5,,Richmond,L,12,21,57.1,242,2,35,141,4.0,1,1,0,1
Auburn,2000-09-30,5,,Vanderbilt,W,16,33,48.5,227,3,33,154,4.7,0,0,1,1
Ball State,2000-09-30,4,,Northern Illinois,L,17,24,70.8,170,2,42,66,1.6,0,3,0,3
Baylor,2000-09-30,4,,Iowa State,L,8,27,29.6,161,1,37,108,2.9,1,2,1,3
Boston College,2000-09-30,4,,Virginia Tech,L,11,24,45.8,74,2,40,213,5.3,3,0,1,1
Bowling Green State,2000-09-30,5,@,Kent State,W,13,21,61.9,111,0,43,124,2.9,1,2,1,3
Brigham Young,2000-09-30,6,@,Syracuse,L,24,44,54.5,272,2,21,21,1.0,0,1,0,1
Buffalo,2000-09-30,5,@,Marshall,L,15,28,53.6,186,2,25,6,0.2,0,1,1,2
California,2000-09-30,4,,Washington State,L,11,31,35.5,89,1,46,149,3.2,1,1,1,2
Central Michigan,2000-09-30,5,@,Toledo,L,14,24,58.3,125,0,24,43,1.8,0,2,0,2
Cincinnati,2000-09-30,5,@,Tulane,L,18,32,56.3,195,1,52,155,3.0,0,1,2,3
Clemson,2000-09-30,5,@,Duke,W,12,23,52.2,212,2,57,315,5.5,5,1,0,1
Colorado,2000-09-30,4,,Kansas State,L,20,34,58.8,267,1,35,137,3.9,1,0,2,2
Colorado State,2000-09-30,4,@,Nevada,W,16,29,55.2,185,1,55,318,5.8,4,0,3,3
Connecticut,2000-09-30,5,@,Louisville,L,27,54,50.0,306,3,27,28,1.0,0,1,0,1
Duke,2000-09-30,5,,Clemson,L,16,35,45.7,168,0,31,67,2.2,3,0,1,1
Eastern Michigan,2000-09-30,5,,Central Florida,L,25,36,69.4,250,1,32,30,0.9,0,1,1,2
Florida,2000-09-30,5,@,Mississippi State,L,34,57,59.6,494,4,22,-78,-3.5,1,2,1,3
Georgia,2000-09-30,4,@,Arkansas,W,13,25,52.0,168,1,46,175,3.8,3,0,0,0
Georgia Tech,2000-09-30,5,@,North Carolina,W,21,30,70.0,238,2,40,134,3.4,3,0,2,2
Hawaii,2000-09-30,3,,Tulsa,L,31,48,64.6,313,1,18,31,1.7,1,2,2,4
Houston,2000-09-30,5,,Southern Methodist,W,28,47,59.6,338,2,33,67,2.0,0,0,0,0
Idaho,2000-09-30,5,,Montana State,W,20,34,58.8,437,6,35,183,5.2,1,0,1,1
Illinois,2000-09-30,5,@,Minnesota,L,18,43,41.9,178,1,30,82,2.7,0,2,2,4
Indiana,2000-09-30,4,,Iowa,W,9,22,40.9,111,1,53,433,8.2,5,1,0,1
Iowa,2000-09-30,5,@,Indiana,L,30,47,63.8,380,4,34,152,4.5,0,1,0,1
Iowa State,2000-09-30,4,@,Baylor,W,12,23,52.2,167,1,53,308,5.8,3,2,0,2
Kansas,2000-09-30,4,@,Oklahoma,L,12,29,41.4,258,1,45,119,2.6,1,2,5,7
Kansas State,2000-09-30,5,@,Colorado,W,15,26,57.7,293,3,36,153,4.3,2,2,0,2
Kent State,2000-09-30,5,,Bowling Green State,L,27,53,50.9,285,0,32,38,1.2,0,0,3,3
Kentucky,2000-09-30,5,@,Mississippi,L,17,42,40.5,192,1,24,39,1.6,1,0,3,3
Louisiana,2000-09-30,5,@,Alabama-Birmingham,L,15,38,39.5,118,0,28,-27,-1.0,0,2,0,2
Louisiana-Monroe,2000-09-30,5,,,L,28,59,47.5,278,0,20,51,2.6,1,2,2,4
Louisville,2000-09-30,4,,Connecticut,W,19,32,59.4,253,2,35,156,4.5,2,0,1,1
LSU,2000-09-30,5,,Tennessee,W,23,35,65.7,318,4,29,142,4.9,1,1,0,1
Marshall,2000-09-30,4,,Buffalo,W,28,41,68.3,483,4,46,148,3.2,2,0,2,2
Memphis,2000-09-30,5,@,Southern Mississippi,L,23,38,60.5,161,0,36,67,1.9,0,0,3,3
Miami (FL),2000-09-30,4,@,Rutgers,W,17,23,73.9,296,3,54,261,4.8,4,1,0,1
Miami (OH),2000-09-30,5,@,Akron,L,20,49,40.8,174,0,43,256,6.0,2,1,2,3
Michigan,2000-09-30,5,,Wisconsin,W,15,27,55.6,257,1,44,118,2.7,0,2,0,2
Michigan State,2000-09-30,4,,Northwestern,L,17,35,48.6,233,1,35,134,3.8,1,2,1,3
Minnesota,2000-09-30,5,,Illinois,W,10,17,58.8,182,0,64,364,5.7,4,2,0,2
Mississippi State,2000-09-30,4,,Florida,W,14,27,51.9,166,1,57,351,6.2,4,1,2,3
Missouri,2000-09-30,4,@,Nebraska,L,19,39,48.7,283,1,31,209,6.7,2,1,1,2
Navy,2000-09-30,4,,Texas Christian,L,2,6,33.3,8,0,41,112,2.7,0,0,0,0
Nebraska,2000-09-30,4,,Missouri,W,11,23,47.8,173,2,53,311,5.9,2,0,0,0
Nevada,2000-09-30,4,,Colorado State,L,15,31,48.4,253,2,28,58,2.1,0,1,0,1
New Mexico,2000-09-30,6,,Wyoming,W,11,16,68.8,121,3,64,308,4.8,2,0,1,1
New Mexico State,2000-09-30,4,@,Texas-El Paso,L,13,29,44.8,153,2,44,355,8.1,2,2,1,3
North Carolina,2000-09-30,5,,Georgia Tech,L,17,31,54.8,388,3,37,89,2.4,1,0,2,2
Northern Illinois,2000-09-30,4,@,Ball State,W,9,16,56.3,236,3,50,192,3.8,3,1,0,1
Northwestern,2000-09-30,5,@,Michigan State,W,12,23,52.2,160,1,55,346,6.3,3,0,1,1
Ohio,2000-09-30,5,@,Western Michigan,L,4,8,50.0,116,1,49,177,3.6,0,2,1,3
Oklahoma,2000-09-30,4,,Kansas,W,29,43,67.4,346,1,28,98,3.5,3,2,0,2
Oklahoma State,2000-09-30,4,@,Texas,L,8,23,34.8,101,0,36,168,4.7,1,2,0,2
Ole Miss,2000-09-30,4,,Kentucky,W,15,25,60.0,238,2,46,179,3.9,2,1,0,1
Oregon,2000-09-30,5,,Washington,W,9,22,40.9,119,1,52,229,4.4,2,0,0,0
Oregon State,2000-09-30,4,,Southern California,W,10,29,34.5,157,1,53,218,4.1,3,2,0,2
Penn State,2000-09-30,6,,Purdue,W,11,25,44.0,109,0,44,221,5.0,2,0,1,1
Purdue,2000-09-30,5,@,Penn State,L,24,51,47.1,286,2,41,118,2.9,0,0,0,0
Rice,2000-09-30,5,@,San Jose State,L,8,16,50.0,107,0,63,191,3.0,2,0,0,0
Rutgers,2000-09-30,5,,Miami (FL),L,19,42,45.2,153,1,27,4,0.1,0,2,3,5
San Jose State,2000-09-30,5,,Rice,W,26,42,61.9,373,1,31,121,3.9,3,1,2,3
SMU,2000-09-30,5,@,Houston,L,28,58,48.3,326,1,18,52,2.9,0,0,4,4
South Carolina,2000-09-30,5,@,Alabama,L,20,44,45.5,264,2,32,85,2.7,0,1,3,4
South Florida,2000-09-30,5,,Troy,W,17,34,50.0,273,1,40,163,4.1,1,1,1,2
Southern Mississippi,2000-09-30,4,,Memphis,W,15,31,48.4,163,0,32,99,3.1,1,2,0,2
Stanford,2000-09-30,4,,Arizona,L,14,32,43.8,177,0,30,68,2.3,0,4,2,6
Syracuse,2000-09-30,4,,Brigham Young,W,10,12,83.3,228,2,50,224,4.5,4,0,0,0
Tennessee,2000-09-30,4,@,Louisiana State,L,37,62,59.7,319,3,27,86,3.2,0,0,1,1
Texas,2000-09-30,4,,Oklahoma State,W,18,33,54.5,299,3,44,205,4.7,2,0,0,0
Texas A&M,2000-09-30,4,,Texas Tech,W,16,23,69.6,186,0,36,159,4.4,4,1,0,1
Texas Christian,2000-09-30,4,@,Navy,W,15,18,83.3,192,2,51,197,3.9,1,0,0,0
Texas Tech,2000-09-30,5,@,Texas A&M,L,29,52,55.8,322,2,28,23,0.8,0,0,3,3
Toledo,2000-09-30,5,,Central Michigan,W,15,26,57.7,146,0,56,311,5.6,5,0,1,1
Tulane,2000-09-30,4,,Cincinnati,W,22,35,62.9,299,2,30,119,4.0,1,0,2,2
Tulsa,2000-09-30,5,@,Hawaii,W,16,25,64.0,145,1,39,98,2.5,1,0,1,1
UAB,2000-09-30,4,,Louisiana,W,8,16,50.0,129,0,53,290,5.5,4,0,2,2
UCF,2000-09-30,5,@,Eastern Michigan,W,27,38,71.1,365,2,35,136,3.9,2,2,1,3
UCLA,2000-09-30,5,,Arizona State,W,17,31,54.8,267,2,48,233,4.9,3,3,1,4
UNLV,2000-09-30,4,,Air Force,W,16,22,72.7,259,1,46,224,4.9,3,1,0,1
USC,2000-09-30,4,@,Oregon State,L,19,38,50.0,282,2,30,63,2.1,0,1,3,4
Utah,2000-09-30,5,@,Utah State,W,9,15,60.0,186,0,59,278,4.7,5,1,1,2
Utah State,2000-09-30,4,,Utah,L,19,43,44.2,230,1,19,52,2.7,0,0,3,3
UTEP,2000-09-30,5,,New Mexico State,W,16,28,57.1,237,2,45,228,5.1,3,1,0,1
Vanderbilt,2000-09-30,5,@,Auburn,L,15,34,44.1,87,0,29,65,2.2,0,0,0,0
Virginia,2000-09-30,5,@,Wake Forest,W,16,27,59.3,179,1,47,237,5.0,2,0,0,0
Virginia Tech,2000-09-30,4,@,Boston College,W,5,17,29.4,61,0,57,420,7.4,6,2,1,3
Wake Forest,2000-09-30,4,,Virginia,L,14,30,46.7,153,0,34,154,4.5,1,0,1,1
Washington,2000-09-30,4,@,Oregon,L,14,37,37.8,229,1,28,111,4.0,1,1,2,3
Washington State,2000-09-30,4,@,California,W,15,24,62.5,238,1,36,41,1.1,1,2,0,2
Western Michigan,2000-09-30,5,,Ohio,W,23,33,69.7,332,1,37,138,3.7,1,3,2,5
Wisconsin,2000-09-30,5,@,Michigan,L,8,18,44.4,98,1,42,180,4.3,0,1,3,4
Wyoming,2000-09-30,5,@,New Mexico,L,17,26,65.4,209,0,27,47,1.7,1,2,1,3
Fresno State,2000-10-05,4,@,Rice,W,20,31,64.5,220,3,34,179,5.3,0,2,2,4
Marshall,2000-10-05,5,,Western Michigan,L,26,54,48.1,324,1,35,90,2.6,0,0,1,1
North Texas,2000-10-05,5,,Samford,W,5,10,50.0,72,3,50,262,5.2,2,0,0,0
Rice,2000-10-05,6,,Fresno State,L,4,13,30.8,61,0,58,306,5.3,3,2,0,2
Western Michigan,2000-10-05,6,@,Marshall,W,12,22,54.5,121,1,47,286,6.1,3,1,1,2
Brigham Young,2000-10-06,7,,Utah State,W,25,39,64.1,335,1,38,198,5.2,4,0,0,0
Utah State,2000-10-06,5,@,Brigham Young,L,22,34,64.7,209,1,25,11,0.4,1,1,0,1
Air Force,2000-10-07,5,,Navy,W,6,13,46.2,101,0,47,135,2.9,3,0,1,1
Akron,2000-10-07,6,@,Bowling Green State,W,17,27,63.0,259,3,34,85,2.5,0,0,0,0
Arizona,2000-10-07,5,@,Southern California,W,7,13,53.8,136,1,44,117,2.7,3,1,1,2
Arizona State,2000-10-07,5,,California,W,12,32,37.5,420,3,44,146,3.3,1,1,1,2
Arkansas,2000-10-07,5,,Louisiana-Monroe,W,17,33,51.5,237,4,40,166,4.2,2,2,0,2
Arkansas State,2000-10-07,6,@,Mississippi,L,11,26,42.3,79,1,24,113,4.7,0,0,2,2
Army,2000-10-07,5,@,New Mexico State,L,12,28,42.9,144,0,47,235,5.0,3,0,4,4
Auburn,2000-10-07,6,@,Mississippi State,L,17,32,53.1,146,0,19,18,0.9,1,0,0,0
Ball State,2000-10-07,5,@,Miami (OH),W,17,29,58.6,186,1,56,218,3.9,1,1,3,4
Baylor,2000-10-07,5,@,Texas Tech,L,13,40,32.5,148,0,30,100,3.3,0,1,2,3
Boise State,2000-10-07,5,@,Washington State,L,24,41,58.5,335,4,29,139,4.8,0,3,1,4
Boston College,2000-10-07,5,,Connecticut,W,15,22,68.2,274,2,51,361,7.1,4,0,0,0
Bowling Green State,2000-10-07,6,,Akron,L,15,24,62.5,185,2,50,159,3.2,1,0,1,1
Buffalo,2000-10-07,6,@,Ohio,L,17,31,54.8,262,2,46,145,3.2,1,3,1,4
California,2000-10-07,5,@,Arizona State,L,14,32,43.8,135,0,40,255,6.4,1,3,0,3
Central Michigan,2000-10-07,6,,Kent State,L,20,34,58.8,271,3,40,109,2.7,0,2,2,4
Cincinnati,2000-10-07,6,,Houston,W,15,25,60.0,268,2,52,262,5.0,4,2,2,4
Clemson,2000-10-07,6,,North Carolina State,W,18,30,60.0,220,1,65,274,4.2,4,1,2,3
Colorado,2000-10-07,5,@,Texas A&M,W,15,25,60.0,239,1,42,112,2.7,2,2,0,2
Colorado State,2000-10-07,5,,New Mexico,W,21,36,58.3,252,1,34,39,1.1,1,0,2,2
Connecticut,2000-10-07,6,@,Boston College,L,20,40,50.0,215,0,26,49,1.9,0,1,2,3
East Carolina,2000-10-07,5,@,Memphis,L,18,43,41.9,246,1,21,64,3.0,0,2,2,4
Eastern Michigan,2000-10-07,6,,Toledo,L,14,22,63.6,106,2,26,66,2.5,0,1,2,3
Florida,2000-10-07,6,,Louisiana State,W,21,32,65.6,298,3,34,175,5.1,2,0,0,0
Florida State,2000-10-07,6,@,Miami (FL),L,29,58,50.0,496,3,27,69,2.6,0,1,2,3
Georgia,2000-10-07,5,,Tennessee,W,8,18,44.4,134,0,51,146,2.9,3,3,0,3
Hawaii,2000-10-07,4,@,Texas Christian,L,18,44,40.9,266,3,16,118,7.4,0,2,0,2
Houston,2000-10-07,6,@,Cincinnati,L,31,44,70.5,326,1,29,77,2.7,3,1,1,2
Idaho,2000-10-07,6,@,West Virginia,L,35,50,70.0,365,2,48,89,1.9,0,0,4,4
Indiana,2000-10-07,5,@,Northwestern,L,23,47,48.9,268,2,38,174,4.6,3,3,1,4
Iowa,2000-10-07,6,,Michigan State,W,17,25,68.0,146,1,37,85,2.3,1,2,0,2
Iowa State,2000-10-07,5,,Nebraska,L,22,43,51.2,346,2,25,37,1.5,1,0,2,2
Kansas,2000-10-07,5,,Kansas State,L,10,23,43.5,128,0,46,103,2.2,2,2,1,3
Kansas State,2000-10-07,6,@,Kansas,W,14,22,63.6,258,1,49,210,4.3,6,0,1,1
Kent State,2000-10-07,6,@,Central Michigan,W,10,21,47.6,132,1,56,188,3.4,2,1,0,1
Kentucky,2000-10-07,6,,South Carolina,L,34,52,65.4,304,1,28,93,3.3,1,0,2,2
Louisiana,2000-10-07,6,,Tulane,L,17,35,48.6,291,1,40,166,4.2,3,0,1,1
Louisiana Tech,2000-10-07,6,@,Middle Tennessee State,L,26,41,63.4,217,1,31,127,4.1,2,1,2,3
Louisiana-Monroe,2000-10-07,6,@,Arkansas,L,13,30,43.3,109,0,32,85,2.7,1,1,2,3
Louisville,2000-10-07,5,@,Alabama-Birmingham,W,21,30,70.0,227,4,39,107,2.7,1,0,1,1
LSU,2000-10-07,6,@,Florida,L,19,38,50.0,249,1,29,92,3.2,0,0,4,4
Maryland,2000-10-07,5,@,Virginia,L,14,34,41.2,207,2,31,109,3.5,0,0,2,2
Memphis,2000-10-07,6,,East Carolina,W,18,25,72.0,175,0,56,129,2.3,2,1,0,1
Miami (FL),2000-10-07,5,,Florida State,W,27,42,64.3,328,2,35,120,3.4,1,3,0,3
Miami (OH),2000-10-07,6,,Ball State,L,15,38,39.5,170,1,24,65,2.7,0,2,2,4
Michigan,2000-10-07,6,@,Purdue,L,26,35,74.3,256,3,29,174,6.0,1,1,0,1
Michigan State,2000-10-07,5,@,Iowa,L,14,36,38.9,180,1,41,286,7.0,1,0,2,2
Middle Tennessee State,2000-10-07,5,,Louisiana Tech,W,16,22,72.7,201,0,44,335,7.6,6,2,0,2
Minnesota,2000-10-07,6,,Penn State,W,12,20,60.0,166,2,49,182,3.7,0,1,0,1
Mississippi State,2000-10-07,5,,Auburn,W,18,31,58.1,208,1,42,135,3.2,1,2,1,3
Missouri,2000-10-07,5,,Oklahoma State,W,14,28,50.0,191,1,39,182,4.7,2,0,1,1
Navy,2000-10-07,5,@,Air Force,L,11,23,47.8,140,0,57,108,1.9,1,2,0,2
Nebraska,2000-10-07,5,@,Iowa State,W,7,17,41.2,164,0,60,336,5.6,6,0,1,1
Nevada,2000-10-07,5,@,Nevada-Las Vegas,L,11,33,33.3,136,1,31,109,3.5,0,0,1,1
New Mexico,2000-10-07,7,@,Colorado State,L,16,22,72.7,203,1,37,73,2.0,1,1,0,1
New Mexico State,2000-10-07,5,,Army,W,10,16,62.5,101,1,52,202,3.9,2,0,0,0
North Carolina State,2000-10-07,5,@,Clemson,L,21,50,42.0,370,3,23,32,1.4,0,0,0,0
Northern Illinois,2000-10-07,5,,Central Florida,W,10,18,55.6,153,2,56,221,3.9,2,1,1,2
Northwestern,2000-10-07,6,,Indiana,W,9,17,52.9,119,2,61,417,6.8,5,1,1,2
Notre Dame,2000-10-07,5,,Stanford,W,10,18,55.6,100,2,50,166,3.3,1,0,0,0
Ohio,2000-10-07,6,,Buffalo,W,4,8,50.0,109,2,62,367,5.9,4,0,1,1
Ohio State,2000-10-07,5,@,Wisconsin,W,8,13,61.5,143,1,44,249,5.7,2,1,1,2
Oklahoma,2000-10-07,5,N,Texas,W,18,28,64.3,289,1,56,245,4.4,7,2,0,2
Oklahoma State,2000-10-07,5,@,Missouri,L,26,44,59.1,257,1,39,102,2.6,0,0,3,3
Ole Miss,2000-10-07,5,,Arkansas State,W,24,33,72.7,251,3,41,163,4.0,2,1,2,3
Oregon State,2000-10-07,5,@,Washington,L,13,25,52.0,314,3,40,160,4.0,1,0,0,0
Penn State,2000-10-07,7,@,Minnesota,L,19,36,52.8,189,1,33,98,3.0,1,2,0,2
Pitt,2000-10-07,5,@,Syracuse,L,21,46,45.7,237,1,32,91,2.8,1,0,0,0
Purdue,2000-10-07,6,,Michigan,W,32,45,71.1,286,2,43,244,5.7,2,0,1,1
San Diego State,2000-10-07,5,@,Wyoming,W,19,27,70.4,317,2,42,117,2.8,2,1,1,2
San Jose State,2000-10-07,6,@,Southern Methodist,W,10,25,40.0,167,2,38,200,5.3,1,2,0,2
SMU,2000-10-07,6,,San Jose State,L,25,54,46.3,324,1,38,136,3.6,0,1,4,5
South Carolina,2000-10-07,6,@,Kentucky,W,17,31,54.8,228,1,30,159,5.3,1,2,0,2
South Florida,2000-10-07,6,@,Southern Mississippi,L,13,27,48.1,133,1,25,18,0.7,0,0,1,1
Southern Mississippi,2000-10-07,5,,South Florida,W,19,35,54.3,180,2,50,169,3.4,3,0,0,0
Stanford,2000-10-07,5,@,Notre Dame,L,19,43,44.2,242,2,29,142,4.9,0,1,1,2
Syracuse,2000-10-07,5,,Pittsburgh,W,20,29,69.0,279,2,53,160,3.0,1,0,0,0
Temple,2000-10-07,6,@,Virginia Tech,L,13,28,46.4,131,1,28,-15,-0.5,0,0,3,3
Tennessee,2000-10-07,5,@,Georgia,L,18,32,56.3,136,0,32,112,3.5,1,1,2,3
Texas,2000-10-07,5,N,Oklahoma,L,20,41,48.8,161,1,17,-7,-0.4,1,1,2,3
Texas A&M,2000-10-07,5,,Colorado,L,28,45,62.2,291,1,36,71,2.0,1,0,0,0
Texas Christian,2000-10-07,5,,Hawaii,W,7,17,41.2,91,0,71,393,5.5,5,1,1,2
Texas Tech,2000-10-07,6,,Baylor,W,33,50,66.0,322,2,27,129,4.8,2,1,0,1
Toledo,2000-10-07,6,@,Eastern Michigan,W,16,26,61.5,123,1,58,281,4.8,4,0,0,0
Tulane,2000-10-07,5,@,Louisiana,W,32,49,65.3,410,2,31,138,4.5,3,1,3,4
Tulsa,2000-10-07,6,,Texas-El Paso,L,19,36,52.8,237,0,26,6,0.2,1,2,2,4
UAB,2000-10-07,5,,Louisville,L,12,30,40.0,187,1,35,38,1.1,1,1,3,4
UCF,2000-10-07,6,@,Northern Illinois,L,31,41,75.6,306,2,22,25,1.1,1,6,1,7
UNLV,2000-10-07,5,,Nevada,W,8,14,57.1,152,2,53,321,6.1,3,0,0,0
USC,2000-10-07,5,,Arizona,L,26,50,52.0,321,1,27,10,0.4,1,2,3,5
UTEP,2000-10-07,6,@,Tulsa,W,17,23,73.9,204,3,49,264,5.4,2,1,0,1
Vanderbilt,2000-10-07,6,@,Wake Forest,W,10,17,58.8,147,1,33,138,4.2,1,0,1,1
Virginia,2000-10-07,6,,Maryland,W,12,20,60.0,222,1,59,263,4.5,3,2,2,4
Virginia Tech,2000-10-07,5,,Temple,W,14,29,48.3,162,1,56,214,3.8,4,1,2,3
Wake Forest,2000-10-07,5,,Vanderbilt,L,12,26,46.2,158,0,56,217,3.9,1,1,0,1
Washington,2000-10-07,5,,Oregon State,W,20,32,62.5,223,1,47,281,6.0,3,0,0,0
Washington State,2000-10-07,5,,Boise State,W,21,31,67.7,290,2,47,131,2.8,3,1,0,1
West Virginia,2000-10-07,5,,Idaho,W,12,30,40.0,131,1,34,116,3.4,2,1,1,2
Wisconsin,2000-10-07,6,,Ohio State,L,19,35,54.3,209,0,43,109,2.5,1,1,1,2
Wyoming,2000-10-07,6,,San Diego State,L,20,30,66.7,158,0,30,26,0.9,0,2,1,3
Virginia Tech,2000-10-12,6,,West Virginia,W,10,18,55.6,233,2,48,271,5.6,4,3,0,3
West Virginia,2000-10-12,6,@,Virginia Tech,L,15,33,45.5,170,1,33,78,2.4,1,0,2,2
Air Force,2000-10-14,6,@,Wyoming,W,8,14,57.1,193,1,71,432,6.1,6,1,0,1
Akron,2000-10-14,7,,Northern Illinois,L,12,28,42.9,324,3,28,116,4.1,2,1,2,3
Alabama,2000-10-14,6,,Mississippi,W,21,26,80.8,296,0,39,168,4.3,4,1,1,2
Arizona,2000-10-14,6,,Washington State,W,15,31,48.4,236,3,57,254,4.5,4,0,2,2
Arizona State,2000-10-14,6,,Washington,L,15,46,32.6,202,1,38,60,1.6,0,4,2,6
Arkansas,2000-10-14,6,@,South Carolina,L,19,37,51.4,151,0,41,100,2.4,1,2,2,4
Arkansas State,2000-10-14,7,@,Idaho,L,15,31,48.4,165,1,35,191,5.5,2,0,1,1
Army,2000-10-14,6,@,East Carolina,L,16,30,53.3,125,1,45,178,4.0,2,0,1,1
Auburn,2000-10-14,7,@,Florida,L,20,34,58.8,203,1,32,119,3.7,0,2,1,3
Ball State,2000-10-14,6,,Eastern Michigan,W,12,19,63.2,97,1,56,192,3.4,3,0,1,1
Baylor,2000-10-14,6,,Texas A&M,L,14,36,38.9,162,0,33,74,2.2,0,0,4,4
Boise State,2000-10-14,6,,Eastern Washington,W,21,39,53.8,333,4,41,19,0.5,1,0,2,2
Boston College,2000-10-14,6,,Syracuse,W,10,24,41.7,119,0,36,176,4.9,1,0,0,0
Bowling Green State,2000-10-14,7,@,Miami (OH),L,16,36,44.4,222,1,42,159,3.8,0,0,2,2
California,2000-10-14,6,,UCLA,W,16,34,47.1,252,3,43,107,2.5,2,3,1,4
Cincinnati,2000-10-14,7,@,Louisville,L,11,29,37.9,142,1,34,108,3.2,2,0,3,3
Clemson,2000-10-14,7,,Maryland,W,10,20,50.0,186,0,61,278,4.6,5,1,1,2
Colorado,2000-10-14,6,,Texas,L,12,36,33.3,78,0,36,55,1.5,1,1,2,3
Colorado State,2000-10-14,6,,Nevada-Las Vegas,W,20,28,71.4,222,0,42,158,3.8,2,1,1,2
Duke,2000-10-14,6,@,Florida State,L,15,37,40.5,152,0,33,108,3.3,1,1,1,2
East Carolina,2000-10-14,6,,Army,W,14,23,60.9,195,2,42,332,7.9,4,0,2,2
Eastern Michigan,2000-10-14,7,@,Ball State,L,19,39,48.7,268,1,23,41,1.8,1,2,0,2
Florida,2000-10-14,7,,Auburn,W,16,26,61.5,243,5,29,116,4.0,0,0,0,0
Florida State,2000-10-14,7,,Duke,W,37,49,75.5,536,5,25,71,2.8,3,0,1,1
Fresno State,2000-10-14,5,,Nevada,W,11,21,52.4,201,1,40,125,3.1,4,0,0,0
Georgia,2000-10-14,6,,Vanderbilt,W,12,31,38.7,215,1,30,92,3.1,1,0,0,0
Georgia Tech,2000-10-14,6,,Wake Forest,W,16,24,66.7,333,4,47,245,5.2,3,0,0,0
Hawaii,2000-10-14,5,,Southern Methodist,W,23,42,54.8,314,2,17,50,2.9,2,1,1,2
Idaho,2000-10-14,7,,Arkansas State,W,24,29,82.8,339,1,43,172,4.0,5,0,0,0
Illinois,2000-10-14,6,,Iowa,W,17,28,60.7,248,3,44,169,3.8,0,1,1,2
Indiana,2000-10-14,6,@,Michigan,L,14,30,46.7,101,0,33,85,2.6,0,2,1,3
Iowa,2000-10-14,7,@,Illinois,L,18,34,52.9,181,0,32,86,2.7,0,2,2,4
Iowa State,2000-10-14,6,@,Oklahoma State,W,19,38,50.0,290,2,40,210,5.3,2,0,1,1
Kansas,2000-10-14,6,@,Missouri,W,14,30,46.7,234,1,58,219,3.8,2,2,1,3
Kansas State,2000-10-14,7,,Oklahoma,L,14,36,38.9,211,1,33,144,4.4,2,0,2,2
Kent State,2000-10-14,7,,Ohio,L,7,20,35.0,41,1,39,141,3.6,0,0,2,2
Kentucky,2000-10-14,7,@,Louisiana State,L,31,55,56.4,280,0,22,117,5.3,0,3,1,4
Louisiana,2000-10-14,7,@,Louisiana Tech,L,10,26,38.5,81,1,48,219,4.6,0,1,1,2
Louisiana Tech,2000-10-14,7,,Louisiana,W,35,48,72.9,399,6,24,97,4.0,0,1,1,2
Louisiana-Monroe,2000-10-14,7,@,Middle Tennessee State,L,20,32,62.5,119,0,25,76,3.0,0,1,0,1
Louisville,2000-10-14,6,,Cincinnati,W,25,32,78.1,326,3,42,147,3.5,1,1,2,3
LSU,2000-10-14,7,,Kentucky,W,15,33,45.5,225,3,46,114,2.5,1,0,0,0
Marshall,2000-10-14,6,@,Toledo,L,21,39,53.8,218,0,28,42,1.5,0,2,2,4
Maryland,2000-10-14,6,@,Clemson,L,8,22,36.4,179,0,37,82,2.2,2,0,3,3
Memphis,2000-10-14,7,@,Alabama-Birmingham,L,11,22,50.0,129,0,35,57,1.6,1,1,1,2
Miami (OH),2000-10-14,7,,Bowling Green State,W,24,43,55.8,222,0,37,141,3.8,3,1,0,1
Michigan,2000-10-14,7,,Indiana,W,17,22,77.3,280,2,52,282,5.4,4,1,0,1
Michigan State,2000-10-14,6,,Wisconsin,L,12,24,50.0,183,1,46,183,4.0,0,0,3,3
Middle Tennessee State,2000-10-14,6,,Louisiana-Monroe,W,14,24,58.3,151,1,42,192,4.6,3,0,0,0
Minnesota,2000-10-14,7,@,Ohio State,W,16,28,57.1,243,2,48,138,2.9,1,1,0,1
Missouri,2000-10-14,6,,Kansas,L,16,34,47.1,237,1,26,10,0.4,0,1,4,5
Navy,2000-10-14,6,N,Notre Dame,L,11,20,55.0,188,2,32,58,1.8,0,2,0,2
Nebraska,2000-10-14,6,@,Texas Tech,W,7,14,50.0,98,1,77,442,5.7,6,1,1,2
Nevada,2000-10-14,6,@,Fresno State,L,29,49,59.2,341,2,29,61,2.1,1,1,2,3
New Mexico State,2000-10-14,6,,Tulsa,W,10,15,66.7,144,3,53,450,8.5,3,1,1,2
North Carolina,2000-10-14,6,,North Carolina State,L,12,25,48.0,128,0,49,158,3.2,2,2,0,2
North Carolina State,2000-10-14,6,@,North Carolina,W,14,26,53.8,221,2,46,171,3.7,3,0,1,1
North Texas,2000-10-14,6,,Utah State,L,8,17,47.1,72,0,35,69,2.0,0,0,1,1
Northern Illinois,2000-10-14,6,@,Akron,W,15,23,65.2,134,0,57,360,6.3,6,1,0,1
Northwestern,2000-10-14,7,,Purdue,L,24,36,66.7,369,3,37,83,2.2,1,1,2,3
Notre Dame,2000-10-14,6,N,Navy,W,14,21,66.7,229,3,55,218,4.0,1,0,1,1
Ohio,2000-10-14,7,@,Kent State,W,9,11,81.8,136,1,56,233,4.2,3,1,0,1
Ohio State,2000-10-14,6,,Minnesota,L,11,28,39.3,130,1,35,70,2.0,1,0,0,0
Oklahoma,2000-10-14,6,@,Kansas State,W,29,38,76.3,374,2,36,11,0.3,3,0,1,1
Oklahoma State,2000-10-14,6,,Iowa State,L,26,46,56.5,328,2,37,132,3.6,1,2,1,3
Ole Miss,2000-10-14,6,@,Alabama,L,20,40,50.0,163,1,26,74,2.8,0,1,3,4
Oregon,2000-10-14,6,@,Southern California,W,28,42,66.7,382,4,41,117,2.9,0,2,1,3
Oregon State,2000-10-14,6,,Stanford,W,14,26,53.8,324,2,37,147,4.0,3,1,0,1
Purdue,2000-10-14,7,@,Northwestern,W,22,40,55.0,239,5,47,222,4.7,1,1,1,2
Rutgers,2000-10-14,6,,Temple,L,19,39,48.7,243,1,27,108,4.0,1,4,1,5
San Diego State,2000-10-14,6,,Utah,L,15,39,38.5,157,0,35,93,2.7,1,0,0,0
San Jose State,2000-10-14,7,,Texas-El Paso,L,16,35,45.7,166,0,26,218,8.4,4,0,1,1
SMU,2000-10-14,7,@,Hawaii,L,16,27,59.3,145,0,47,126,2.7,1,1,0,1
South Carolina,2000-10-14,7,,Arkansas,W,12,21,57.1,170,2,31,174,5.6,2,0,1,1
Southern Mississippi,2000-10-14,6,@,Tulane,W,15,24,62.5,224,2,35,256,7.3,4,1,1,2
Stanford,2000-10-14,6,@,Oregon State,L,18,33,54.5,185,0,49,148,3.0,0,1,2,3
Syracuse,2000-10-14,6,@,Boston College,L,9,22,40.9,134,1,46,306,6.7,0,0,4,4
Temple,2000-10-14,7,@,Rutgers,W,21,32,65.6,254,0,57,202,3.5,6,2,1,3
Texas,2000-10-14,6,@,Colorado,W,23,40,57.5,308,3,41,166,4.0,0,3,1,4
Texas A&M,2000-10-14,6,@,Baylor,W,22,41,53.7,311,1,30,103,3.4,2,1,2,3
Texas Tech,2000-10-14,7,,Nebraska,L,22,48,45.8,181,0,12,19,1.6,0,0,2,2
Toledo,2000-10-14,7,,Marshall,W,13,19,68.4,140,2,49,247,5.0,1,1,0,1
Tulane,2000-10-14,6,,Southern Mississippi,L,22,50,44.0,260,1,49,138,2.8,2,2,2,4
Tulsa,2000-10-14,7,@,New Mexico State,L,14,26,53.8,306,2,40,86,2.2,2,1,0,1
UAB,2000-10-14,6,,Memphis,W,14,27,51.9,144,0,37,56,1.5,1,1,0,1
UCF,2000-10-14,7,,Eastern Kentucky,W,20,33,60.6,255,2,22,80,3.6,1,0,2,2
UCLA,2000-10-14,6,@,California,L,20,40,50.0,309,4,45,45,1.0,1,0,3,3
UNLV,2000-10-14,6,@,Colorado State,L,9,14,64.3,80,2,43,200,4.7,1,0,0,0
USC,2000-10-14,6,,Oregon,L,15,36,41.7,194,1,33,229,6.9,1,1,1,2
Utah,2000-10-14,6,@,San Diego State,W,12,20,60.0,230,3,38,99,2.6,0,1,2,3
Utah State,2000-10-14,6,@,North Texas,W,21,36,58.3,170,0,40,156,3.9,2,0,1,1
UTEP,2000-10-14,7,@,San Jose State,W,21,36,58.3,292,3,50,186,3.7,4,0,1,1
Vanderbilt,2000-10-14,7,@,Georgia,L,29,43,67.4,327,1,30,115,3.8,1,1,3,4
Wake Forest,2000-10-14,6,@,Georgia Tech,L,27,43,62.8,272,1,39,179,4.6,2,2,2,4
Washington,2000-10-14,6,@,Arizona State,W,13,30,43.3,110,1,42,186,4.4,2,5,1,6
Washington State,2000-10-14,6,@,Arizona,L,20,37,54.1,378,6,34,112,3.3,0,3,2,5
Wisconsin,2000-10-14,7,@,Michigan State,W,7,21,33.3,96,1,40,101,2.5,1,0,0,0
Wyoming,2000-10-14,7,,Air Force,L,28,41,68.3,339,2,29,82,2.8,2,0,1,1
East Carolina,2000-10-19,7,@,Louisville,W,11,20,55.0,174,2,48,145,3.0,2,1,2,3
Louisville,2000-10-19,7,,East Carolina,L,22,42,52.4,252,1,38,130,3.4,2,0,4,4
Air Force,2000-10-21,7,,New Mexico,L,15,27,55.6,153,1,38,145,3.8,2,2,1,3
Akron,2000-10-21,8,,Connecticut,L,17,32,53.1,147,2,50,289,5.8,3,2,1,3
Alabama,2000-10-21,7,@,Tennessee,L,14,30,46.7,181,1,28,44,1.6,0,1,2,3
Arizona,2000-10-21,7,@,Oregon,L,15,32,46.9,200,1,32,17,0.5,0,1,1,2
Arizona State,2000-10-21,7,@,Washington State,W,20,32,62.5,251,1,50,117,2.3,2,0,2,2
Arkansas State,2000-10-21,8,,New Mexico State,L,18,23,78.3,244,3,28,208,7.4,1,2,0,2
Army,2000-10-21,7,,Tulane,W,21,34,61.8,171,1,40,221,5.5,2,0,1,1
Auburn,2000-10-21,8,,Louisiana Tech,W,12,18,66.7,135,0,48,301,6.3,5,0,1,1
Ball State,2000-10-21,7,@,Buffalo,W,13,18,72.2,248,3,57,192,3.4,2,2,0,2
Baylor,2000-10-21,7,@,Nebraska,L,7,29,24.1,79,0,27,5,0.2,0,2,0,2
Boise State,2000-10-21,7,,North Texas,W,20,28,71.4,292,4,54,291,5.4,3,2,0,2
Boston College,2000-10-21,7,@,Pittsburgh,L,19,37,51.4,284,2,34,140,4.1,1,0,3,3
Bowling Green State,2000-10-21,8,,Eastern Michigan,W,11,22,50.0,113,0,50,141,2.8,2,0,0,0
Brigham Young,2000-10-21,8,,San Diego State,L,34,58,58.6,376,1,34,63,1.9,0,1,0,1
Buffalo,2000-10-21,7,,Ball State,L,14,24,58.3,172,3,44,252,5.7,2,1,1,2
California,2000-10-21,7,@,Washington,L,14,32,43.8,213,1,29,132,4.6,1,2,1,3
Central Michigan,2000-10-21,7,@,Ohio,L,18,37,48.6,179,0,32,111,3.5,0,0,2,2
Clemson,2000-10-21,8,@,North Carolina,W,14,25,56.0,296,4,45,112,2.5,1,0,0,0
Colorado,2000-10-21,7,@,Kansas,L,20,36,55.6,246,0,32,90,2.8,0,0,0,0
Colorado State,2000-10-21,7,@,Utah,W,18,36,50.0,207,2,35,68,1.9,0,0,1,1
Connecticut,2000-10-21,7,@,Akron,W,22,35,62.9,293,1,43,106,2.5,4,0,0,0
Duke,2000-10-21,7,@,Georgia Tech,L,22,43,51.2,210,1,46,112,2.4,0,1,2,3
Eastern Michigan,2000-10-21,8,@,Bowling Green State,L,21,44,47.7,216,0,21,59,2.8,0,2,0,2
Florida State,2000-10-21,8,,Virginia,W,22,35,62.9,426,2,33,128,3.9,2,1,1,2
Fresno State,2000-10-21,6,@,Texas-El Paso,L,14,31,45.2,142,1,31,93,3.0,1,0,1,1
Georgia,2000-10-21,7,@,Kentucky,W,20,38,52.6,400,4,24,38,1.6,0,0,1,1
Georgia Tech,2000-10-21,7,,Duke,W,12,21,57.1,221,1,35,226,6.5,5,0,1,1
Hawaii,2000-10-21,6,@,Rice,L,25,48,52.1,227,1,9,10,1.1,0,0,5,5
Houston,2000-10-21,7,@,Memphis,W,33,50,66.0,262,4,31,64,2.1,0,1,1,2
Idaho,2000-10-21,8,@,Utah State,L,27,45,60.0,251,0,36,155,4.3,2,1,1,2
Illinois,2000-10-21,7,@,Penn State,L,30,50,60.0,343,3,32,129,4.0,0,2,2,4
Indiana,2000-10-21,7,,Minnesota,W,12,21,57.1,263,2,54,348,6.4,5,1,1,2
Iowa,2000-10-21,8,,Ohio State,L,22,42,52.4,233,1,39,13,0.3,0,1,1,2
Iowa State,2000-10-21,7,,Texas A&M,L,16,35,45.7,137,1,26,102,3.9,0,0,2,2
Kansas,2000-10-21,7,,Colorado,W,10,22,45.5,152,0,51,262,5.1,2,1,0,1
Kansas State,2000-10-21,8,,Texas Tech,W,13,25,52.0,160,1,44,125,2.8,3,0,2,2
Kent State,2000-10-21,8,@,Marshall,L,16,37,43.2,162,1,36,75,2.1,0,0,1,1
Kentucky,2000-10-21,8,,Georgia,L,39,58,67.2,528,2,26,92,3.5,1,0,2,2
Louisiana Tech,2000-10-21,8,@,Auburn,L,47,65,72.3,433,4,17,36,2.1,0,1,2,3
Louisiana-Monroe,2000-10-21,8,@,Central Florida,L,17,34,50.0,182,0,38,-20,-0.5,0,3,1,4
LSU,2000-10-21,8,,Mississippi State,W,24,38,63.2,246,2,43,220,5.1,4,1,1,2
Marshall,2000-10-21,7,,Kent State,W,31,42,73.8,312,2,30,181,6.0,2,1,0,1
Maryland,2000-10-21,7,,Wake Forest,W,20,31,64.5,246,1,42,233,5.5,3,1,0,1
Memphis,2000-10-21,8,,Houston,L,12,26,46.2,129,2,46,73,1.6,1,1,0,1
Miami (FL),2000-10-21,6,@,Temple,W,12,23,52.2,205,2,36,152,4.2,2,3,1,4
Michigan,2000-10-21,8,,Michigan State,W,17,31,54.8,138,0,35,188,5.4,2,1,0,1
Michigan State,2000-10-21,7,@,Michigan,L,26,37,70.3,292,0,44,63,1.4,0,1,1,2
Middle Tennessee State,2000-10-21,7,@,Alabama-Birmingham,L,16,29,55.2,146,1,20,65,3.3,0,0,1,1
Minnesota,2000-10-21,8,@,Indiana,L,23,36,63.9,324,2,41,151,3.7,2,1,1,2
Mississippi State,2000-10-21,6,@,Louisiana State,L,12,26,46.2,215,2,40,239,6.0,3,0,1,1
Missouri,2000-10-21,7,@,Texas,L,12,33,36.4,176,1,38,145,3.8,0,1,2,3
Navy,2000-10-21,7,,Rutgers,L,8,18,44.4,107,0,70,260,3.7,3,1,0,1
Nebraska,2000-10-21,7,,Baylor,W,5,12,41.7,49,0,67,459,6.9,7,0,0,0
Nevada,2000-10-21,7,,San Jose State,L,28,51,54.9,357,3,38,157,4.1,0,0,2,2
New Mexico,2000-10-21,8,@,Air Force,W,10,17,58.8,170,1,55,251,4.6,2,0,0,0
New Mexico State,2000-10-21,7,@,Arkansas State,W,21,40,52.5,258,3,55,259,4.7,1,1,0,1
North Carolina,2000-10-21,7,,Clemson,L,18,34,52.9,314,0,38,89,2.3,3,1,2,3
North Texas,2000-10-21,7,@,Boise State,L,3,20,15.0,42,0,39,120,3.1,0,0,3,3
Northern Illinois,2000-10-21,7,@,Western Michigan,L,12,20,60.0,193,2,38,162,4.3,1,1,1,2
Notre Dame,2000-10-21,7,@,West Virginia,W,9,17,52.9,146,2,43,227,5.3,3,0,0,0
Ohio,2000-10-21,8,,Central Michigan,W,4,11,36.4,63,0,62,444,7.2,7,1,0,1
Ohio State,2000-10-21,7,@,Iowa,W,20,36,55.6,338,3,33,108,3.3,2,0,0,0
Oregon,2000-10-21,7,,Arizona,W,9,22,40.9,123,2,45,137,3.0,0,0,1,1
Oregon State,2000-10-21,7,@,UCLA,W,23,37,62.2,351,4,53,253,4.8,1,2,1,3
Penn State,2000-10-21,8,,Illinois,W,13,24,54.2,208,2,46,182,4.0,2,1,0,1
Pitt,2000-10-21,6,,Boston College,W,16,29,55.2,332,5,45,252,5.6,1,1,0,1
Purdue,2000-10-21,8,@,Wisconsin,W,21,43,48.8,274,2,26,145,5.6,1,0,0,0
Rice,2000-10-21,7,,Hawaii,W,3,7,42.9,45,1,69,315,4.6,4,0,0,0
Rutgers,2000-10-21,7,@,Navy,W,18,33,54.5,304,2,32,112,3.5,1,0,1,1
San Diego State,2000-10-21,7,@,Brigham Young,W,14,30,46.7,239,0,28,70,2.5,2,2,0,2
San Jose State,2000-10-21,8,@,Nevada,W,19,27,70.4,238,0,46,265,5.8,7,2,0,2
South Carolina,2000-10-21,8,@,Vanderbilt,W,12,26,46.2,151,0,52,339,6.5,4,1,1,2
South Florida,2000-10-21,7,,Liberty,W,14,24,58.3,255,4,34,102,3.0,1,2,0,2
Stanford,2000-10-21,7,,Southern California,W,20,41,48.8,223,1,55,198,3.6,4,0,2,2
Syracuse,2000-10-21,7,,Virginia Tech,L,13,25,52.0,217,1,41,111,2.7,1,1,4,5
Temple,2000-10-21,8,,Miami (FL),L,17,31,54.8,135,0,44,122,2.8,1,1,1,2
Tennessee,2000-10-21,6,,Alabama,W,17,24,70.8,213,2,42,96,2.3,0,0,0,0
Texas,2000-10-21,7,,Missouri,W,21,32,65.6,282,3,36,212,5.9,1,3,1,4
Texas A&M,2000-10-21,7,@,Iowa State,W,16,27,59.3,248,2,50,221,4.4,1,1,0,1
Texas Christian,2000-10-21,6,@,Tulsa,W,7,12,58.3,62,1,46,223,4.8,1,1,0,1
Texas Tech,2000-10-21,8,@,Kansas State,L,29,60,48.3,302,1,28,35,1.3,2,0,2,2
Tulane,2000-10-21,7,@,Army,L,23,43,53.5,268,2,38,164,4.3,0,0,2,2
Tulsa,2000-10-21,8,,Texas Christian,L,18,39,46.2,222,0,39,72,1.8,0,0,4,4
UAB,2000-10-21,7,,Middle Tennessee State,W,17,28,60.7,153,1,58,240,4.1,1,1,0,1
UCF,2000-10-21,8,,Louisiana-Monroe,W,17,29,58.6,338,5,22,84,3.8,2,0,1,1
UCLA,2000-10-21,7,,Oregon State,L,19,33,57.6,363,2,31,72,2.3,2,1,0,1
UNLV,2000-10-21,7,,Wyoming,W,9,15,60.0,175,2,35,193,5.5,3,0,2,2
USC,2000-10-21,7,@,Stanford,L,15,30,50.0,190,0,29,230,7.9,4,0,2,2
Utah,2000-10-21,7,,Colorado State,L,9,24,37.5,142,1,39,110,2.8,0,1,3,4
Utah State,2000-10-21,7,,Idaho,W,20,36,55.6,439,3,37,130,3.5,1,2,0,2
UTEP,2000-10-21,8,,Fresno State,W,20,29,69.0,212,1,44,157,3.6,2,0,1,1
Vanderbilt,2000-10-21,8,,South Carolina,L,14,27,51.9,214,1,27,148,5.5,1,1,2,3
Virginia,2000-10-21,7,@,Florida State,L,14,27,51.9,166,0,46,33,0.7,0,3,2,5
Virginia Tech,2000-10-21,7,@,Syracuse,W,6,11,54.5,75,0,48,165,3.4,3,0,0,0
Wake Forest,2000-10-21,7,@,Maryland,L,29,50,58.0,354,1,30,72,2.4,0,1,3,4
Washington,2000-10-21,7,,California,W,19,35,54.3,225,2,42,113,2.7,2,1,0,1
Washington State,2000-10-21,7,,Arizona State,L,14,32,43.8,321,1,37,167,4.5,1,2,3,5
West Virginia,2000-10-21,7,,Notre Dame,L,16,35,45.7,305,1,46,134,2.9,3,0,1,1
Western Michigan,2000-10-21,7,,Northern Illinois,W,22,35,62.9,209,2,46,209,4.5,5,0,0,0
Wisconsin,2000-10-21,8,,Purdue,L,21,29,72.4,243,2,42,158,3.8,1,1,0,1
Wyoming,2000-10-21,8,@,Nevada-Las Vegas,L,28,42,66.7,237,2,43,127,3.0,1,1,0,1
Brigham Young,2000-10-26,9,,Wyoming,W,22,34,64.7,225,0,40,128,3.2,2,3,1,4
Wyoming,2000-10-26,9,@,Brigham Young,L,19,30,63.3,169,1,36,68,1.9,0,1,4,5
Air Force,2000-10-28,8,@,Notre Dame,L,17,29,58.6,265,2,53,206,3.9,1,1,0,1
Akron,2000-10-28,9,,Marshall,L,11,25,44.0,170,1,52,235,4.5,3,0,1,1
Alabama,2000-10-28,8,,Central Florida,L,15,30,50.0,250,2,34,179,5.3,2,1,4,5
Arizona,2000-10-28,8,,UCLA,L,7,18,38.9,105,0,45,211,4.7,2,0,4,4
Arizona State,2000-10-28,8,,Oregon,L,21,34,61.8,432,5,51,235,4.6,2,3,1,4
Arkansas,2000-10-28,7,@,Auburn,L,20,42,47.6,204,0,29,166,5.7,2,0,3,3
Arkansas State,2000-10-28,9,@,Utah State,L,22,44,50.0,231,1,30,68,2.3,3,1,1,2
Auburn,2000-10-28,9,,Arkansas,W,19,30,63.3,240,1,39,113,2.9,2,1,2,3
Ball State,2000-10-28,8,@,Central Michigan,W,18,30,60.0,228,2,68,381,5.6,4,2,2,4
Baylor,2000-10-28,8,@,Texas,L,9,33,27.3,77,1,32,57,1.8,0,1,4,5
Boise State,2000-10-28,8,@,New Mexico State,W,23,36,63.9,375,3,42,166,4.0,1,0,0,0
Boston College,2000-10-28,8,,Rutgers,W,11,18,61.1,159,3,55,325,5.9,3,1,0,1
Buffalo,2000-10-28,8,@,Northern Illinois,L,9,29,31.0,107,1,30,174,5.8,0,0,4,4
California,2000-10-28,8,@,Southern California,W,7,12,58.3,131,2,39,82,2.1,1,1,0,1
Central Michigan,2000-10-28,8,,Ball State,L,7,23,30.4,83,1,36,153,4.3,2,0,0,0
Cincinnati,2000-10-28,8,,Miami (OH),W,16,29,55.2,201,2,41,182,4.4,3,0,0,0
Clemson,2000-10-28,9,,Georgia Tech,L,15,27,55.6,207,2,37,147,4.0,1,1,1,2
Colorado,2000-10-28,8,,Oklahoma State,W,24,37,64.9,389,3,29,135,4.7,2,1,0,1
Colorado State,2000-10-28,8,@,San Diego State,W,22,34,64.7,232,2,33,84,2.5,1,1,1,2
Connecticut,2000-10-28,8,,South Florida,L,14,36,38.9,180,0,30,115,3.8,1,0,1,1
Duke,2000-10-28,8,,Maryland,L,22,38,57.9,253,1,40,13,0.3,0,1,2,3
East Carolina,2000-10-28,8,,Alabama-Birmingham,L,18,35,51.4,253,1,41,157,3.8,0,0,0,0
Florida,2000-10-28,8,N,Georgia,W,18,36,50.0,247,2,32,69,2.2,2,1,3,4
Florida State,2000-10-28,9,@,North Carolina State,W,14,22,63.6,195,2,54,324,6.0,5,0,0,0
Fresno State,2000-10-28,7,,Tulsa,W,17,24,70.8,252,4,37,199,5.4,0,0,1,1
Georgia,2000-10-28,8,N,Florida,L,20,40,50.0,240,1,45,173,3.8,2,1,3,4
Georgia Tech,2000-10-28,8,@,Clemson,W,35,57,61.4,454,3,40,96,2.4,0,0,0,0
Hawaii,2000-10-28,7,,San Jose State,L,38,74,51.4,492,5,20,74,3.7,2,0,2,2
Houston,2000-10-28,8,,Southern Mississippi,L,15,31,48.4,150,0,30,-2,-0.1,0,0,0,0
Illinois,2000-10-28,8,@,Michigan State,L,13,29,44.8,104,0,45,182,4.0,0,0,2,2
Indiana,2000-10-28,8,,Penn State,L,10,23,43.5,91,0,46,225,4.9,3,1,3,4
Iowa,2000-10-28,9,,Wisconsin,L,13,27,48.1,122,1,24,84,3.5,0,0,2,2
Iowa State,2000-10-28,8,,Missouri,W,10,17,58.8,156,0,50,339,6.8,5,0,1,1
Kansas,2000-10-28,8,,Texas Tech,L,23,41,56.1,327,2,44,172,3.9,3,1,0,1
Kansas State,2000-10-28,9,@,Texas A&M,L,14,40,35.0,227,1,34,118,3.5,0,0,3,3
Kent State,2000-10-28,9,,Western Michigan,L,7,16,43.8,27,0,32,94,2.9,0,0,0,0
Louisiana,2000-10-28,8,,North Texas,L,17,31,54.8,135,0,40,114,2.9,0,3,1,4
Louisiana Tech,2000-10-28,9,@,Miami (FL),L,42,72,58.3,418,3,18,67,3.7,1,0,3,3
Louisville,2000-10-28,8,,Tulane,W,24,42,57.1,283,3,37,114,3.1,2,2,0,2
Marshall,2000-10-28,8,@,Akron,W,26,49,53.1,393,2,28,43,1.5,2,1,0,1
Maryland,2000-10-28,8,@,Duke,W,12,23,52.2,182,0,34,172,5.1,2,0,3,3
Miami (FL),2000-10-28,7,,Louisiana Tech,W,16,31,51.6,185,1,48,331,6.9,4,1,3,4
Miami (OH),2000-10-28,8,@,Cincinnati,L,20,43,46.5,261,2,42,128,3.0,0,2,2,4
Michigan State,2000-10-28,8,,Illinois,W,13,24,54.2,117,0,46,180,3.9,2,1,2,3
Middle Tennessee State,2000-10-28,8,@,Mississippi State,L,18,40,45.0,337,3,33,190,5.8,2,1,3,4
Minnesota,2000-10-28,9,,Northwestern,L,20,36,55.6,316,2,35,120,3.4,2,0,1,1
Mississippi State,2000-10-28,7,,Middle Tennessee State,W,18,26,69.2,260,1,45,270,6.0,7,1,0,1
Missouri,2000-10-28,8,@,Iowa State,L,13,34,38.2,171,1,48,256,5.3,2,0,2,2
Navy,2000-10-28,8,,Toledo,L,10,18,55.6,105,0,46,127,2.8,2,1,1,2
Nebraska,2000-10-28,8,@,Oklahoma,L,12,27,44.4,133,1,43,195,4.5,1,1,1,2
Nevada,2000-10-28,8,@,Southern Methodist,L,22,39,56.4,306,1,23,19,0.8,0,1,4,5
New Mexico,2000-10-28,9,,Utah,W,6,12,50.0,39,1,53,161,3.0,0,0,0,0
New Mexico State,2000-10-28,8,,Boise State,L,9,15,60.0,160,3,47,317,6.7,1,0,0,0
North Carolina,2000-10-28,8,@,Virginia,L,22,39,56.4,223,0,49,157,3.2,0,1,1,2
North Carolina State,2000-10-28,7,,Florida State,L,21,43,48.8,235,2,22,49,2.2,0,0,3,3
North Texas,2000-10-28,8,@,Louisiana,W,6,11,54.5,108,0,41,207,5.0,1,1,1,2
Northern Illinois,2000-10-28,8,,Buffalo,W,21,32,65.6,360,3,54,286,5.3,7,0,0,0
Northwestern,2000-10-28,8,@,Minnesota,W,18,32,56.3,209,2,65,334,5.1,4,2,0,2
Notre Dame,2000-10-28,8,,Air Force,W,10,25,40.0,171,3,47,212,4.5,2,1,0,1
Ohio State,2000-10-28,8,@,Purdue,L,17,29,58.6,208,0,31,70,2.3,2,1,1,2
Oklahoma,2000-10-28,7,,Nebraska,W,20,34,58.8,300,1,35,118,3.4,2,0,1,1
Oklahoma State,2000-10-28,7,@,Colorado,L,30,49,61.2,313,2,38,114,3.0,1,0,1,1
Ole Miss,2000-10-28,7,,Nevada-Las Vegas,W,18,29,62.1,288,3,38,164,4.3,3,0,0,0
Oregon,2000-10-28,8,@,Arizona State,W,26,43,60.5,434,6,40,131,3.3,2,2,0,2
Oregon State,2000-10-28,8,,Washington State,W,13,30,43.3,146,2,43,267,6.2,2,0,1,1
Penn State,2000-10-28,9,@,Indiana,W,18,23,78.3,198,1,35,161,4.6,2,1,0,1
Pitt,2000-10-28,7,@,Virginia Tech,L,17,26,65.4,311,4,29,24,0.8,1,0,1,1
Purdue,2000-10-28,9,,Ohio State,W,39,65,60.0,455,3,28,31,1.1,1,0,4,4
Rice,2000-10-28,8,@,Texas Christian,L,3,13,23.1,46,0,52,140,2.7,0,2,0,2
Rutgers,2000-10-28,8,@,Boston College,L,13,36,36.1,171,1,37,133,3.6,0,0,2,2
San Diego State,2000-10-28,8,,Colorado State,L,30,46,65.2,393,1,25,26,1.0,0,1,2,3
San Jose State,2000-10-28,9,@,Hawaii,W,12,22,54.5,227,3,50,285,5.7,3,1,0,1
SMU,2000-10-28,8,,Nevada,W,25,35,71.4,233,2,36,143,4.0,1,0,1,1
South Carolina,2000-10-28,9,,Tennessee,L,16,31,51.6,268,1,29,24,0.8,0,1,1,2
South Florida,2000-10-28,8,@,Connecticut,W,19,28,67.9,165,1,43,151,3.5,2,1,0,1
Southern Mississippi,2000-10-28,7,@,Houston,W,18,33,54.5,215,0,38,113,3.0,0,1,0,1
Stanford,2000-10-28,8,,Washington,L,13,30,43.3,166,1,44,182,4.1,2,1,0,1
Tennessee,2000-10-28,7,@,South Carolina,W,19,31,61.3,152,0,39,101,2.6,2,1,1,2
Texas,2000-10-28,8,,Baylor,W,23,50,46.0,383,2,36,90,2.5,3,1,1,2
Texas A&M,2000-10-28,8,,Kansas State,W,12,20,60.0,155,0,53,171,3.2,3,0,0,0
Texas Christian,2000-10-28,7,,Rice,W,11,21,52.4,151,1,51,249,4.9,3,0,1,1
Texas Tech,2000-10-28,9,@,Kansas,W,33,49,67.3,409,4,32,80,2.5,1,1,0,1
Toledo,2000-10-28,8,@,Navy,W,17,28,60.7,135,1,41,251,6.1,3,2,0,2
Tulane,2000-10-28,8,@,Louisville,L,43,72,59.7,388,3,25,59,2.4,0,1,3,4
Tulsa,2000-10-28,9,@,Fresno State,L,30,55,54.5,352,0,32,78,2.4,2,2,2,4
UAB,2000-10-28,8,@,East Carolina,W,15,26,57.7,192,1,36,156,4.3,0,0,0,0
UCF,2000-10-28,9,@,Alabama,W,27,49,55.1,283,3,33,95,2.9,0,1,1,2
UCLA,2000-10-28,8,@,Arizona,W,19,35,54.3,230,1,39,54,1.4,2,0,2,2
UNLV,2000-10-28,8,@,Mississippi,L,7,25,28.0,93,1,59,378,6.4,4,0,2,2
USC,2000-10-28,8,,California,L,19,39,48.7,202,1,39,118,3.0,1,1,2,3
Utah,2000-10-28,8,@,New Mexico,L,13,31,41.9,185,0,27,60,2.2,0,0,2,2
Utah State,2000-10-28,8,,Arkansas State,W,24,43,55.8,247,1,39,236,6.1,4,1,0,1
Virginia,2000-10-28,8,,North Carolina,W,8,15,53.3,122,0,33,105,3.2,2,1,0,1
Virginia Tech,2000-10-28,8,,Pittsburgh,W,15,28,53.6,194,0,61,283,4.6,4,1,1,2
Washington,2000-10-28,8,@,Stanford,W,15,26,57.7,216,1,42,170,4.0,3,0,2,2
Washington State,2000-10-28,8,@,Oregon State,L,17,37,45.9,184,1,31,56,1.8,0,0,2,2
Western Michigan,2000-10-28,8,@,Kent State,W,22,35,62.9,261,1,51,241,4.7,5,0,0,0
Wisconsin,2000-10-28,9,@,Iowa,W,18,26,69.2,292,0,50,118,2.4,1,2,1,3
Brigham Young,2000-11-02,10,@,Colorado State,L,18,41,43.9,120,1,16,57,3.6,2,2,3,5
Colorado State,2000-11-02,9,,Brigham Young,W,19,31,61.3,298,3,43,165,3.8,3,3,0,3
Air Force,2000-11-04,9,@,Army,W,14,22,63.6,163,0,59,278,4.7,3,0,0,0
Alabama,2000-11-04,9,@,Louisiana State,L,15,33,45.5,150,2,38,164,4.3,2,2,1,3
Arizona,2000-11-04,9,@,Washington,L,13,34,38.2,208,0,51,263,5.2,3,1,0,1
Arizona State,2000-11-04,9,,Southern California,L,30,54,55.6,314,2,36,77,2.1,1,1,1,2
Arkansas,2000-11-04,8,,Mississippi,L,16,37,43.2,181,1,36,212,5.9,2,0,2,2
Arkansas State,2000-11-04,10,,Boise State,L,19,28,67.9,219,2,23,53,2.3,0,1,0,1
Army,2000-11-04,8,,Air Force,L,15,32,46.9,134,0,35,233,6.7,3,0,2,2
Ball State,2000-11-04,9,,Western Michigan,L,11,31,35.5,96,0,45,132,2.9,0,0,2,2
Baylor,2000-11-04,9,,Oklahoma,L,9,30,30.0,25,0,28,69,2.5,0,0,2,2
Boise State,2000-11-04,9,@,Arkansas State,W,20,28,71.4,304,3,52,206,4.0,3,1,1,2
Boston College,2000-11-04,9,,Temple,W,19,28,67.9,273,2,45,154,3.4,2,0,1,1
Bowling Green State,2000-11-04,9,,Marshall,L,12,24,50.0,123,1,40,85,2.1,0,0,3,3
Buffalo,2000-11-04,9,,Kent State,W,23,36,63.9,323,1,50,73,1.5,1,0,1,1
California,2000-11-04,9,,Oregon State,L,17,44,38.6,349,3,30,27,0.9,0,0,2,2
Central Michigan,2000-11-04,9,@,Eastern Michigan,L,23,41,56.1,276,1,36,40,1.1,1,3,2,5
Cincinnati,2000-11-04,9,,Alabama-Birmingham,W,20,32,62.5,351,2,44,126,2.9,1,1,1,2
Clemson,2000-11-04,10,@,Florida State,L,15,38,39.5,167,0,36,95,2.6,1,1,3,4
Colorado,2000-11-04,9,@,Missouri,W,17,32,53.1,147,2,34,54,1.6,1,1,2,3
Connecticut,2000-11-04,9,,Middle Tennessee State,L,24,46,52.2,276,1,28,81,2.9,0,1,4,5
Duke,2000-11-04,9,@,Wake Forest,L,29,46,63.0,354,1,30,50,1.7,2,0,2,2
Eastern Michigan,2000-11-04,9,,Central Michigan,W,17,26,65.4,109,1,49,225,4.6,2,0,1,1
Florida,2000-11-04,9,@,Vanderbilt,W,21,36,58.3,334,2,38,141,3.7,3,1,2,3
Florida State,2000-11-04,10,,Clemson,W,27,43,62.8,521,2,40,250,6.3,4,2,0,2
Fresno State,2000-11-04,8,,Hawaii,W,23,31,74.2,257,2,42,209,5.0,3,1,0,1
Hawaii,2000-11-04,8,@,Fresno State,L,26,44,59.1,297,2,27,138,5.1,2,0,2,2
Houston,2000-11-04,9,@,Tulane,L,25,45,55.6,248,1,38,146,3.8,2,0,0,0
Idaho,2000-11-04,9,@,North Texas,W,27,45,60.0,319,0,35,150,4.3,1,1,0,1
Illinois,2000-11-04,9,,Indiana,W,21,29,72.4,277,3,36,99,2.8,2,0,0,0
Indiana,2000-11-04,9,@,Illinois,L,10,18,55.6,130,0,65,447,6.9,5,1,1,2
Iowa,2000-11-04,10,@,Penn State,W,25,37,67.6,232,1,44,162,3.7,1,0,1,1
Iowa State,2000-11-04,9,@,Kansas State,L,18,42,42.9,211,0,28,80,2.9,1,1,2,3
Kansas,2000-11-04,9,@,Nebraska,L,16,31,51.6,169,0,29,97,3.3,2,1,1,2
Kansas State,2000-11-04,10,,Iowa State,W,13,20,65.0,216,2,60,367,6.1,6,1,0,1
Kent State,2000-11-04,10,@,Buffalo,L,18,31,58.1,185,1,39,108,2.8,1,0,1,1
Kentucky,2000-11-04,9,,Mississippi State,L,23,53,43.4,264,1,31,122,3.9,1,3,4,7
Louisiana,2000-11-04,9,@,Louisiana-Monroe,W,15,30,50.0,177,1,39,91,2.3,2,0,1,1
Louisiana Tech,2000-11-04,10,,Central Florida,L,34,52,65.4,363,1,28,53,1.9,1,0,2,2
Louisiana-Monroe,2000-11-04,9,,Louisiana,L,14,26,53.8,147,1,33,81,2.5,0,0,2,2
Louisville,2000-11-04,9,@,Southern Mississippi,W,25,42,59.5,293,2,33,126,3.8,3,2,0,2
LSU,2000-11-04,9,,Alabama,W,18,31,58.1,275,4,39,133,3.4,0,0,0,0
Marshall,2000-11-04,9,@,Bowling Green State,W,20,35,57.1,202,0,31,64,2.1,1,0,2,2
Maryland,2000-11-04,9,,North Carolina State,W,21,34,61.8,200,2,41,138,3.4,3,0,1,1
Memphis,2000-11-04,9,,Tennessee,L,15,27,55.6,137,2,28,47,1.7,0,2,0,2
Miami (FL),2000-11-04,8,,Virginia Tech,W,11,23,47.8,283,3,39,183,4.7,2,1,0,1
Miami (OH),2000-11-04,9,,Ohio,W,9,21,42.9,213,2,35,135,3.9,2,0,1,1
Michigan,2000-11-04,9,@,Northwestern,L,24,37,64.9,318,4,44,217,4.9,3,2,0,2
Michigan State,2000-11-04,9,@,Ohio State,L,14,24,58.3,103,0,39,108,2.8,2,2,2,4
Middle Tennessee State,2000-11-04,9,@,Connecticut,W,21,28,75.0,269,1,41,301,7.3,7,0,0,0
Minnesota,2000-11-04,10,@,Wisconsin,L,18,32,56.3,187,0,51,303,5.9,2,1,3,4
Mississippi State,2000-11-04,8,@,Kentucky,W,11,20,55.0,212,1,44,253,5.8,2,3,2,5
Missouri,2000-11-04,9,,Colorado,L,17,34,50.0,246,1,60,159,2.7,1,2,3,5
Nebraska,2000-11-04,9,,Kansas,W,7,8,87.5,69,1,73,493,6.8,7,2,0,2
Nevada,2000-11-04,9,,Texas-El Paso,L,21,48,43.8,258,2,26,44,1.7,1,1,3,4
New Mexico,2000-11-04,10,,San Diego State,L,14,30,46.7,154,0,42,114,2.7,1,1,1,2
New Mexico State,2000-11-04,9,,Utah State,L,15,32,46.9,226,3,52,369,7.1,2,1,0,1
North Carolina,2000-11-04,9,@,Pittsburgh,W,13,32,40.6,164,0,47,129,2.7,2,0,2,2
North Carolina State,2000-11-04,8,@,Maryland,L,16,35,45.7,183,3,47,218,4.6,1,1,0,1
North Texas,2000-11-04,9,,Idaho,L,10,24,41.7,145,1,42,134,3.2,1,0,0,0
Northern Illinois,2000-11-04,9,,Toledo,L,13,26,50.0,193,0,36,165,4.6,3,0,1,1
Northwestern,2000-11-04,9,,Michigan,W,27,40,67.5,322,2,50,332,6.6,4,0,0,0
Ohio,2000-11-04,9,@,Miami (OH),L,3,6,50.0,38,1,70,399,5.7,2,1,1,2
Ohio State,2000-11-04,9,,Michigan State,W,9,21,42.9,132,0,50,157,3.1,2,1,2,3
Oklahoma,2000-11-04,8,@,Baylor,W,25,38,65.8,387,5,39,129,3.3,2,0,2,2
Oklahoma State,2000-11-04,8,,Texas A&M,L,16,33,48.5,155,0,35,167,4.8,1,0,2,2
Ole Miss,2000-11-04,8,@,Arkansas,W,10,25,40.0,109,2,42,194,4.6,2,0,0,0
Oregon,2000-11-04,9,@,Washington State,W,18,39,46.2,212,1,21,94,4.5,1,0,1,1
Oregon State,2000-11-04,9,@,California,W,11,28,39.3,317,0,47,207,4.4,5,1,1,2
Penn State,2000-11-04,10,,Iowa,L,27,51,52.9,302,1,30,132,4.4,1,0,1,1
Pitt,2000-11-04,8,,North Carolina,L,18,39,46.2,344,2,32,63,2.0,0,3,0,3
Rice,2000-11-04,9,,Southern Methodist,W,1,5,20.0,12,0,62,301,4.9,4,0,0,0
San Diego State,2000-11-04,9,@,New Mexico,W,12,24,50.0,148,0,38,35,0.9,1,2,0,2
San Jose State,2000-11-04,10,,Texas Christian,W,11,24,45.8,237,2,45,138,3.1,1,0,2,2
SMU,2000-11-04,9,@,Rice,L,13,26,50.0,93,2,35,133,3.8,0,1,3,4
South Florida,2000-11-04,9,,Western Kentucky,W,27,39,69.2,360,2,25,89,3.6,1,1,0,1
Southern Mississippi,2000-11-04,8,,Louisville,L,18,32,56.3,300,2,36,61,1.7,2,0,4,4
Stanford,2000-11-04,9,@,UCLA,L,23,46,50.0,317,3,40,178,4.5,2,2,2,4
Syracuse,2000-11-04,8,@,West Virginia,W,20,37,54.1,216,2,42,183,4.4,2,0,1,1
Temple,2000-11-04,9,@,Boston College,L,10,24,41.7,126,0,32,92,2.9,0,1,3,4
Tennessee,2000-11-04,8,@,Memphis,W,19,31,61.3,224,0,42,99,2.4,1,2,1,3
Texas,2000-11-04,9,@,Texas Tech,W,20,35,57.1,182,0,53,233,4.4,2,1,1,2
Texas A&M,2000-11-04,9,@,Oklahoma State,W,24,37,64.9,246,1,37,190,5.1,2,1,1,2
Texas Christian,2000-11-04,8,@,San Jose State,L,12,23,52.2,194,1,42,164,3.9,2,2,1,3
Texas Tech,2000-11-04,10,,Texas,L,28,49,57.1,282,1,14,17,1.2,1,3,2,5
Toledo,2000-11-04,9,@,Northern Illinois,W,21,26,80.8,226,2,55,335,6.1,3,1,0,1
Tulane,2000-11-04,9,,Houston,W,19,33,57.6,309,4,35,142,4.1,2,1,1,2
UAB,2000-11-04,9,@,Cincinnati,L,17,34,50.0,183,1,35,138,3.9,1,2,2,4
UCF,2000-11-04,10,@,Louisiana Tech,W,18,37,48.6,254,2,24,47,2.0,1,0,1,1
UCLA,2000-11-04,9,,Stanford,W,17,28,60.7,346,3,40,117,2.9,1,1,2,3
UNLV,2000-11-04,9,@,Utah,L,11,21,52.4,78,0,40,163,4.1,1,2,0,2
USC,2000-11-04,9,@,Arizona State,W,22,37,59.5,279,2,45,261,5.8,3,4,2,6
Utah,2000-11-04,9,,Nevada-Las Vegas,W,13,21,61.9,157,3,44,193,4.4,2,1,0,1
Utah State,2000-11-04,9,@,New Mexico State,W,24,39,61.5,297,2,36,322,8.9,4,2,0,2
UTEP,2000-11-04,9,@,Nevada,W,20,35,57.1,323,2,50,179,3.6,4,2,0,2
Vanderbilt,2000-11-04,9,,Florida,L,15,41,36.6,147,0,33,52,1.6,1,0,5,5
Virginia Tech,2000-11-04,9,@,Miami (FL),L,15,30,50.0,234,1,44,162,3.7,2,1,2,3
Wake Forest,2000-11-04,8,,Duke,W,13,20,65.0,138,0,48,244,5.1,4,1,0,1
Washington,2000-11-04,9,,Arizona,W,17,34,50.0,196,0,30,211,7.0,4,3,1,4
Washington State,2000-11-04,9,,Oregon,L,14,34,41.2,217,0,47,122,2.6,3,0,1,1
West Virginia,2000-11-04,8,,Syracuse,L,8,21,38.1,156,0,37,169,4.6,2,0,2,2
Western Michigan,2000-11-04,9,@,Ball State,W,22,39,56.4,314,2,36,210,5.8,4,0,2,2
Wisconsin,2000-11-04,10,,Minnesota,W,12,21,57.1,204,2,46,216,4.7,2,0,1,1
Georgia Tech,2000-11-09,9,,Virginia,W,29,37,78.4,323,2,57,304,5.3,3,0,0,0
Virginia,2000-11-09,9,@,Georgia Tech,L,14,30,46.7,136,0,29,154,5.3,0,2,1,3
Air Force,2000-11-11,10,,Colorado State,W,10,15,66.7,130,1,74,400,5.4,4,1,1,2
Akron,2000-11-11,10,,Buffalo,W,12,25,48.0,287,3,42,263,6.3,2,0,2,2
Alabama,2000-11-11,10,@,Mississippi State,L,13,31,41.9,281,1,28,31,1.1,0,0,2,2
Arizona,2000-11-11,10,,Oregon State,L,9,22,40.9,89,0,31,69,2.2,0,0,1,1
Arizona State,2000-11-11,10,@,Stanford,L,13,38,34.2,151,1,34,23,0.7,0,0,2,2
Arkansas,2000-11-11,9,@,Tennessee,L,11,20,55.0,128,2,35,118,3.4,1,3,1,4
Arkansas State,2000-11-11,11,,North Texas,W,21,38,55.3,213,2,31,193,6.2,3,0,1,1
Army,2000-11-11,9,@,Louisville,L,10,25,40.0,111,0,55,137,2.5,2,0,0,0
Auburn,2000-11-11,10,,Georgia,W,24,38,63.2,149,2,37,150,4.1,1,0,2,2
Ball State,2000-11-11,10,@,Toledo,L,24,36,66.7,200,0,44,81,1.8,0,0,2,2
Baylor,2000-11-11,10,,Missouri,L,15,30,50.0,195,2,41,13,0.3,1,1,3,4
Boise State,2000-11-11,10,,Utah State,W,21,30,70.0,381,4,48,260,5.4,3,1,0,1
Boston College,2000-11-11,10,@,Notre Dame,L,15,29,51.7,172,2,30,124,4.1,0,0,2,2
Bowling Green State,2000-11-11,10,,Ohio,L,14,25,56.0,236,0,36,102,2.8,2,0,1,1
Buffalo,2000-11-11,10,@,Akron,L,9,26,34.6,100,0,54,243,4.5,2,3,1,4
California,2000-11-11,10,@,Oregon,L,15,39,38.5,197,1,28,88,3.1,1,0,1,1
Central Michigan,2000-11-11,10,,Western Michigan,W,17,29,58.6,220,2,43,97,2.3,1,0,0,0
Cincinnati,2000-11-11,10,@,Memphis,W,15,33,45.5,124,0,31,66,2.1,0,0,2,2
Colorado,2000-11-11,10,,Iowa State,L,25,34,73.5,307,1,38,132,3.5,3,3,1,4
Colorado State,2000-11-11,10,@,Air Force,L,22,41,53.7,334,5,18,178,9.9,1,2,1,3
Connecticut,2000-11-11,10,,Rhode Island,L,20,28,71.4,168,1,37,120,3.2,1,1,2,3
Duke,2000-11-11,10,@,North Carolina State,L,24,37,64.9,319,3,35,155,4.4,1,1,1,2
East Carolina,2000-11-11,9,,Houston,W,12,27,44.4,183,3,54,247,4.6,4,0,0,0
Eastern Michigan,2000-11-11,10,,Northern Illinois,W,36,51,70.6,372,2,33,131,4.0,3,1,0,1
Florida,2000-11-11,10,,South Carolina,W,27,46,58.7,356,3,31,152,4.9,1,0,0,0
Florida State,2000-11-11,11,@,Wake Forest,W,24,39,61.5,327,5,25,229,9.2,0,0,3,3
Fresno State,2000-11-11,9,@,Texas Christian,L,15,31,48.4,183,1,30,41,1.4,0,2,2,4
Georgia,2000-11-11,9,@,Auburn,L,23,35,65.7,164,1,26,55,2.1,0,2,1,3
Hawaii,2000-11-11,9,,Nevada,W,24,45,53.3,283,2,29,155,5.3,3,1,2,3
Houston,2000-11-11,10,@,East Carolina,L,17,35,48.6,260,3,33,78,2.4,0,1,1,2
Idaho,2000-11-11,10,,New Mexico State,W,19,37,51.4,366,3,39,157,4.0,2,1,1,2
Illinois,2000-11-11,10,,Ohio State,L,16,30,53.3,181,1,30,152,5.1,2,0,1,1
Indiana,2000-11-11,10,,Wisconsin,L,15,35,42.9,209,0,47,250,5.3,2,1,4,5
Iowa,2000-11-11,11,,Northwestern,W,17,27,63.0,250,2,40,103,2.6,1,0,0,0
Iowa State,2000-11-11,10,@,Colorado,W,15,27,55.6,173,1,47,277,5.9,3,1,1,2
Kansas,2000-11-11,10,,Texas,L,10,25,40.0,111,0,36,125,3.5,1,1,1,2
Kansas State,2000-11-11,11,,Nebraska,W,12,36,33.3,234,2,43,143,3.3,1,1,1,2
Kentucky,2000-11-11,10,,Vanderbilt,L,33,55,60.0,385,2,33,192,5.8,0,1,1,2
Louisiana,2000-11-11,10,,Jacksonville State,L,15,37,40.5,198,2,36,176,4.9,0,1,4,5
Louisiana Tech,2000-11-11,11,@,Louisiana-Monroe,W,27,38,71.1,404,4,28,138,4.9,1,2,1,3
Louisiana-Monroe,2000-11-11,10,,Louisiana Tech,L,22,30,73.3,200,2,38,114,3.0,1,2,1,3
Louisville,2000-11-11,10,,Army,W,23,34,67.6,307,3,28,126,4.5,2,1,1,2
LSU,2000-11-11,10,@,Mississippi,W,16,30,53.3,290,1,37,152,4.1,2,0,2,2
Marshall,2000-11-11,10,,Miami (OH),W,21,33,63.6,290,3,40,196,4.9,3,1,0,1
Maryland,2000-11-11,10,@,North Carolina,L,16,31,51.6,164,1,47,145,3.1,0,0,1,1
Memphis,2000-11-11,10,,Cincinnati,L,20,34,58.8,203,0,42,152,3.6,1,3,4,7
Miami (FL),2000-11-11,9,,Pittsburgh,W,22,37,59.5,264,2,41,155,3.8,2,0,0,0
Miami (OH),2000-11-11,10,@,Marshall,L,21,39,53.8,283,2,49,185,3.8,2,3,2,5
Michigan,2000-11-11,10,,Penn State,W,14,29,48.3,212,2,50,232,4.6,2,0,3,3
Michigan State,2000-11-11,10,,Purdue,W,12,23,52.2,195,1,51,292,5.7,3,0,1,1
Middle Tennessee State,2000-11-11,10,,South Florida,W,15,25,60.0,232,4,34,188,5.5,2,0,0,0
Mississippi State,2000-11-11,9,,Alabama,W,18,27,66.7,262,1,50,276,5.5,2,1,0,1
Missouri,2000-11-11,10,@,Baylor,W,16,28,57.1,199,2,52,273,5.3,5,1,1,2
Navy,2000-11-11,9,@,Tulane,L,24,43,55.8,362,2,56,362,6.5,3,3,3,6
Nebraska,2000-11-11,10,@,Kansas State,L,2,13,15.4,39,0,45,200,4.4,3,1,1,2
Nevada,2000-11-11,10,@,Hawaii,L,27,51,52.9,337,2,32,41,1.3,0,2,2,4
New Mexico,2000-11-11,11,@,Nevada-Las Vegas,L,4,11,36.4,61,0,43,143,3.3,2,1,2,3
New Mexico State,2000-11-11,10,@,Idaho,L,14,28,50.0,228,2,64,432,6.8,3,2,2,4
North Carolina,2000-11-11,10,,Maryland,W,7,16,43.8,42,0,38,241,6.3,1,2,1,3
North Carolina State,2000-11-11,9,,Duke,W,32,51,62.7,413,3,25,48,1.9,1,1,1,2
North Texas,2000-11-11,10,@,Arkansas State,L,19,31,61.3,214,3,37,111,3.0,1,1,2,3
Northern Illinois,2000-11-11,10,@,Eastern Michigan,L,13,25,52.0,144,0,43,278,6.5,3,2,2,4
Northwestern,2000-11-11,10,@,Iowa,L,25,45,55.6,248,1,50,129,2.6,1,0,0,0
Notre Dame,2000-11-11,9,,Boston College,W,9,12,75.0,86,0,61,380,6.2,4,2,0,2
Ohio,2000-11-11,10,@,Bowling Green State,W,2,12,16.7,17,0,55,277,5.0,2,0,1,1
Ohio State,2000-11-11,10,@,Illinois,W,23,38,60.5,251,2,57,223,3.9,0,0,3,3
Oklahoma,2000-11-11,9,@,Texas A&M,W,28,42,66.7,263,1,28,105,3.8,2,1,2,3
Oklahoma State,2000-11-11,9,@,Texas Tech,L,22,39,56.4,223,0,39,107,2.7,0,1,2,3
Ole Miss,2000-11-11,9,,Louisiana State,L,20,37,54.1,287,0,34,73,2.1,0,1,1,2
Oregon,2000-11-11,10,,California,W,20,36,55.6,252,1,38,76,2.0,2,1,1,2
Oregon State,2000-11-11,10,@,Arizona,W,17,31,54.8,231,1,41,73,1.8,2,0,1,1
Penn State,2000-11-11,11,@,Michigan,L,19,35,54.3,230,1,34,177,5.2,0,1,4,5
Pitt,2000-11-11,9,@,Miami (FL),L,19,39,48.7,189,1,30,77,2.6,0,1,2,3
Purdue,2000-11-11,10,@,Michigan State,L,26,43,60.5,279,1,21,79,3.8,0,0,3,3
Rice,2000-11-11,10,@,Texas-El Paso,L,7,18,38.9,130,2,43,175,4.1,1,0,0,0
Rutgers,2000-11-11,9,,West Virginia,L,24,48,50.0,274,2,35,176,5.0,1,2,4,6
SMU,2000-11-11,10,,Tulsa,W,14,19,73.7,157,1,39,177,4.5,2,1,1,2
South Carolina,2000-11-11,10,@,Florida,L,19,28,67.9,166,0,35,81,2.3,1,1,0,1
South Florida,2000-11-11,10,@,Middle Tennessee State,L,27,44,61.4,206,0,28,91,3.3,1,1,2,3
Southern Mississippi,2000-11-11,9,@,Alabama-Birmingham,W,25,34,73.5,261,2,38,46,1.2,2,0,1,1
Stanford,2000-11-11,10,,Arizona State,W,17,30,56.7,169,1,45,145,3.2,2,0,0,0
Syracuse,2000-11-11,9,@,Temple,W,4,14,28.6,62,0,57,223,3.9,4,0,2,2
Temple,2000-11-11,10,,Syracuse,L,6,27,22.2,44,0,32,119,3.7,1,1,2,3
Tennessee,2000-11-11,9,,Arkansas,W,19,34,55.9,212,5,51,290,5.7,3,0,0,0
Texas,2000-11-11,10,@,Kansas,W,11,19,57.9,241,2,61,396,6.5,5,0,2,2
Texas A&M,2000-11-11,10,,Oklahoma,L,18,37,48.6,219,1,37,97,2.6,3,0,2,2
Texas Christian,2000-11-11,9,,Fresno State,W,7,15,46.7,78,0,62,217,3.5,3,1,0,1
Texas Tech,2000-11-11,11,,Oklahoma State,W,32,47,68.1,252,3,29,152,5.2,2,0,0,0
Toledo,2000-11-11,10,,Ball State,W,6,19,31.6,82,2,35,260,7.4,2,0,0,0
Tulane,2000-11-11,10,,Navy,W,26,41,63.4,380,5,29,125,4.3,1,0,2,2
Tulsa,2000-11-11,10,@,Southern Methodist,L,19,36,52.8,227,0,38,85,2.2,3,1,0,1
UAB,2000-11-11,10,,Southern Mississippi,L,15,25,60.0,146,0,51,191,3.7,2,0,0,0
UCF,2000-11-11,11,,Virginia Tech,L,28,45,62.2,362,3,23,21,0.9,0,2,4,6
UCLA,2000-11-11,10,@,Washington,L,22,38,57.9,298,2,24,71,3.0,2,1,1,2
UNLV,2000-11-11,10,,New Mexico,W,13,21,61.9,148,1,46,181,3.9,0,2,3,5
USC,2000-11-11,10,,Washington State,L,29,54,53.7,379,3,41,91,2.2,0,2,1,3
Utah,2000-11-11,10,@,Wyoming,W,7,16,43.8,146,1,41,183,4.5,2,0,0,0
Utah State,2000-11-11,10,@,Boise State,L,25,57,43.9,509,2,24,86,3.6,3,0,0,0
UTEP,2000-11-11,10,,Rice,W,21,30,70.0,339,3,35,115,3.3,2,0,0,0
Vanderbilt,2000-11-11,10,@,Kentucky,W,17,29,58.6,263,3,32,82,2.6,0,1,0,1
Virginia Tech,2000-11-11,10,@,Central Florida,W,2,8,25.0,55,0,61,313,5.1,5,0,0,0
Wake Forest,2000-11-11,9,,Florida State,L,11,26,42.3,114,0,46,162,3.5,0,0,1,1
Washington,2000-11-11,10,,UCLA,W,12,19,63.2,111,2,64,349,5.5,3,2,0,2
Washington State,2000-11-11,10,@,Southern California,W,12,32,37.5,242,1,38,130,3.4,2,2,0,2
West Virginia,2000-11-11,9,@,Rutgers,W,12,26,46.2,126,1,51,152,3.0,2,1,1,2
Western Michigan,2000-11-11,10,@,Central Michigan,L,8,20,40.0,99,0,44,176,4.0,1,0,3,3
Wisconsin,2000-11-11,11,@,Indiana,W,16,23,69.6,207,3,39,228,5.8,2,3,0,3
Wyoming,2000-11-11,10,,Utah,L,15,36,41.7,186,0,34,63,1.9,0,1,1,2
Colorado State,2000-11-16,11,,Wyoming,W,17,26,65.4,216,2,33,74,2.2,1,2,0,2
Wyoming,2000-11-16,11,@,Colorado State,L,14,30,46.7,138,1,39,152,3.9,0,1,3,4
Air Force,2000-11-18,11,,San Diego State,W,10,17,58.8,122,1,73,418,5.7,5,0,1,1
Akron,2000-11-18,11,@,Kent State,W,11,20,55.0,113,1,60,284,4.7,1,2,0,2
Alabama,2000-11-18,11,,Auburn,L,12,29,41.4,112,0,22,23,1.0,0,0,1,1
Arkansas,2000-11-18,10,@,Mississippi State,W,9,27,33.3,68,0,47,149,3.2,2,0,3,3
Army,2000-11-18,10,,Alabama-Birmingham,L,22,49,44.9,216,1,32,47,1.5,0,1,1,2
Auburn,2000-11-18,11,@,Alabama,W,10,20,50.0,139,0,47,162,3.4,0,1,2,3
Ball State,2000-11-18,11,,Connecticut,W,13,20,65.0,137,1,54,255,4.7,3,1,0,1
Baylor,2000-11-18,11,@,Oklahoma State,L,17,35,48.6,227,2,31,66,2.1,1,4,3,7
Boise State,2000-11-18,11,,Idaho,W,21,31,67.7,449,6,31,120,3.9,3,0,0,0
Brigham Young,2000-11-18,11,,New Mexico,W,21,35,60.0,349,0,44,149,3.4,4,1,1,2
Buffalo,2000-11-18,11,,Miami (OH),L,12,24,50.0,121,1,56,290,5.2,1,0,3,3
California,2000-11-18,11,,Stanford,L,22,34,64.7,195,1,37,181,4.9,3,1,4,5
Central Michigan,2000-11-18,11,@,Northern Illinois,L,7,24,29.2,65,0,28,104,3.7,0,1,0,1
Cincinnati,2000-11-18,11,,Southern Mississippi,W,20,42,47.6,197,2,36,72,2.0,1,2,0,2
Clemson,2000-11-18,11,,South Carolina,W,14,30,46.7,185,0,49,174,3.6,1,0,1,1
Connecticut,2000-11-18,11,@,Ball State,L,20,37,54.1,254,0,31,40,1.3,0,2,0,2
Duke,2000-11-18,11,,North Carolina,L,10,36,27.8,140,1,36,107,3.0,2,1,3,4
East Carolina,2000-11-18,10,@,West Virginia,L,26,42,61.9,313,2,32,1,0.0,1,1,1,2
Eastern Michigan,2000-11-18,11,@,Western Michigan,L,15,34,44.1,140,0,27,35,1.3,0,1,3,4
Florida,2000-11-18,11,@,Florida State,L,27,46,58.7,278,1,20,37,1.9,0,0,3,3
Florida State,2000-11-18,12,,Florida,W,23,44,52.3,353,3,29,90,3.1,1,0,2,2
Fresno State,2000-11-18,10,,Southern Methodist,W,14,18,77.8,139,0,41,181,4.4,2,1,0,1
Georgia,2000-11-18,10,,Mississippi,W,9,18,50.0,107,1,45,244,5.4,2,2,2,4
Georgia Tech,2000-11-18,10,@,Maryland,W,19,30,63.3,354,2,53,193,3.6,3,1,0,1
Hawaii,2000-11-18,10,,Louisiana Tech,W,31,51,60.8,391,2,29,124,4.3,2,2,1,3
Houston,2000-11-18,11,,Louisville,L,14,34,41.2,147,1,29,29,1.0,0,1,5,6
Idaho,2000-11-18,11,@,Boise State,L,22,40,55.0,289,3,41,111,2.7,0,0,5,5
Illinois,2000-11-18,11,@,Northwestern,L,20,37,54.1,246,2,36,116,3.2,1,2,1,3
Indiana,2000-11-18,11,@,Purdue,L,13,28,46.4,123,1,36,205,5.7,1,1,3,4
Iowa,2000-11-18,12,@,Minnesota,L,14,24,58.3,159,1,34,136,4.0,2,1,1,2
Iowa State,2000-11-18,11,,Kansas,W,13,28,46.4,171,0,50,335,6.7,5,1,1,2
Kansas,2000-11-18,11,@,Iowa State,L,15,35,42.9,158,1,38,138,3.6,1,1,0,1
Kansas State,2000-11-18,12,@,Missouri,W,9,20,45.0,158,0,55,155,2.8,3,0,1,1
Kent State,2000-11-18,11,,Akron,L,17,38,44.7,205,0,29,82,2.8,1,4,1,5
Kentucky,2000-11-18,11,@,Tennessee,L,25,49,51.0,330,2,35,96,2.7,0,0,2,2
Louisiana,2000-11-18,11,@,Middle Tennessee State,L,28,45,62.2,299,3,39,105,2.7,1,1,0,1
Louisiana Tech,2000-11-18,12,@,Hawaii,L,28,47,59.6,255,1,20,32,1.6,0,0,4,4
Louisiana-Monroe,2000-11-18,11,,Wofford,L,23,44,52.3,178,1,21,40,1.9,0,1,1,2
Louisville,2000-11-18,11,@,Houston,W,13,34,38.2,216,2,49,156,3.2,1,1,1,2
Marshall,2000-11-18,11,@,Ohio,L,27,40,67.5,299,2,19,72,3.8,2,2,0,2
Maryland,2000-11-18,11,,Georgia Tech,L,29,46,63.0,318,3,22,20,0.9,0,2,1,3
Memphis,2000-11-18,11,@,Tulane,L,24,54,44.4,216,1,26,85,3.3,0,3,3,6
Miami (FL),2000-11-18,10,@,Syracuse,W,16,29,55.2,263,1,41,156,3.8,2,0,0,0
Miami (OH),2000-11-18,11,@,Buffalo,W,9,21,42.9,104,0,47,217,4.6,2,1,4,5
Michigan,2000-11-18,11,@,Ohio State,W,14,25,56.0,303,3,43,88,2.0,1,0,1,1
Michigan State,2000-11-18,11,@,Penn State,L,22,38,57.9,308,2,37,100,2.7,1,0,0,0
Middle Tennessee State,2000-11-18,11,,Louisiana,W,24,39,61.5,292,1,38,168,4.4,4,2,2,4
Minnesota,2000-11-18,11,,Iowa,W,23,38,60.5,299,3,40,142,3.6,0,1,0,1
Mississippi State,2000-11-18,10,,Arkansas,L,12,22,54.5,138,0,39,68,1.7,0,1,0,1
Missouri,2000-11-18,11,,Kansas State,L,9,20,45.0,110,1,42,139,3.3,2,1,1,2
Navy,2000-11-18,10,,Wake Forest,L,12,23,52.2,151,1,54,283,5.2,2,1,1,2
Nevada,2000-11-18,11,,Rice,W,17,30,56.7,236,1,38,129,3.4,3,1,1,2
New Mexico,2000-11-18,12,@,Brigham Young,L,11,28,39.3,178,1,33,90,2.7,0,2,0,2
New Mexico State,2000-11-18,11,@,North Texas,L,12,25,48.0,139,0,39,180,4.6,2,3,2,5
North Carolina,2000-11-18,11,@,Duke,W,18,26,69.2,218,2,41,247,6.0,4,2,1,3
North Carolina State,2000-11-18,10,@,Virginia,L,25,46,54.3,266,0,37,137,3.7,2,0,1,1
North Texas,2000-11-18,11,,New Mexico State,W,6,12,50.0,63,0,53,208,3.9,3,1,0,1
Northern Illinois,2000-11-18,11,,Central Michigan,W,10,21,47.6,174,2,64,299,4.7,1,0,1,1
Northwestern,2000-11-18,11,,Illinois,W,19,32,59.4,163,1,71,315,4.4,8,0,0,0
Notre Dame,2000-11-18,10,@,Rutgers,W,14,20,70.0,186,3,60,295,4.9,3,1,0,1
Ohio,2000-11-18,11,,Marshall,W,10,14,71.4,87,0,66,401,6.1,5,0,0,0
Ohio State,2000-11-18,11,,Michigan,L,21,48,43.8,251,1,34,149,4.4,2,0,3,3
Oklahoma,2000-11-18,10,,Texas Tech,W,24,38,63.2,248,1,25,136,5.4,2,2,2,4
Oklahoma State,2000-11-18,10,,Baylor,W,15,24,62.5,171,1,51,240,4.7,5,2,0,2
Ole Miss,2000-11-18,10,@,Georgia,L,16,37,43.2,175,1,33,67,2.0,0,1,2,3
Oregon,2000-11-18,11,@,Oregon State,L,25,48,52.1,334,0,34,137,4.0,2,1,5,6
Oregon State,2000-11-18,11,,Oregon,W,14,27,51.9,246,2,39,153,3.9,1,0,1,1
Penn State,2000-11-18,12,,Michigan State,W,11,26,42.3,218,3,45,244,5.4,3,0,0,0
Pitt,2000-11-18,10,@,Temple,W,18,29,62.1,218,1,45,170,3.8,0,4,1,5
Purdue,2000-11-18,11,,Indiana,W,20,29,69.0,216,1,50,294,5.9,5,1,1,2
Rice,2000-11-18,11,@,Nevada,L,10,23,43.5,104,0,59,293,5.0,4,3,1,4
Rutgers,2000-11-18,10,,Notre Dame,L,13,28,46.4,175,0,30,174,5.8,2,2,3,5
San Diego State,2000-11-18,10,@,Air Force,L,14,26,53.8,269,2,28,81,2.9,1,2,1,3
San Jose State,2000-11-18,11,@,Tulsa,L,12,33,36.4,196,0,37,206,5.6,2,0,1,1
SMU,2000-11-18,11,@,Fresno State,L,19,36,52.8,190,1,43,151,3.5,0,2,1,3
South Carolina,2000-11-18,11,@,Clemson,L,13,26,50.0,200,0,39,162,4.2,1,0,3,3
South Florida,2000-11-18,11,,Austin Peay,W,13,19,68.4,242,2,47,298,6.3,5,0,1,1
Southern Mississippi,2000-11-18,10,@,Cincinnati,L,19,34,55.9,203,2,42,138,3.3,1,3,2,5
Stanford,2000-11-18,11,@,California,W,12,23,52.2,242,3,41,48,1.2,1,0,1,1
Syracuse,2000-11-18,10,,Miami (FL),L,11,27,40.7,83,0,31,83,2.7,0,0,2,2
Temple,2000-11-18,11,,Pittsburgh,L,18,35,51.4,170,0,27,12,0.4,0,0,2,2
Tennessee,2000-11-18,10,,Kentucky,W,19,25,76.0,362,4,29,228,7.9,4,1,1,2
Texas Christian,2000-11-18,10,,Texas-El Paso,W,10,18,55.6,216,2,49,313,6.4,4,2,0,2
Texas Tech,2000-11-18,12,@,Oklahoma,L,42,62,67.7,309,1,23,21,0.9,0,0,2,2
Tulane,2000-11-18,11,,Memphis,W,29,56,51.8,360,3,40,123,3.1,0,1,0,1
Tulsa,2000-11-18,11,,San Jose State,W,12,27,44.4,138,0,52,327,6.3,4,1,0,1
UAB,2000-11-18,11,@,Army,W,14,28,50.0,218,1,41,209,5.1,1,1,1,2
UCLA,2000-11-18,11,,Southern California,L,14,23,60.9,257,3,28,71,2.5,1,0,0,0
USC,2000-11-18,11,@,UCLA,W,26,38,68.4,350,4,44,207,4.7,1,2,0,2
Utah State,2000-11-18,11,,Idaho State,L,15,36,41.7,209,2,19,51,2.7,0,2,1,3
UTEP,2000-11-18,11,@,Texas Christian,L,21,47,44.7,217,2,32,70,2.2,0,1,1,2
Virginia,2000-11-18,10,,North Carolina State,W,7,17,41.2,149,1,44,231,5.3,2,0,0,0
Wake Forest,2000-11-18,10,@,Navy,W,16,24,66.7,272,2,53,305,5.8,5,2,0,2
Washington,2000-11-18,11,@,Washington State,W,11,21,52.4,190,3,53,336,6.3,4,1,0,1
Washington State,2000-11-18,11,,Washington,L,12,28,42.9,122,0,28,88,3.1,0,0,1,1
West Virginia,2000-11-18,10,,East Carolina,W,13,25,52.0,316,2,46,79,1.7,2,2,0,2
Western Michigan,2000-11-18,11,,Eastern Michigan,W,17,30,56.7,223,2,51,191,3.7,1,1,1,2
Bowling Green State,2000-11-22,11,@,Toledo,L,14,31,45.2,136,0,30,81,2.7,2,2,2,4
Toledo,2000-11-22,11,,Bowling Green State,W,11,23,47.8,174,1,47,275,5.9,4,0,1,1
Mississippi State,2000-11-23,11,@,Mississippi,L,13,27,48.1,184,1,40,184,4.6,3,1,1,2
Ole Miss,2000-11-23,11,,Mississippi State,W,11,23,47.8,147,3,44,230,5.2,3,0,1,1
Arizona,2000-11-24,11,,Arizona State,L,16,31,51.6,176,1,50,195,3.9,1,2,1,3
Arizona State,2000-11-24,11,@,Arizona,W,15,35,42.9,189,0,31,75,2.4,2,0,0,0
Arkansas,2000-11-24,11,,Louisiana State,W,15,28,53.6,114,0,47,139,3.0,1,0,0,0
Brigham Young,2000-11-24,12,@,Utah,W,16,29,55.2,284,1,42,100,2.4,2,0,1,1
Colorado,2000-11-24,11,@,Nebraska,L,25,41,61.0,254,1,43,197,4.6,3,0,2,2
East Carolina,2000-11-24,11,@,Southern Mississippi,W,5,20,25.0,55,1,43,155,3.6,0,0,2,2
LSU,2000-11-24,11,@,Arkansas,L,6,27,22.2,65,0,27,84,3.1,0,1,2,3
Nebraska,2000-11-24,11,,Colorado,W,11,17,64.7,139,0,48,296,6.2,3,3,0,3
Pitt,2000-11-24,11,,West Virginia,W,11,27,40.7,229,1,46,275,6.0,4,0,4,4
SMU,2000-11-24,12,,Texas Christian,L,11,31,35.5,119,1,32,27,0.8,0,1,1,2
Southern Mississippi,2000-11-24,11,,East Carolina,L,16,38,42.1,239,0,47,132,2.8,1,2,1,3
Texas,2000-11-24,11,,Texas A&M,W,16,24,66.7,383,3,35,109,3.1,1,0,0,0
Texas A&M,2000-11-24,11,@,Texas,L,25,43,58.1,290,1,28,81,2.9,1,2,2,4
Texas Christian,2000-11-24,11,@,Southern Methodist,W,13,20,65.0,251,4,48,307,6.4,3,0,1,1
Utah,2000-11-24,11,,Brigham Young,L,16,34,47.1,252,1,30,70,2.3,1,1,1,2
West Virginia,2000-11-24,11,@,Pittsburgh,L,21,45,46.7,343,2,26,49,1.9,0,1,0,1
Boston College,2000-11-25,11,@,Miami (FL),L,12,29,41.4,122,0,42,176,4.2,1,0,1,1
Fresno State,2000-11-25,11,@,San Jose State,W,15,25,60.0,244,2,43,135,3.1,0,0,0,0
Georgia,2000-11-25,11,,Georgia Tech,L,37,63,58.7,435,2,18,26,1.4,0,1,2,3
Georgia Tech,2000-11-25,11,@,Georgia,W,20,35,57.1,222,1,34,140,4.1,1,0,2,2
Hawaii,2000-11-25,11,,Wisconsin,L,24,56,42.9,361,2,14,42,3.0,1,0,2,2
Miami (FL),2000-11-25,11,,Boston College,W,18,28,64.3,255,5,41,244,6.0,0,1,1,2
Nevada,2000-11-25,12,@,Tulsa,L,13,33,39.4,153,0,24,17,0.7,0,1,1,2
North Carolina State,2000-11-25,11,,Wake Forest,W,14,30,46.7,139,1,37,143,3.9,2,3,0,3
Notre Dame,2000-11-25,11,@,Southern California,W,9,15,60.0,142,0,62,246,4.0,5,0,0,0
Oklahoma,2000-11-25,11,@,Oklahoma State,W,19,36,52.8,154,1,34,155,4.6,0,0,2,2
Oklahoma State,2000-11-25,11,,Oklahoma,L,9,20,45.0,102,0,38,173,4.6,1,0,2,2
Rutgers,2000-11-25,11,@,Syracuse,L,17,36,47.2,200,1,42,177,4.2,2,2,1,3
San Diego State,2000-11-25,11,,Nevada-Las Vegas,L,17,32,53.1,328,1,32,90,2.8,2,0,1,1
San Jose State,2000-11-25,12,,Fresno State,L,16,40,40.0,232,0,26,50,1.9,1,1,3,4
Syracuse,2000-11-25,11,,Rutgers,W,11,20,55.0,180,0,54,339,6.3,7,1,1,2
Tennessee,2000-11-25,11,@,Vanderbilt,W,14,30,46.7,158,1,46,196,4.3,3,1,2,3
Tulsa,2000-11-25,12,,Nevada,W,14,22,63.6,157,3,54,273,5.1,2,1,1,2
UNLV,2000-11-25,11,@,San Diego State,W,19,31,61.3,277,2,39,91,2.3,1,0,0,0
USC,2000-11-25,12,,Notre Dame,L,17,35,48.6,251,2,30,78,2.6,1,1,2,3
Vanderbilt,2000-11-25,11,,Tennessee,L,21,46,45.7,258,2,25,57,2.3,1,0,1,1
Virginia,2000-11-25,11,@,Virginia Tech,L,9,24,37.5,157,0,34,171,5.0,3,1,0,1
Virginia Tech,2000-11-25,11,,Virginia,W,16,25,64.0,202,1,53,259,4.9,5,1,0,1
Wake Forest,2000-11-25,11,@,North Carolina State,L,14,27,51.9,126,1,39,164,4.2,1,4,1,5
Wisconsin,2000-11-25,12,@,Hawaii,W,12,21,57.1,207,2,64,263,4.1,3,1,2,3
Army,2000-12-02,11,@,Navy,L,13,31,41.9,145,2,27,153,5.7,1,3,2,5
Auburn,2000-12-02,12,N,Florida,L,23,43,53.5,208,0,28,120,4.3,0,2,2,4
Florida,2000-12-02,12,N,Auburn,W,17,26,65.4,238,4,35,191,5.5,0,2,1,3
Hawaii,2000-12-02,12,,Nevada-Las Vegas,L,26,50,52.0,353,3,15,37,2.5,0,0,2,2
Kansas State,2000-12-02,13,N,Oklahoma,L,12,28,42.9,106,1,38,133,3.5,1,1,0,1
Marshall,2000-12-02,12,,Western Michigan,W,29,45,64.4,358,2,31,70,2.3,0,1,0,1
Navy,2000-12-02,11,,Army,W,7,13,53.8,88,1,70,300,4.3,1,2,0,2
Oklahoma,2000-12-02,12,N,Kansas State,W,24,44,54.5,220,2,28,99,3.5,1,0,3,3
UNLV,2000-12-02,12,@,Hawaii,W,10,25,40.0,124,1,62,431,7.0,3,3,1,4
Western Michigan,2000-12-02,12,@,Marshall,L,23,34,67.6,264,2,32,86,2.7,0,1,1,2
