Date, Vis Team, Home Team, Vis Spread, Home Spread, Over Under
2008-08-28, UTEP, Buffalo, +3.5, -3.5, +56.5
2008-08-28, Vanderbilt, Miami (OH), +3.5, -3.5, +38.5
2008-08-28, North Carolina St, South Carolina, +14.5, -14.5, +43.5
2008-08-28, Wake Forest, Baylor, -11.5, +11.5, +50.0
2008-08-28, Oregon State, Stanford, -2.5, +2.5, +45.0
2008-08-28, Troy, Mid Tennessee, -6.0, +6.0, +49.5
2008-08-29, Temple, Army, -7.0, +7.0, +40.0
2008-08-29, SMU, Rice, +3.5, -3.5, +70.0
2008-08-30, Utah, Michigan, +3.0, -3.0, +42.5
2008-08-30, Syracuse, Northwestern, +12.5, -12.5, +54.5
2008-08-30, Memphis, Ole Miss, +9.0, -9.0, +52.5
2008-08-30, Ohio, Wyoming, +14.0, -14.0, +47.0
2008-08-30, Akron, Wisconsin, +26.5, -26.5, +51.5
2008-08-30, W Michigan, Nebraska, +14.0, -14.0, +55.0
2008-08-30, Washington, Oregon, +14.5, -14.5, +61.0
2008-08-30, Tulsa, UAB, -13.0, +13.0, +66.5
2008-08-30, TCU, New Mexico, -6.0, +6.0, +41.0
2008-08-30, Miss St, LA Tech, -7.0, +7.0, +44.5
2008-08-30, Boston College, Kent State, -10.5, +10.5, +47.5
2008-08-30, Oklahoma State, Washington St, -7.0, +7.0, +63.5
2008-08-30, N Illinois, Minnesota, +8.5, -8.5, +55.5
2008-08-30, Bowling Green, Pitt, +14.0, -14.0, +54.0
2008-08-30, Hawaii, Florida, +36.5, -36.5, +64.0
2008-08-30, VT, ECU, -9.0, +9.0, +44.5
2008-08-30, Illinois, Missouri, +10.0, -10.0, +59.5
2008-08-30, Michigan State, Cal, +6.5, -6.5, +54.0
2008-08-30, USC, UVA, -20.5, +20.5, +43.0
2008-08-30, Alabama, Clemson, +4.5, -4.5, +47.0
2008-08-30, Idaho, Arizona, +27.0, -27.0, +60.0
2008-08-30, Utah State, UNLV, +10.5, -10.5, +47.0
2008-08-30, W Kentucky, Indiana, +17.0, -17.0, +53.5
2008-08-30, LA-Lafayette, Southern Miss, +9.5, -9.5, +52.0
2008-08-30, FAU, Texas, +23.5, -23.5, +62.5
2008-08-30, FIU, Kansas, +36.0, -36.0, +56.5
2008-08-30, Arkansas State, Texas A&M, +19.0, -19.0, +50.0
2008-08-30, North Texas, Kansas State, +28.0, -28.0, +65.0
2008-08-30, UL Monroe, Auburn, +26.0, -26.0, +49.0
2008-08-31, Kentucky, Louisville, +3.0, -3.0, +55.0
2008-08-31, Colorado, Colorado State, -13.0, +13.0, +56.0
2008-09-01, Fresno State, Rutgers, +3.0, -3.0, +57.0
2008-09-01, Tennessee, UCLA, -7.0, +7.0, +46.0
2008-09-04, South Carolina, Vanderbilt, -9.5, +9.5, +43.0
2008-09-05, Navy, Ball State, +7.0, -7.0, +64.0
2008-09-06, E Michigan, Michigan State, +21.0, -21.0, +56.0
2008-09-06, Akron, Syracuse, +4.5, -4.5, +43.5
2008-09-06, Miami (OH), Michigan, +14.5, -14.5, +40.0
2008-09-06, Northwestern, Duke, -5.5, +5.5, +44.5
2008-09-06, Georgia Tech, Boston College, +6.5, -6.5, +38.0
2008-09-06, West Virginia, ECU, -7.5, +7.5, +48.5
2008-09-06, Minnesota, Bowling Green, +3.5, -3.5, +59.5
2008-09-06, Southern Miss, Auburn, +19.5, -19.5, +49.0
2008-09-06, Tulane, Alabama, +29.5, -29.5, +46.0
2008-09-06, San Jose State, Nebraska, +26.5, -26.5, +55.5
2008-09-06, Utah State, Oregon, +36.5, -36.5, +51.5
2008-09-06, Cincinnati, Oklahoma, +22.0, -22.0, +53.5
2008-09-06, Ohio, OSU, +34.5, -34.5, +47.0
2008-09-06, Marshall, Wisconsin, +20.5, -20.5, +51.0
2008-09-06, Miami (FL), Florida, +24.0, -24.0, +53.0
2008-09-06, Texas Tech, Nevada, -10.5, +10.5, +70.5
2008-09-06, Cent Michigan, Georgia, +24.5, -24.5, +58.5
2008-09-06, Oregon State, Penn State, +14.5, -14.5, +49.5
2008-09-06, Air Force, Wyoming, +3.0, -3.0, +42.5
2008-09-06, San Diego State, Notre Dame, +21.5, -21.5, +46.0
2008-09-06, Texas A&M, New Mexico, -1.5, +1.5, +40.0
2008-09-06, Buffalo, Pitt, +13.5, -13.5, +47.0
2008-09-06, Houston, Oklahoma State, +15.0, -15.0, +60.0
2008-09-06, Kent State, Iowa State, +9.5, -9.5, +45.0
2008-09-06, Ole Miss, Wake Forest, +7.0, -7.0, +44.5
2008-09-06, Cal, Washington St, -13.5, +13.5, +51.5
2008-09-06, N Illinois, W Michigan, +6.0, -6.0, +53.0
2008-09-06, USF, UCF, -13.5, +13.5, +47.5
2008-09-06, UConn, Temple, -7.0, +7.0, +39.0
2008-09-06, LA Tech, Kansas, +22.0, -22.0, +53.0
2008-09-06, Rice, Memphis, +3.0, -3.0, +66.0
2008-09-06, UNLV, Utah, +21.0, -21.0, +44.5
2008-09-06, Toledo, Arizona, +24.0, -24.0, +60.5
2008-09-06, Stanford, Arizona State, +14.5, -14.5, +51.5
2008-09-06, Texas, UTEP, -26.0, +26.0, +60.0
2008-09-06, FIU, Iowa, +27.0, -27.0, +45.0
2008-09-06, UL Monroe, Arkansas, +14.0, -14.0, +50.5
2008-09-06, Tulsa, North Texas, -21.5, +21.5, +69.5
2008-09-06, UAB, FAU, +14.0, -14.0, +56.5
2008-09-06, Maryland, Mid Tennessee, -12.5, +12.5, +45.5
2008-09-06, BYU, Washington, -7.5, +7.5, +54.5
2008-09-11, UNC, Rutgers, +6.0, -6.0, +48.0
2008-09-12, Kansas, USF, +5.0, -5.0, +51.0
2008-09-12, Washington St, Baylor, +6.5, -6.5, +51.0
2008-09-13, Navy, Duke, +2.5, -2.5, +57.5
2008-09-13, Rice, Vanderbilt, +8.0, -8.0, +58.5
2008-09-13, Auburn, Miss St, -10.0, +10.0, +38.5
2008-09-13, Ball State, Akron, -6.5, +6.5, +59.5
2008-09-13, Toledo, E Michigan, +2.0, -2.0, +53.5
2008-09-13, Nevada, Missouri, +26.0, -26.0, +68.5
2008-09-13, SMU, Texas Tech, +35.5, -35.5, +68.5
2008-09-13, New Mexico St, Nebraska, +26.0, -26.0, +65.0
2008-09-13, UCLA, BYU, +9.0, -9.0, +50.5
2008-09-13, Oregon, Purdue, -7.0, +7.0, +58.0
2008-09-13, Georgia, South Carolina, -7.0, +7.0, +45.5
2008-09-13, Hawaii, Oregon State, +14.0, -14.0, +56.5
2008-09-13, Wisconsin, Fresno State, -1.5, +1.5, +51.0
2008-09-13, Penn State, Syracuse, -27.5, +27.5, +50.5
2008-09-13, Michigan, Notre Dame, -1.0, +1.0, +37.0
2008-09-13, Iowa State, Iowa, +13.5, -13.5, +47.0
2008-09-13, Georgia Tech, VT, +7.0, -7.0, +41.0
2008-09-13, North Carolina St, Clemson, +21.0, -21.0, +46.0
2008-09-13, W Michigan, Idaho, -9.0, +9.0, +57.0
2008-09-13, Cent Michigan, Ohio, -2.5, +2.5, +54.0
2008-09-13, Cal, Maryland, -14.0, +14.0, +54.0
2008-09-13, Air Force, Houston, +2.0, -2.0, +51.0
2008-09-13, Stanford, TCU, +15.5, -15.5, +40.0
2008-09-13, Temple, Buffalo, +7.0, -7.0, +44.5
2008-09-13, UAB, Tennessee, +33.0, -33.0, +60.5
2008-09-13, ECU, Tulane, -12.0, +12.0, +45.0
2008-09-13, Memphis, Marshall, +5.0, -5.0, +59.0
2008-09-13, UVA, UConn, +10.5, -10.5, +40.5
2008-09-13, Oklahoma, Washington, -21.0, +21.0, +62.0
2008-09-13, OSU, USC, +10.5, -10.5, +44.5
2008-09-13, Arizona, New Mexico, -10.0, +10.0, +51.5
2008-09-13, Bowling Green, Boise State, +17.0, -17.0, +56.0
2008-09-13, Utah, Utah State, -25.0, +25.0, +51.0
2008-09-13, San Diego State, San Jose State, +7.0, -7.0, +44.5
2008-09-13, UNLV, Arizona State, +24.0, -24.0, +53.5
2008-09-13, FAU, Michigan State, +18.0, -18.0, +60.0
2008-09-13, W Kentucky, Alabama, +26.0, -26.0, +47.5
2008-09-13, Southern Miss, Arkansas State, +1.5, -1.5, +54.0
2008-09-13, Mid Tennessee, Kentucky, +19.0, -19.0, +46.5
2008-09-13, LA-Lafayette, Illinois, +25.5, -25.5, +61.5
2008-09-13, North Texas, LSU, +44.5, -44.5, +59.5
2008-09-17, Kansas State, Louisville, -6.0, +6.0, +56.0
2008-09-18, West Virginia, Colorado, -3.0, +3.0, +57.5
2008-09-19, Baylor, UConn, +13.0, -13.0, +52.5
2008-09-20, Temple, Penn State, +29.0, -29.0, +54.0
2008-09-20, UCF, Boston College, +10.0, -10.0, +40.0
2008-09-20, Ohio, Northwestern, +10.5, -10.5, +52.0
2008-09-20, Miami (OH), Cincinnati, +12.0, -12.0, +48.0
2008-09-20, Vanderbilt, Ole Miss, +7.0, -7.0, +49.5
2008-09-20, Miss St, Georgia Tech, +7.0, -7.0, +38.5
2008-09-20, Wyoming, BYU, +28.5, -28.5, +52.0
2008-09-20, LSU, Auburn, -2.0, +2.0, +37.0
2008-09-20, Alabama, Arkansas, -9.5, +9.5, +47.5
2008-09-20, Marshall, Southern Miss, +7.5, -7.5, +54.0
2008-09-20, Houston, Colorado State, -5.5, +5.5, +62.5
2008-09-20, Rutgers, Navy, -5.5, +5.5, +59.0
2008-09-20, VT, UNC, +4.0, -4.0, +44.0
2008-09-20, Iowa, Pitt, +2.0, -2.0, +41.5
2008-09-20, Wake Forest, FSU, +4.0, -4.0, +45.5
2008-09-20, Notre Dame, Michigan State, +9.0, -9.0, +48.5
2008-09-20, Boise State, Oregon, +10.0, -10.0, +52.5
2008-09-20, Utah, Air Force, -9.0, +9.0, +51.0
2008-09-20, New Mexico, Tulsa, +10.5, -10.5, +61.5
2008-09-20, Ball State, Indiana, +2.0, -2.0, +61.0
2008-09-20, Cent Michigan, Purdue, +10.0, -10.0, +67.5
2008-09-20, Akron, Army, -9.5, +9.5, +47.0
2008-09-20, E Michigan, Maryland, +21.5, -21.5, +52.0
2008-09-20, Miami (FL), Texas A&M, -2.5, +2.5, +41.0
2008-09-20, ECU, North Carolina St, -7.0, +7.0, +44.0
2008-09-20, Buffalo, Missouri, +31.5, -31.5, +68.5
2008-09-20, Fresno State, Toledo, -6.0, +6.0, +52.5
2008-09-20, Rice, Texas, +28.5, -28.5, +68.5
2008-09-20, Idaho, Utah State, +4.0, -4.0, +57.5
2008-09-20, TCU, SMU, -24.5, +24.5, +52.0
2008-09-20, Florida, Tennessee, -7.5, +7.5, +51.5
2008-09-20, Georgia, Arizona State, -7.0, +7.0, +51.0
2008-09-20, Iowa State, UNLV, +1.5, -1.5, +50.0
2008-09-20, San Jose State, Stanford, +7.0, -7.0, +44.5
2008-09-20, New Mexico St, UTEP, +7.0, -7.0, +62.5
2008-09-20, Arizona, UCLA, -3.0, +3.0, +52.5
2008-09-20, Troy, OSU, +20.5, -20.5, +47.5
2008-09-20, Mid Tennessee, Arkansas State, +6.0, -6.0, +50.5
2008-09-20, UL Monroe, Tulane, +4.5, -4.5, +46.0
2008-09-20, FAU, Minnesota, +6.0, -6.0, +61.5
2008-09-20, USF, FIU, -29.5, +29.5, +56.0
2008-09-20, Kent State, LA-Lafayette, +2.5, -2.5, +51.5
2008-09-25, SMU, Tulane, +17.5, -17.5, +51.0
2008-09-25, USC, Oregon State, -24.0, +24.0, +55.0
2008-09-26, UConn, Louisville, +3.5, -3.5, +51.0
2008-09-27, Navy, Wake Forest, +17.0, -17.0, +53.0
2008-09-27, W Michigan, Temple, -4.5, +4.5, +47.0
2008-09-27, Marshall, West Virginia, +16.5, -16.5, +53.0
2008-09-27, Pitt, Syracuse, -14.0, +14.0, +48.0
2008-09-27, Michigan State, Indiana, -8.0, +8.0, +52.5
2008-09-27, Northwestern, Iowa, +9.0, -9.0, +42.5
2008-09-27, UVA, Duke, +7.5, -7.5, +45.0
2008-09-27, UNC, Miami (FL), +8.0, -8.0, +41.0
2008-09-27, Ole Miss, Florida, +23.5, -23.5, +49.0
2008-09-27, Miss St, LSU, +23.5, -23.5, +42.5
2008-09-27, N Illinois, E Michigan, -5.0, +5.0, +51.0
2008-09-27, Buffalo, Cent Michigan, +7.0, -7.0, +62.0
2008-09-27, Cincinnati, Akron, -12.0, +12.0, +56.5
2008-09-27, Houston, ECU, +10.5, -10.5, +61.5
2008-09-27, Purdue, Notre Dame, +2.0, -2.0, +48.0
2008-09-27, Minnesota, OSU, +20.5, -20.5, +50.0
2008-09-27, VT, Nebraska, +7.0, -7.0, +48.0
2008-09-27, Stanford, Washington, +3.0, -3.0, +54.5
2008-09-27, Colorado State, Cal, +28.0, -28.0, +58.5
2008-09-27, Alabama, Georgia, +6.5, -6.5, +47.0
2008-09-27, Tennessee, Auburn, +6.0, -6.0, +40.5
2008-09-27, Wisconsin, Michigan, -4.0, +4.0, +42.0
2008-09-27, Maryland, Clemson, +10.5, -10.5, +50.0
2008-09-27, Fresno State, UCLA, -7.0, +7.0, +48.0
2008-09-27, Bowling Green, Wyoming, -3.0, +3.0, +44.5
2008-09-27, Oregon, Washington St, -21.5, +21.5, +56.5
2008-09-27, TCU, Oklahoma, +18.5, -18.5, +54.5
2008-09-27, UAB, South Carolina, +26.0, -26.0, +50.5
2008-09-27, Army, Texas A&M, +27.0, -27.0, +45.0
2008-09-27, Kent State, Ball State, +20.5, -20.5, +60.0
2008-09-27, USF, North Carolina St, -10.5, +10.5, +46.0
2008-09-27, Colorado, FSU, +6.5, -6.5, +43.0
2008-09-27, UCF, UTEP, -4.0, +4.0, +50.5
2008-09-27, Illinois, Penn State, +16.0, -16.0, +54.5
2008-09-27, New Mexico, New Mexico St, -3.0, +3.0, +54.5
2008-09-27, Idaho, San Diego State, +12.0, -12.0, +54.0
2008-09-27, Nevada, UNLV, +3.5, -3.5, +57.5
2008-09-27, W Kentucky, Kentucky, +18.5, -18.5, +45.0
2008-09-27, Arkansas State, Memphis, -1.0, +1.0, +54.5
2008-09-27, Troy, Oklahoma State, +17.5, -17.5, +61.0
2008-09-27, FIU, Toledo, +17.5, -17.5, +53.0
2008-09-27, LA-Lafayette, Kansas State, +21.0, -21.0, +63.0
2008-09-27, North Texas, Rice, +15.5, -15.5, +68.0
2008-09-27, Arkansas, Texas, +27.5, -27.5, +60.0
2008-09-30, FAU, Mid Tennessee, +2.5, -2.5, +51.0
2008-10-01, LA Tech, Boise State, +24.0, -24.0, +56.5
2008-10-02, Pitt, USF, +13.5, -13.5, +50.0
2008-10-02, Memphis, UAB, -3.0, +3.0, +57.5
2008-10-02, Oregon State, Utah, +11.5, -11.5, +52.5
2008-10-03, Cincinnati, Marshall, -3.0, +3.0, +47.5
2008-10-03, BYU, Utah State, -29.5, +29.5, +59.0
2008-10-04, Boston College, North Carolina St, -7.5, +7.5, +42.0
2008-10-04, Rutgers, West Virginia, +14.0, -14.0, +50.0
2008-10-04, Penn State, Purdue, -14.0, +14.0, +58.0
2008-10-04, Iowa, Michigan State, +6.5, -6.5, +48.0
2008-10-04, Indiana, Minnesota, +6.5, -6.5, +61.5
2008-10-04, Maryland, UVA, -13.5, +13.5, +45.5
2008-10-04, UConn, UNC, +8.0, -8.0, +46.0
2008-10-04, South Carolina, Ole Miss, +1.5, -1.5, +42.0
2008-10-04, Texas Tech, Kansas State, -7.0, +7.0, +66.5
2008-10-04, Kansas, Iowa State, -11.0, +11.0, +49.5
2008-10-04, Duke, Georgia Tech, +13.0, -13.0, +49.0
2008-10-04, Auburn, Vanderbilt, -4.0, +4.0, +39.5
2008-10-04, UNLV, Colorado State, +2.0, -2.0, +52.0
2008-10-04, Ohio, W Michigan, +8.5, -8.5, +49.0
2008-10-04, Stanford, Notre Dame, +6.0, -6.0, +48.0
2008-10-04, Army, Tulane, +18.0, -18.0, +43.0
2008-10-04, Temple, Miami (OH), +7.0, -7.0, +41.0
2008-10-04, Illinois, Michigan, +2.0, -2.0, +49.5
2008-10-04, Missouri, Nebraska, -10.5, +10.5, +66.0
2008-10-04, Texas, Colorado, -12.0, +12.0, +51.5
2008-10-04, FSU, Miami (FL), -1.0, +1.0, +41.0
2008-10-04, Arizona State, Cal, +9.5, -9.5, +53.0
2008-10-04, Florida, Arkansas, -27.5, +27.5, +57.0
2008-10-04, Kentucky, Alabama, +15.0, -15.0, +45.0
2008-10-04, SMU, UCF, +13.5, -13.5, +55.0
2008-10-04, E Michigan, Bowling Green, +18.5, -18.5, +54.5
2008-10-04, Navy, Air Force, +4.5, -4.5, +51.5
2008-10-04, Nevada, Idaho, -23.0, +23.0, +68.0
2008-10-04, San Diego State, TCU, +24.5, -24.5, +49.0
2008-10-04, Washington St, UCLA, +15.5, -15.5, +53.5
2008-10-04, Washington, Arizona, +24.0, -24.0, +60.0
2008-10-04, N Illinois, Tennessee, +16.5, -16.5, +44.5
2008-10-04, Ball State, Toledo, -7.0, +7.0, +62.0
2008-10-04, Akron, Kent State, -3.5, +3.5, +51.5
2008-10-04, UTEP, Southern Miss, +7.5, -7.5, +62.0
2008-10-04, Oklahoma, Baylor, -24.0, +24.0, +61.0
2008-10-04, Texas A&M, Oklahoma State, +25.0, -25.0, +61.0
2008-10-04, OSU, Wisconsin, -2.0, +2.0, +44.0
2008-10-04, Rice, Tulsa, +16.5, -16.5, +79.0
2008-10-04, Oregon, USC, +16.0, -16.0, +56.5
2008-10-04, Wyoming, New Mexico, +10.0, -10.0, +40.5
2008-10-04, Hawaii, Fresno State, +21.5, -21.5, +56.0
2008-10-04, W Kentucky, VT, +27.0, -27.0, +47.5
2008-10-04, LA-Lafayette, UL Monroe, -1.0, +1.0, +55.0
2008-10-04, FIU, North Texas, -5.5, +5.5, +49.0
2008-10-07, Troy, FAU, -4.0, +4.0, +54.0
2008-10-09, Clemson, Wake Forest, -1.5, +1.5, +42.5
2008-10-09, UAB, Houston, +17.0, -17.0, +68.0
2008-10-10, Louisville, Memphis, -6.0, +6.0, +56.5
2008-10-11, ECU, UVA, -4.5, +4.5, +44.5
2008-10-11, Syracuse, West Virginia, +23.0, -23.0, +47.0
2008-10-11, Iowa, Indiana, -5.5, +5.5, +46.0
2008-10-11, Minnesota, Illinois, +11.0, -11.0, +57.5
2008-10-11, Michigan State, Northwestern, -2.5, +2.5, +50.0
2008-10-11, Texas, Oklahoma, +7.0, -7.0, +57.0
2008-10-11, E Michigan, Army, +2.5, -2.5, +45.5
2008-10-11, Iowa State, Baylor, +4.0, -4.0, +55.0
2008-10-11, South Carolina, Kentucky, -1.0, +1.0, +38.0
2008-10-11, W Michigan, Buffalo, +1.0, -1.0, +53.5
2008-10-11, Vanderbilt, Miss St, -1.5, +1.5, +38.5
2008-10-11, Utah, Wyoming, -21.5, +21.5, +41.0
2008-10-11, Kansas State, Texas A&M, -3.5, +3.5, +58.5
2008-10-11, Temple, Cent Michigan, +8.5, -8.5, +48.5
2008-10-11, Purdue, OSU, +20.0, -20.0, +49.0
2008-10-11, TCU, Colorado State, -17.0, +17.0, +46.0
2008-10-11, Oklahoma State, Missouri, +14.0, -14.0, +76.5
2008-10-11, Tennessee, Georgia, +13.0, -13.0, +43.5
2008-10-11, Arizona State, USC, +27.5, -27.5, +49.5
2008-10-11, UCLA, Oregon, +21.0, -21.0, +55.0
2008-10-11, Toledo, Michigan, +14.5, -14.5, +49.5
2008-10-11, Notre Dame, UNC, +7.5, -7.5, +47.0
2008-10-11, Arkansas, Auburn, +16.0, -16.0, +42.0
2008-10-11, New Mexico St, Nevada, +19.5, -19.5, +65.0
2008-10-11, Miami (OH), N Illinois, +10.0, -10.0, +43.5
2008-10-11, New Mexico, BYU, +22.5, -22.5, +48.0
2008-10-11, Washington St, Oregon State, +28.5, -28.5, +54.0
2008-10-11, Arizona, Stanford, -6.5, +6.5, +52.5
2008-10-11, Bowling Green, Akron, -2.0, +2.0, +52.5
2008-10-11, Ohio, Kent State, -1.0, +1.0, +52.0
2008-10-11, Rutgers, Cincinnati, +7.0, -7.0, +48.0
2008-10-11, Nebraska, Texas Tech, +21.0, -21.0, +66.5
2008-10-11, Colorado, Kansas, +14.0, -14.0, +51.0
2008-10-11, Penn State, Wisconsin, -5.0, +5.0, +47.5
2008-10-11, UCF, Miami (FL), +17.0, -17.0, +46.0
2008-10-11, LSU, Florida, +7.0, -7.0, +48.5
2008-10-11, Utah State, San Jose State, +11.0, -11.0, +45.5
2008-10-11, Tulsa, SMU, -22.5, +22.5, +77.0
2008-10-11, Boise State, Southern Miss, -10.0, +10.0, +57.0
2008-10-11, Tulane, UTEP, +6.0, -6.0, +55.5
2008-10-11, Air Force, San Diego State, -10.5, +10.5, +48.0
2008-10-11, Idaho, Fresno State, +34.0, -34.0, +63.5
2008-10-11, Ball State, W Kentucky, -16.0, +16.0, +51.0
2008-10-11, UL Monroe, Arkansas State, +13.5, -13.5, +52.5
2008-10-11, Mid Tennessee, FIU, +1.5, -1.5, +43.0
2008-10-11, LA-Lafayette, North Texas, -17.5, +17.5, +67.5
2008-10-16, FSU, North Carolina St, -11.5, +11.5, +48.0
2008-10-16, BYU, TCU, +2.0, -2.0, +44.0
2008-10-17, Hawaii, Boise State, +23.5, -23.5, +51.5
2008-10-18, UConn, Rutgers, +3.0, -3.0, +44.0
2008-10-18, Wake Forest, Maryland, -1.0, +1.0, +44.5
2008-10-18, Georgia Tech, Clemson, -1.5, +1.5, +41.5
2008-10-18, Memphis, ECU, +8.5, -8.5, +53.0
2008-10-18, Miami (FL), Duke, -3.0, +3.0, +40.5
2008-10-18, VT, Boston College, +3.0, -3.0, +40.0
2008-10-18, Syracuse, USF, +24.0, -24.0, +52.5
2008-10-18, Wisconsin, Iowa, +4.5, -4.5, +41.5
2008-10-18, Purdue, Northwestern, +4.0, -4.0, +50.0
2008-10-18, Kansas, Oklahoma, +19.0, -19.0, +59.5
2008-10-18, Miami (OH), Bowling Green, +9.5, -9.5, +50.5
2008-10-18, W Michigan, Cent Michigan, -1.5, +1.5, +59.5
2008-10-18, Nebraska, Iowa State, -7.5, +7.5, +53.5
2008-10-18, Miss St, Tennessee, +9.5, -9.5, +38.5
2008-10-18, Ole Miss, Alabama, +12.0, -12.0, +48.5
2008-10-18, Vanderbilt, Georgia, +16.5, -16.5, +43.5
2008-10-18, Akron, E Michigan, -4.5, +4.5, +53.5
2008-10-18, Colorado State, Utah, +21.5, -21.5, +49.5
2008-10-18, Texas Tech, Texas A&M, -20.5, +20.5, +61.5
2008-10-18, Southern Miss, Rice, +2.0, -2.0, +68.5
2008-10-18, USC, Washington St, -42.5, +42.5, +56.5
2008-10-18, Pitt, Navy, -3.0, +3.0, +51.0
2008-10-18, OSU, Michigan State, -3.5, +3.5, +42.5
2008-10-18, Missouri, Texas, +4.5, -4.5, +65.5
2008-10-18, UNC, UVA, -3.5, +3.5, +45.0
2008-10-18, Toledo, N Illinois, +8.5, -8.5, +46.0
2008-10-18, Utah State, Nevada, +23.5, -23.5, +62.5
2008-10-18, Marshall, UAB, -3.0, +3.0, +55.5
2008-10-18, Michigan, Penn State, +24.5, -24.5, +48.0
2008-10-18, San Diego State, New Mexico, +17.0, -17.0, +44.5
2008-10-18, Oregon State, Washington, -16.5, +16.5, +59.5
2008-10-18, Arkansas, Kentucky, +7.5, -7.5, +46.5
2008-10-18, Cal, Arizona, -2.5, +2.5, +53.5
2008-10-18, Idaho, LA Tech, +20.0, -20.0, +58.5
2008-10-18, Kansas State, Colorado, +3.0, -3.0, +58.0
2008-10-18, Baylor, Oklahoma State, +17.0, -17.0, +64.5
2008-10-18, Army, Buffalo, +11.0, -11.0, +46.0
2008-10-18, LSU, South Carolina, -1.5, +1.5, +44.0
2008-10-18, UTEP, Tulsa, +20.5, -20.5, +73.5
2008-10-18, San Jose State, New Mexico St, -1.0, +1.0, +51.5
2008-10-18, Houston, SMU, -15.0, +15.0, +70.0
2008-10-18, Indiana, Illinois, +17.0, -17.0, +53.5
2008-10-18, Air Force, UNLV, -3.5, +3.5, +52.0
2008-10-18, Stanford, UCLA, -2.0, +2.0, +46.0
2008-10-18, FAU, W Kentucky, -3.0, +3.0, +47.5
2008-10-18, Mid Tennessee, Louisville, +14.5, -14.5, +48.5
2008-10-18, North Texas, UL Monroe, +16.5, -16.5, +61.0
2008-10-18, Arkansas State, LA-Lafayette, +3.0, -3.0, +61.0
2008-10-18, FIU, Troy, +12.0, -12.0, +47.5
2008-10-21, Ohio, Temple, +4.0, -4.0, +40.5
2008-10-23, Auburn, West Virginia, +3.0, -3.0, +40.0
2008-10-23, New Mexico, Air Force, +4.0, -4.0, +43.5
2008-10-24, Boise State, San Jose State, -7.0, +7.0, +40.5
2008-10-25, LA Tech, Army, +1.0, -1.0, +41.0
2008-10-25, North Carolina St, Maryland, +12.5, -12.5, +47.0
2008-10-25, Wake Forest, Miami (FL), +3.0, -3.0, +41.5
2008-10-25, Northwestern, Indiana, -7.5, +7.5, +53.0
2008-10-25, Minnesota, Purdue, -1.5, +1.5, +53.0
2008-10-25, Boston College, UNC, +3.0, -3.0, +41.0
2008-10-25, Cincinnati, UConn, -3.0, +3.0, +43.5
2008-10-25, Illinois, Wisconsin, -2.0, +2.0, +51.5
2008-10-25, Rutgers, Pitt, +9.5, -9.5, +41.5
2008-10-25, Texas A&M, Iowa State, +2.5, -2.5, +52.5
2008-10-25, Kentucky, Florida, +26.0, -26.0, +48.0
2008-10-25, Ole Miss, Arkansas, -6.5, +6.5, +55.5
2008-10-25, E Michigan, Ball State, +27.5, -27.5, +57.0
2008-10-25, UNLV, BYU, +23.0, -23.0, +62.5
2008-10-25, Duke, Vanderbilt, +9.5, -9.5, +42.0
2008-10-25, Rice, Tulane, +2.5, -2.5, +66.0
2008-10-25, Fresno State, Utah State, -16.0, +16.0, +57.5
2008-10-25, SMU, Navy, +14.0, -14.0, +62.5
2008-10-25, Alabama, Tennessee, -5.0, +5.0, +41.0
2008-10-25, Oregon, Arizona State, -3.0, +3.0, +54.0
2008-10-25, UCLA, Cal, +20.0, -20.0, +51.0
2008-10-25, Kent State, Miami (OH), +3.5, -3.5, +46.5
2008-10-25, UVA, Georgia Tech, +14.0, -14.0, +42.5
2008-10-25, Oklahoma State, Texas, +12.0, -12.0, +66.5
2008-10-25, Georgia, LSU, -1.5, +1.5, +50.0
2008-10-25, Oklahoma, Kansas State, -18.0, +18.0, +71.5
2008-10-25, Michigan State, Michigan, -3.0, +3.0, +44.0
2008-10-25, VT, FSU, +7.0, -7.0, +44.5
2008-10-25, Bowling Green, N Illinois, +7.0, -7.0, +47.5
2008-10-25, New Mexico St, Idaho, -12.0, +12.0, +64.5
2008-10-25, Wyoming, TCU, +32.5, -32.5, +42.5
2008-10-25, Cent Michigan, Toledo, -3.5, +3.5, +56.5
2008-10-25, USF, Louisville, -6.0, +6.0, +52.0
2008-10-25, Baylor, Nebraska, +14.0, -14.0, +56.5
2008-10-25, Texas Tech, Kansas, -1.5, +1.5, +68.0
2008-10-25, Colorado, Missouri, +24.0, -24.0, +59.5
2008-10-25, Penn State, OSU, -1.5, +1.5, +44.5
2008-10-25, Notre Dame, Washington, -9.0, +9.0, +54.5
2008-10-25, Colorado State, San Diego State, -7.5, +7.5, +53.5
2008-10-25, USC, Arizona, -14.5, +14.5, +53.5
2008-10-25, Mid Tennessee, Miss St, +12.5, -12.5, +42.5
2008-10-25, FAU, UL Monroe, -2.5, +2.5, +54.0
2008-10-25, Troy, North Texas, -24.0, +24.0, +63.0
2008-10-25, Southern Miss, Memphis, -3.5, +3.5, +52.0
2008-10-26, Nevada, Hawaii, -3.5, +3.5, +60.5
2008-10-26, UCF, Tulsa, +23.5, -23.5, +67.5
2008-10-28, Buffalo, Ohio, +1.5, -1.5, +49.0
2008-10-28, Houston, Marshall, -7.0, +7.0, +60.5
2008-10-30, USF, Cincinnati, -2.5, +2.5, +48.5
2008-11-01, Kent State, Bowling Green, +6.5, -6.5, +52.5
2008-11-01, Cent Michigan, Indiana, +1.5, -1.5, +60.0
2008-11-01, Air Force, Army, -7.5, +7.5, +41.0
2008-11-01, Louisville, Syracuse, -11.0, +11.0, +51.5
2008-11-01, Miami (FL), UVA, +1.5, -1.5, +41.5
2008-11-01, West Virginia, UConn, -3.0, +3.0, +46.5
2008-11-01, Iowa, Illinois, +2.5, -2.5, +50.5
2008-11-01, Northwestern, Minnesota, +7.5, -7.5, +48.0
2008-11-01, Duke, Wake Forest, +8.0, -8.0, +42.0
2008-11-01, Iowa State, Oklahoma State, +30.0, -30.0, +61.5
2008-11-01, Missouri, Baylor, -21.0, +21.0, +65.5
2008-11-01, Auburn, Ole Miss, +6.5, -6.5, +43.0
2008-11-01, San Diego State, Wyoming, +6.0, -6.0, +47.0
2008-11-01, E Michigan, W Michigan, +18.5, -18.5, +59.0
2008-11-01, Colorado, Texas A&M, +4.0, -4.0, +51.0
2008-11-01, Pitt, Notre Dame, +5.0, -5.0, +48.5
2008-11-01, Fresno State, LA Tech, -4.5, +4.5, +57.0
2008-11-01, Hawaii, Utah State, -5.0, +5.0, +49.0
2008-11-01, Tennessee, South Carolina, +5.5, -5.5, +37.5
2008-11-01, Florida, Georgia, -7.5, +7.5, +56.5
2008-11-01, Washington, USC, +45.5, -45.5, +56.5
2008-11-01, Nebraska, Oklahoma, +21.0, -21.0, +71.0
2008-11-01, Oregon, Cal, +2.5, -2.5, +55.0
2008-11-01, Temple, Navy, +8.5, -8.5, +44.5
2008-11-01, Kansas State, Kansas, +7.5, -7.5, +68.0
2008-11-01, Texas, Texas Tech, -3.0, +3.0, +71.5
2008-11-01, Michigan, Purdue, +2.5, -2.5, +47.0
2008-11-01, Wisconsin, Michigan State, +5.5, -5.5, +49.5
2008-11-01, Clemson, Boston College, +3.0, -3.0, +44.0
2008-11-01, San Jose State, Idaho, -14.5, +14.5, +47.5
2008-11-01, BYU, Colorado State, -16.0, +16.0, +58.5
2008-11-01, Washington St, Stanford, +28.0, -28.0, +50.5
2008-11-01, Boise State, New Mexico St, -21.5, +21.5, +57.0
2008-11-01, Kentucky, Miss St, +1.5, -1.5, +39.0
2008-11-01, FSU, Georgia Tech, +2.5, -2.5, +42.0
2008-11-01, Tulane, LSU, +30.5, -30.5, +54.0
2008-11-01, TCU, UNLV, -16.5, +16.5, +51.0
2008-11-01, UAB, Southern Miss, +7.5, -7.5, +61.5
2008-11-01, Rice, UTEP, -3.0, +3.0, +76.0
2008-11-01, Utah, New Mexico, -8.0, +8.0, +45.5
2008-11-01, Arizona State, Oregon State, +14.0, -14.0, +51.0
2008-11-01, North Texas, W Kentucky, +18.0, -18.0, +55.5
2008-11-01, Arkansas State, Alabama, +24.5, -24.5, +48.5
2008-11-01, FIU, LA-Lafayette, +12.0, -12.0, +56.5
2008-11-01, Troy, UL Monroe, -11.0, +11.0, +55.5
2008-11-01, Tulsa, Arkansas, -7.5, +7.5, +75.0
2008-11-02, ECU, UCF, -5.5, +5.5, +46.5
2008-11-04, Miami (OH), Buffalo, +8.5, -8.5, +50.5
2008-11-05, Toledo, Akron, +6.5, -6.5, +55.0
2008-11-05, N Illinois, Ball State, +8.5, -8.5, +47.0
2008-11-06, TCU, Utah, -2.0, +2.0, +42.5
2008-11-06, Maryland, VT, +3.0, -3.0, +41.5
2008-11-07, Nevada, Fresno State, -2.5, +2.5, +70.5
2008-11-08, Syracuse, Rutgers, +14.0, -14.0, +48.5
2008-11-08, Wisconsin, Indiana, -10.0, +10.0, +50.5
2008-11-08, OSU, Northwestern, -13.0, +13.0, +39.5
2008-11-08, Georgia Tech, UNC, +5.5, -5.5, +43.0
2008-11-08, Illinois, W Michigan, -7.5, +7.5, +64.0
2008-11-08, UVA, Wake Forest, +4.5, -4.5, +40.5
2008-11-08, North Carolina St, Duke, +3.5, -3.5, +49.0
2008-11-08, Oklahoma State, Texas Tech, +3.5, -3.5, +72.0
2008-11-08, Florida, Vanderbilt, -23.5, +23.5, +49.5
2008-11-08, Arkansas, South Carolina, +12.0, -12.0, +44.0
2008-11-08, Georgia, Kentucky, -13.5, +13.5, +47.0
2008-11-08, Bowling Green, Ohio, -2.5, +2.5, +50.0
2008-11-08, San Diego State, BYU, +36.0, -36.0, +65.0
2008-11-08, Utah State, Boise State, +33.0, -33.0, +52.0
2008-11-08, Oklahoma, Texas A&M, -27.0, +27.0, +71.5
2008-11-08, Army, Rice, +9.0, -9.0, +56.0
2008-11-08, Iowa State, Colorado, +10.5, -10.5, +47.0
2008-11-08, Memphis, SMU, +1.0, -1.0, +60.5
2008-11-08, Kansas State, Missouri, +26.0, -26.0, +71.0
2008-11-08, Clemson, FSU, +3.0, -3.0, +44.0
2008-11-08, Kansas, Nebraska, +1.5, -1.5, +61.0
2008-11-08, Penn State, Iowa, -7.5, +7.5, +43.0
2008-11-08, Notre Dame, Boston College, +3.5, -3.5, +46.0
2008-11-08, Wyoming, Tennessee, +25.5, -25.5, +41.5
2008-11-08, Alabama, LSU, -3.5, +3.5, +46.5
2008-11-08, Stanford, Oregon, +14.0, -14.0, +56.0
2008-11-08, Arizona State, Washington, -13.5, +13.5, +48.5
2008-11-08, Tulane, Houston, +17.5, -17.5, +56.5
2008-11-08, Colorado State, Air Force, +10.5, -10.5, +51.0
2008-11-08, Oregon State, UCLA, -7.0, +7.0, +48.0
2008-11-08, Arizona, Washington St, -39.0, +39.0, +56.5
2008-11-08, Baylor, Texas, +25.5, -25.5, +61.0
2008-11-08, Cincinnati, West Virginia, +7.0, -7.0, +48.0
2008-11-08, Louisville, Pitt, +6.0, -6.0, +53.0
2008-11-08, Michigan, Minnesota, +7.5, -7.5, +50.0
2008-11-08, Cal, USC, +21.0, -21.0, +48.0
2008-11-08, LA Tech, San Jose State, +7.0, -7.0, +40.5
2008-11-08, New Mexico, UNLV, -6.0, +6.0, +49.0
2008-11-08, W Kentucky, Troy, +18.5, -18.5, +54.0
2008-11-08, North Texas, FAU, +22.5, -22.5, +64.0
2008-11-08, UTEP, LA-Lafayette, +13.0, -13.0, +72.0
2008-11-08, Arkansas State, FIU, -3.0, +3.0, +45.5
2008-11-08, UL Monroe, Mid Tennessee, +5.0, -5.0, +51.0
2008-11-08, Marshall, ECU, +7.5, -7.5, +47.0
2008-11-08, Hawaii, New Mexico St, -3.5, +3.5, +54.0
2008-11-08, Southern Miss, UCF, -2.5, +2.5, +49.0
2008-11-08, Purdue, Michigan State, +10.0, -10.0, +53.5
2008-11-11, Ball State, Miami (OH), -18.0, +18.0, +54.0
2008-11-12, Temple, Kent State, +1.0, -1.0, +46.5
2008-11-12, Cent Michigan, N Illinois, +4.0, -4.0, +52.5
2008-11-13, Buffalo, Akron, +3.0, -3.0, +61.0
2008-11-13, VT, Miami (FL), +4.0, -4.0, +41.5
2008-11-13, Wyoming, UNLV, +6.0, -6.0, +48.0
2008-11-14, Cincinnati, Louisville, -3.5, +3.5, +46.5
2008-11-15, Indiana, Penn State, +35.0, -35.0, +57.0
2008-11-15, Purdue, Iowa, +18.0, -18.0, +44.0
2008-11-15, Northwestern, Michigan, +3.5, -3.5, +47.0
2008-11-15, Minnesota, Wisconsin, +13.5, -13.5, +48.0
2008-11-15, Wake Forest, North Carolina St, -3.5, +3.5, +43.0
2008-11-15, Duke, Clemson, +10.5, -10.5, +45.5
2008-11-15, UNC, Maryland, -3.0, +3.0, +45.0
2008-11-15, Notre Dame, Navy, -4.0, +4.0, +51.5
2008-11-15, UConn, Syracuse, -9.0, +9.0, +47.5
2008-11-15, Miss St, Alabama, +21.5, -21.5, +41.0
2008-11-15, Vanderbilt, Kentucky, +3.0, -3.0, +38.0
2008-11-15, Texas A&M, Baylor, +8.0, -8.0, +58.5
2008-11-15, New Mexico, Colorado State, -2.5, +2.5, +52.5
2008-11-15, Toledo, W Michigan, +16.0, -16.0, +53.0
2008-11-15, Utah State, LA Tech, +14.0, -14.0, +48.0
2008-11-15, ECU, Southern Miss, +3.0, -3.0, +49.0
2008-11-15, UAB, Tulane, +3.5, -3.5, +54.0
2008-11-15, Texas, Kansas, -13.0, +13.0, +65.5
2008-11-15, Missouri, Iowa State, -26.5, +26.5, +65.5
2008-11-15, Cal, Oregon State, +3.5, -3.5, +50.5
2008-11-15, Arizona, Oregon, +6.0, -6.0, +62.0
2008-11-15, UCLA, Washington, -6.5, +6.5, +47.0
2008-11-15, Georgia, Auburn, -10.0, +10.0, +47.5
2008-11-15, BYU, Air Force, -3.5, +3.5, +51.5
2008-11-15, South Carolina, Florida, +21.0, -21.0, +47.5
2008-11-15, San Jose State, Nevada, +14.0, -14.0, +51.0
2008-11-15, UCF, Marshall, +7.0, -7.0, +39.5
2008-11-15, Boise State, Idaho, -36.0, +36.0, +60.5
2008-11-15, Tulsa, Houston, -3.5, +3.5, +79.0
2008-11-15, New Mexico St, Fresno State, +17.0, -17.0, +63.5
2008-11-15, USC, Stanford, -24.0, +24.0, +47.5
2008-11-15, Nebraska, Kansas State, -6.0, +6.0, +66.5
2008-11-15, Oklahoma State, Colorado, -17.5, +17.5, +55.5
2008-11-15, Rutgers, USF, +8.0, -8.0, +50.0
2008-11-15, Boston College, FSU, +6.0, -6.0, +43.5
2008-11-15, OSU, Illinois, -9.5, +9.5, +44.5
2008-11-15, Utah, San Diego State, -28.0, +28.0, +53.5
2008-11-15, SMU, UTEP, +14.0, -14.0, +66.0
2008-11-15, Washington St, Arizona State, +35.0, -35.0, +56.5
2008-11-15, Mid Tennessee, W Kentucky, -1.0, +1.0, +44.5
2008-11-15, LA-Lafayette, FAU, +1.0, -1.0, +63.0
2008-11-15, UL Monroe, Ole Miss, +24.0, -24.0, +57.5
2008-11-15, Troy, LSU, +16.0, -16.0, +55.5
2008-11-18, N Illinois, Kent State, -3.0, +3.0, +51.5
2008-11-19, Ball State, Cent Michigan, -6.0, +6.0, +59.5
2008-11-20, Miami (FL), Georgia Tech, +3.0, -3.0, +42.5
2008-11-21, Miami (OH), Toledo, +3.5, -3.5, +49.5
2008-11-21, Buffalo, Bowling Green, +4.0, -4.0, +56.0
2008-11-21, Fresno State, San Jose State, -3.0, +3.0, +48.0
2008-11-22, E Michigan, Temple, +12.5, -12.5, +48.5
2008-11-22, Army, Rutgers, +18.5, -18.5, +43.0
2008-11-22, Illinois, Northwestern, -3.0, +3.0, +54.0
2008-11-22, Pitt, Cincinnati, +6.0, -6.0, +48.0
2008-11-22, Boston College, Wake Forest, -2.0, +2.0, +41.0
2008-11-22, Indiana, Purdue, +11.0, -11.0, +54.0
2008-11-22, Michigan, OSU, +20.5, -20.5, +44.0
2008-11-22, Duke, VT, +15.0, -15.0, +43.0
2008-11-22, FSU, Maryland, -2.0, +2.0, +47.5
2008-11-22, North Carolina St, UNC, +11.0, -11.0, +47.5
2008-11-22, Iowa State, Kansas State, +10.5, -10.5, +65.5
2008-11-22, Tennessee, Vanderbilt, +3.0, -3.0, +36.5
2008-11-22, Arkansas, Miss St, -2.5, +2.5, +42.5
2008-11-22, Akron, Ohio, -2.0, +2.0, +54.0
2008-11-22, Colorado State, Wyoming, -1.5, +1.5, +46.5
2008-11-22, Marshall, Rice, +8.5, -8.5, +67.5
2008-11-22, Syracuse, Notre Dame, +19.5, -19.5, +47.5
2008-11-22, Washington, Washington St, -6.5, +6.5, +46.0
2008-11-22, Tulane, Tulsa, +28.5, -28.5, +69.0
2008-11-22, Texas Tech, Oklahoma, +7.0, -7.0, +77.0
2008-11-22, Michigan State, Penn State, +16.0, -16.0, +47.0
2008-11-22, Clemson, UVA, -2.5, +2.5, +43.0
2008-11-22, Air Force, TCU, +20.0, -20.0, +41.5
2008-11-22, Stanford, Cal, +8.0, -8.0, +50.5
2008-11-22, LA Tech, New Mexico St, -7.0, +7.0, +54.0
2008-11-22, Boise State, Nevada, -6.5, +6.5, +62.5
2008-11-22, ECU, UAB, -6.5, +6.5, +50.5
2008-11-22, UTEP, Houston, +17.0, -17.0, +74.0
2008-11-22, BYU, Utah, +7.0, -7.0, +54.0
2008-11-22, Iowa, Minnesota, -6.0, +6.0, +45.0
2008-11-22, Oregon State, Arizona, +3.0, -3.0, +57.0
2008-11-22, West Virginia, Louisville, -7.0, +7.0, +47.5
2008-11-22, UCF, Memphis, +5.5, -5.5, +45.5
2008-11-22, UNLV, San Diego State, -10.5, +10.5, +60.0
2008-11-22, Ole Miss, LSU, +3.5, -3.5, +54.0
2008-11-22, Idaho, Hawaii, +24.0, -24.0, +57.5
2008-11-22, FAU, Arkansas State, +3.5, -3.5, +50.5
2008-11-22, UL Monroe, FIU, +7.0, -7.0, +51.5
2008-11-22, North Texas, Mid Tennessee, +18.5, -18.5, +60.0
2008-11-22, LA-Lafayette, Troy, +9.5, -9.5, +64.0
2008-11-23, UConn, USF, +3.0, -3.0, +48.5
2008-11-25, W Michigan, Ball State, +10.5, -10.5, +55.0
2008-11-25, Navy, N Illinois, +3.0, -3.0, +52.5
2008-11-27, Texas A&M, Texas, +35.5, -35.5, +67.0
2008-11-28, West Virginia, Pitt, -3.0, +3.0, +49.0
2008-11-28, Ohio, Miami (OH), -2.5, +2.5, +49.0
2008-11-28, Miss St, Ole Miss, +18.5, -18.5, +47.5
2008-11-28, Akron, Temple, +3.0, -3.0, +57.5
2008-11-28, UTEP, ECU, +6.5, -6.5, +55.5
2008-11-28, Cent Michigan, E Michigan, -10.0, +10.0, +62.5
2008-11-28, Kent State, Buffalo, +9.0, -9.0, +58.0
2008-11-28, LSU, Arkansas, -7.0, +7.0, +53.0
2008-11-28, Bowling Green, Toledo, -3.0, +3.0, +52.5
2008-11-28, Colorado, Nebraska, +19.5, -19.5, +57.0
2008-11-28, Fresno State, Boise State, +21.5, -21.5, +56.5
2008-11-28, UCLA, Arizona State, +10.0, -10.0, +44.0
2008-11-29, Miami (FL), North Carolina St, -2.0, +2.0, +48.0
2008-11-29, Vanderbilt, Wake Forest, +4.0, -4.0, +38.0
2008-11-29, Maryland, Boston College, +6.5, -6.5, +42.5
2008-11-29, UVA, VT, +7.5, -7.5, +38.5
2008-11-29, UNC, Duke, -7.5, +7.5, +44.0
2008-11-29, Syracuse, Cincinnati, +21.5, -21.5, +49.0
2008-11-29, Baylor, Texas Tech, +22.5, -22.5, +70.0
2008-11-29, Tulane, Memphis, +14.5, -14.5, +53.0
2008-11-29, Nevada, LA Tech, -4.5, +4.5, +60.5
2008-11-29, Houston, Rice, -3.5, +3.5, +79.0
2008-11-29, New Mexico St, Utah State, +6.0, -6.0, +57.5
2008-11-29, Southern Miss, SMU, -14.5, +14.5, +59.0
2008-11-29, Kansas, Missouri, +16.0, -16.0, +70.0
2008-11-29, Oklahoma, Oklahoma State, -10.0, +10.0, +75.0
2008-11-29, Georgia Tech, Georgia, +7.5, -7.5, +49.5
2008-11-29, Tulsa, Marshall, -16.5, +16.5, +65.0
2008-11-29, Auburn, Alabama, +14.5, -14.5, +40.5
2008-11-29, Florida, FSU, -16.0, +16.0, +55.0
2008-11-29, Kentucky, Tennessee, +4.5, -4.5, +38.0
2008-11-29, UAB, UCF, +8.5, -8.5, +47.0
2008-11-29, Oregon, Oregon State, +3.0, -3.0, +58.0
2008-11-29, South Carolina, Clemson, +1.0, -1.0, +40.5
2008-11-29, Notre Dame, USC, +33.0, -33.0, +50.0
2008-11-29, Washington St, Hawaii, +27.5, -27.5, +52.5
2008-11-29, Arkansas State, North Texas, -20.0, +20.0, +58.0
2008-11-29, FIU, FAU, +5.5, -5.5, +50.0
2008-11-29, S Carolina St, Appalachian St, +20.0, -20.0, +0.0
2008-11-29, Colgate, Villanova, +20.0, -20.0, +0.0
2008-11-29, E Kentucky, Richmond, +24.5, -24.5, +0.0
2008-11-29, UNH, S Illinois, -4.0, +4.0, +0.0
2008-11-29, Texas State, Montana, +21.0, -21.0, +0.0
2008-11-29, Wofford, JMU, +10.5, -10.5, +0.0
2008-11-29, Maine, Northern Iowa, +10.0, -10.0, +0.0
2008-11-29, Weber State, Cal Poly, +8.5, -8.5, +0.0
2008-12-03, Mid Tennessee, LA-Lafayette, +5.5, -5.5, +58.0
2008-12-04, Louisville, Rutgers, +12.5, -12.5, +54.0
2008-12-05, Buffalo, Ball State, +15.0, -15.0, +63.5
2008-12-06, Navy, Army, -10.5, +10.5, +43.0
2008-12-06, Pitt, UConn, +3.0, -3.0, +45.0
2008-12-06, USF, West Virginia, +7.0, -7.0, +47.0
2008-12-06, Washington, Cal, +35.5, -35.5, +52.0
2008-12-06, Arizona State, Arizona, +12.0, -12.0, +50.5
2008-12-06, Cincinnati, Hawaii, -8.0, +8.0, +48.5
2008-12-06, Arkansas State, Troy, +13.0, -13.0, +53.0
2008-12-06, W Kentucky, FIU, +6.5, -6.5, +47.5
2008-12-06, ECU, Tulsa, +12.0, -12.0, +65.5
2008-12-06, Boston College, VT, +1.0, -1.0, +37.5
2008-12-06, Alabama, Florida, +10.0, -10.0, +54.5
2008-12-06, Missouri, Oklahoma, +16.5, -16.5, +78.5
2008-12-06, USC, UCLA, -32.5, +32.5, +47.0
2008-12-06, Richmond, Appalachian St, +5.0, -5.0, +0.0
2008-12-06, Weber State, Montana, +7.0, -7.0, +0.0
2008-12-06, Villanova, JMU, +9.0, -9.0, +0.0
2008-12-06, UNH, Northern Iowa, +3.5, -3.5, +0.0
2008-12-20, Navy, Wake Forest, +3.0, -3.0, +44.0
2008-12-20, Fresno State, Colorado State, -2.5, +2.5, +60.5
2008-12-20, Memphis, USF, +11.0, -11.0, +56.5
2008-12-20, BYU, Arizona, +3.0, -3.0, +61.5
2008-12-21, Troy, Southern Miss, -4.5, +4.5, +55.0
2008-12-23, TCU, Boise State, -3.5, +3.5, +45.5
2008-12-24, Notre Dame, Hawaii, -2.5, +2.5, +49.0
2008-12-26, FAU, Cent Michigan, +7.0, -7.0, +69.0
2008-12-27, West Virginia, UNC, -2.5, +2.5, +47.0
2008-12-27, Wisconsin, FSU, +7.0, -7.0, +51.5
2008-12-27, Miami (FL), Cal, +10.0, -10.0, +50.5
2008-12-28, N Illinois, LA Tech, +3.0, -3.0, +46.5
2008-12-29, North Carolina St, Rutgers, +6.5, -6.5, +57.0
2008-12-29, Northwestern, Missouri, +14.0, -14.0, +66.0
2008-12-30, Nevada, Maryland, -3.0, +3.0, +61.0
2008-12-30, W Michigan, Rice, +2.5, -2.5, +73.5
2008-12-30, Oregon, Oklahoma State, -1.0, +1.0, +76.0
2008-12-31, Air Force, Houston, +5.0, -5.0, +65.0
2008-12-31, Pitt, Oregon State, +1.0, -1.0, +51.0
2008-12-31, Boston College, Vanderbilt, -6.0, +6.0, +41.0
2008-12-31, Minnesota, Kansas, +9.0, -9.0, +59.0
2008-12-31, LSU, Georgia Tech, +4.5, -4.5, +53.0
2009-01-01, Penn State, USC, +10.0, -10.0, +44.5
2009-01-01, VT, Cincinnati, +3.0, -3.0, +41.0
2009-01-01, Iowa, South Carolina, -3.5, +3.5, +43.0
2009-01-01, Clemson, Nebraska, -1.0, +1.0, +54.5
2009-01-01, Michigan State, Georgia, +9.5, -9.5, +57.0
2009-01-02, Utah, Alabama, +9.0, -9.0, +46.0
2009-01-02, Ole Miss, Texas Tech, +4.0, -4.0, +66.5
2009-01-02, ECU, Kentucky, -3.0, +3.0, +41.0
2009-01-03, Buffalo, UConn, +7.0, -7.0, +51.5
2009-01-05, OSU, Texas, +9.5, -9.5, +51.5
2009-01-06, Ball State, Tulsa, +2.5, -2.5, +69.5
2009-01-08, Florida, Oklahoma, -4.0, +4.0, +70.0
