Player,Date,G,School,Loc,Opponent,WL,FR,FR Yds,FR TD,Fumble Forced,unique_id
Kyree Campbell,2019-08-24,1,Florida,N,Miami (FL),W,0,,,1,kyree-campbell-1
Trey Dean III,2019-08-24,1,Florida,N,Miami (FL),W,0,,,1,trey-dean-iii-1
Christian Young,2019-08-24,1,Arizona,@,Hawaii,L,1,,,2,christian-young-2
Shawn Burgess-Becker,2019-08-29,1,Central Florida,,Florida A&M,W,0,,,1,shawn-burgess-becker-1
Kholbe Coleman,2019-08-29,1,Bowling Green State,,Morgan State,W,1,,,1,kholbe-coleman-1
Elijah Gates,2019-08-29,1,UCLA,@,Cincinnati,L,0,,,1,elijah-gates-1
Jamal Gates,2019-08-29,1,Florida International,@,Tulane,L,0,,,1,jamal-gates-1
Jalen Jones,2019-08-29,1,Arizona State,,Kent State,W,0,,,1,jack-jones-5
Khaylan Kearse-Thomas,2019-08-29,1,Arizona State,,Kent State,W,0,,,1,khaylan-kearse-thomas-1
Malcolm Koonce,2019-08-29,1,Buffalo,,,W,0,,,1,malcolm-koonce-1
Michael Oliver,2019-08-29,1,Central Michigan,,Albany,W,0,,,1,michael-oliver-1
Akeam Peters,2019-08-29,1,Kent State,@,Arizona State,L,0,,,1,akeam-peters-1
Merlin Robertson,2019-08-29,1,Arizona State,,Kent State,W,0,,,1,merlin-robertson-1
Chad Smith,2019-08-29,1,Clemson,,Georgia Tech,W,0,,,1,chad-smith-5
Demond Stewart,2019-08-29,1,UNC Charlotte,,Gardner-Webb,W,0,,,1,demond-stewart-1
Anthony Taylor,2019-08-29,1,Texas State,@,Texas A&M,L,0,,,1,anthony-taylor-7
Juanyeh Thomas,2019-08-29,1,Georgia Tech,@,Clemson,L,0,,,1,juanyeh-thomas-1
Kobe Williams,2019-08-29,1,Arizona State,,Kent State,W,0,,,1,kobe-williams-1
Zack Baun,2019-08-30,1,Wisconsin,@,South Florida,W,0,,,1,zack-baun-1
John Chenal,2019-08-30,1,Wisconsin,@,South Florida,W,0,,,1,john-chenal-1
Elijah Garcia,2019-08-30,1,Rice,@,Army,L,0,,,1,elijah-garcia-1
Cole Hahn,2019-08-30,1,Michigan State,,Tulsa,W,0,,,1,cole-hahn-1
Kolby Harvell-Peel,2019-08-30,1,Oklahoma State,@,Oregon State,W,0,,,1,kolby-harvell-peel-1
Isaiahh Loudermilk,2019-08-30,1,Wisconsin,@,South Florida,W,0,,,1,isaiahh-loudermilk-1
Patrick Macon,2019-08-30,1,South Florida,,Wisconsin,L,0,,,1,patrick-macon-1
Aaron Maddox,2019-08-30,1,Colorado,N,Colorado State,W,0,,,1,aaron-maddox-1
E.J. Muhammad,2019-08-30,1,Nevada,,Purdue,W,1,,,1,ej-muhammad-1
Jacub Panasiuk,2019-08-30,1,Michigan State,,Tulsa,W,0,,,1,jacub-panasiuk-1
Reggie Pearson,2019-08-30,1,Wisconsin,@,South Florida,W,0,,,1,reggie-pearson-1
Dom Peterson,2019-08-30,1,Nevada,,Purdue,W,0,,,1,dom-peterson-1
Jonathan Van Diest,2019-08-30,1,Colorado,N,Colorado State,W,0,,,1,jonathan-van-diest-1
Raequan Williams,2019-08-30,1,Michigan State,,Tulsa,W,0,,,1,raequan-williams-1
David Woodward,2019-08-30,1,Utah State,@,Wake Forest,L,0,,,2,david-woodward-1
Feleti Afemui,2019-08-31,1,Vanderbilt,,Georgia,L,0,,,1,feleti-afemui-1
Jonathan Alexander,2019-08-31,1,Kansas State,,Nicholls State,W,1,,1,1,jonathan-alexander-1
Carlos Becker,2019-08-31,1,Florida State,,Boise State,L,0,,,1,carlos-becker-1
Luc Bequette,2019-08-31,1,California,,California-Davis,W,0,,,1,luc-bequette-1
Daniel Bolden,2019-08-31,1,Toledo,@,Kentucky,L,0,,,2,daniel-bolden-1
Racheem Boothe,2019-08-31,1,Southern Mississippi,,Alcorn State,W,0,,,1,racheem-boothe-1
William Bradley-King,2019-08-31,1,Arkansas State,,Southern Methodist,L,0,,,1,william-bradley-king-1
Phil Campbell,2019-08-31,1,Pittsburgh,,Virginia,L,0,,,1,phil-campbell-1
K'Lavon Chaisson,2019-08-31,1,Louisiana State,,Georgia Southern,W,0,,,1,klavon-chaisson-1
Jashon Cornell,2019-08-31,1,Ohio State,,Florida Atlantic,W,0,,,1,jashon-cornell-1
Nizaire Cromartie,2019-08-31,1,Navy,,Holy Cross,W,1,,,1,nizaire-cromartie-1
Will Dabbs,2019-08-31,1,North Carolina State,,East Carolina,W,0,,,1,will-dabbs-1
Tae Daley,2019-08-31,1,Vanderbilt,,Georgia,L,0,,,1,tae-daley-1
Rion Davis,2019-08-31,1,Liberty,,Syracuse,L,1,,,1,rion-davis-1
Paddy Fisher,2019-08-31,1,Northwestern,@,Stanford,L,0,,,1,paddy-fisher-1
Antonio Fletcher,2019-08-31,1,Arkansas State,,Southern Methodist,L,0,,,1,antonio-fletcher-1
Paris Ford,2019-08-31,1,Pittsburgh,,Virginia,L,0,,,1,paris-ford-1
Esaias Gandy,2019-08-31,1,Wyoming,,Missouri,W,0,,,1,esaias-gandy-1
Gregory Grate Jr,2019-08-31,1,Middle Tennessee State,@,Michigan,L,0,,,1,gregory-grate-jr-1
Tyler Hall,2019-08-31,1,Wyoming,,Missouri,W,0,,,1,tyler-hall-2
Jake Hansen,2019-08-31,1,Illinois,,Akron,W,1,,,1,jake-hansen-1
Tate Haynes,2019-08-31,1,Boston College,,Virginia Tech,W,0,,,1,tate-haynes-1
Saeed Holt,2019-08-31,1,Toledo,@,Kentucky,L,0,,,1,saeed-holt-1
Jaycee Horn,2019-08-31,1,South Carolina,N,North Carolina,L,0,,,2,jaycee-horn-1
Aidan Hutchinson,2019-08-31,1,Michigan,,Middle Tennessee State,W,0,,,1,aidan-hutchinson-1
Tanner Ingle,2019-08-31,1,North Carolina State,,East Carolina,W,0,,,1,tanner-ingle-1
Daniel Isom,2019-08-31,1,Washington State,,New Mexico State,W,0,,,1,daniel-isom-1
Lamar Jackson,2019-08-31,1,Nebraska,,South Alabama,W,0,,,1,lamar-jackson-2
Michael Jacquet,2019-08-31,1,Louisiana,N,Mississippi State,L,0,,,1,michael-jacquet-1
Shemar Jean-Charles,2019-08-31,1,Appalachian State,,East Tennessee State,W,0,,,1,shemar-jean-charles-1
Deandre Johnson,2019-08-31,1,Tennessee,,Georgia State,L,0,,,1,deandre-johnson-5
Kingsley Jonathan,2019-08-31,1,Syracuse,@,Liberty,W,1,,,1,kingsley-jonathan-1
Evan Jones,2019-08-31,1,Georgia State,@,Tennessee,W,0,,,1,evan-jones-2
Jacoby Jones,2019-08-31,1,Texas,,Louisiana Tech,W,0,,,1,jacoby-jones-2
Kekaula Kaniho,2019-08-31,1,Boise State,@,Florida State,W,0,,,1,kekaula-kaniho-1
Silas Kelly,2019-08-31,1,Coastal Carolina,,Eastern Michigan,L,0,,,1,silas-kelly-1
Rashard Lawrence,2019-08-31,1,Louisiana State,,Georgia Southern,W,0,,,1,rashard-lawrence-1
Akileis Leroy,2019-08-31,1,Florida Atlantic,@,Ohio State,L,0,,,1,akileis-leroy-1
Arron Mosby,2019-08-31,1,Fresno State,@,Southern California,L,0,,,1,arron-mosby-1
Gabriel Murphy,2019-08-31,1,North Texas,,Abilene Christian,W,0,,,1,gabriel-murphy-1
Hamsah Nasirildeen,2019-08-31,1,Florida State,,Boise State,L,0,,,2,hamsah-nasirildeen-1
Jeffrey Okudah,2019-08-31,1,Ohio State,,Florida Atlantic,W,0,,,1,jeffrey-okudah-1
Hansky Paillant,2019-08-31,1,Appalachian State,,East Tennessee State,W,0,,,1,hansky-paillant-1
Joshua Paschal,2019-08-31,1,Kentucky,,Toledo,W,0,,,1,joshua-paschal-1
Kwantel Raines,2019-08-31,1,West Virginia,,James Madison,W,0,,,1,kwantel-raines-1
Tyshun Render,2019-08-31,1,Middle Tennessee State,@,Michigan,L,1,,,1,tyshun-render-1
Justin Rice,2019-08-31,1,Fresno State,@,Southern California,L,0,,,1,justin-rice-1
Christian Richardson,2019-08-31,1,Texas-El Paso,,,W,0,,,1,christian-richardson-1
Justinn Richardson,2019-08-31,1,Old Dominion,,Norfolk State,W,0,,,1,justinn-richardson-1
Curtis Robinson,2019-08-31,1,Stanford,,Northwestern,W,0,,,2,curtis-robinson-1
De'John Rogers,2019-08-31,1,New Mexico,,Sam Houston State,W,0,,,1,dejohn-rogers-1
Tyrese Ross,2019-08-31,1,Washington State,,New Mexico State,W,0,,,1,tyrese-ross-1
Malakai Salu,2019-08-31,1,Nevada-Las Vegas,,Southern Utah,W,0,,,1,malakai-salu-1
Delontae Scott,2019-08-31,1,Southern Methodist,@,Arkansas State,W,0,,,1,delontae-scott-1
Dylan Singleton,2019-08-31,1,Duke,N,Alabama,L,0,,,1,dylan-singleton-1
Xavier Smith,2019-08-31,1,East Carolina,@,North Carolina State,L,0,,,1,xavier-smith-4
Marquiss Spencer,2019-08-31,1,Mississippi State,N,Louisiana,W,0,,,1,marquiss-spencer-1
Patrick Surtain II,2019-08-31,1,Alabama,N,Duke,W,0,,,1,patrick-surtain-ii-1
Cam Taylor,2019-08-31,1,Nebraska,,South Alabama,W,0,,,1,cam-taylor-1
Connor Taylor,2019-08-31,1,Louisiana Tech,@,Texas,L,1,,,1,connor-taylor-1
Casey Toohill,2019-08-31,1,Stanford,,Northwestern,W,0,,,1,casey-toohill-1
Marlon Tuipulotu,2019-08-31,1,Southern California,,Fresno State,W,0,,,1,marlon-tuipulotu-1
Riley Whimpey,2019-08-31,1,Boise State,@,Florida State,W,0,,,1,riley-whimpey-1
Sam Williams,2019-08-31,1,Mississippi,@,Memphis,L,0,,,1,sam-williams-8
Trill Williams,2019-08-31,1,Syracuse,@,Liberty,W,0,,,1,trill-williams-1
Hardrick Willis,2019-08-31,1,Georgia State,@,Tennessee,W,0,,,1,hardrick-willis-1
Marvin Wilson,2019-08-31,1,Florida State,,Boise State,L,0,,,1,marvin-wilson-1
Ben Wisdorf,2019-08-31,1,Wyoming,,Missouri,W,0,,,1,ben-wisdorf-1
Roy Yancey,2019-08-31,1,South Alabama,@,Nebraska,L,0,,,1,roy-yancey-1
David Anenih,2019-09-01,1,Houston,@,Oklahoma,L,0,,,1,david-anenih-1
Derek Parish,2019-09-01,1,Houston,@,Oklahoma,L,1,,,1,derek-parish-1
Ronnie Perkins,2019-09-01,1,Oklahoma,,Houston,W,0,,,1,ronnie-perkins-1
Alohi Gilman,2019-09-02,1,Notre Dame,@,Louisville,W,1,,,1,alohi-gilman-1
Chandler Jones,2019-09-02,1,Louisville,,Notre Dame,L,0,,,1,chandler-jones-4
Adetokunbo Ogundeji,2019-09-02,1,Notre Dame,@,Louisville,W,0,,,1,adetokunbo-ogundeji-1
Carlos Basham Jr.,2019-09-06,2,Wake Forest,@,Rice,W,0,,,1,carlos-basham-jr-1
Darien Butler,2019-09-06,2,Arizona State,,Sacramento State,W,0,,,1,darien-butler-1
Omari Cobb,2019-09-06,2,Marshall,@,Boise State,L,0,,,1,omari-cobb-1
Kekoa Nawahine,2019-09-06,2,Boise State,,Marshall,W,0,,,1,kekoa-nawahine-1
Cam Phillips,2019-09-06,2,Arizona State,,Sacramento State,W,0,,,1,cam-phillips-2
Fermin Silva,2019-09-06,2,Marshall,@,Boise State,L,0,,,1,fermin-silva-1
Gavin Adcock,2019-09-07,2,Georgia Southern,,Maine,W,0,,,1,gavin-adcock-1
Bradlee Anae,2019-09-07,2,Utah,,Northern Illinois,W,0,,,1,bradlee-anae-1
Kevin Atkins,2019-09-07,2,Fresno State,,Minnesota,L,0,,,1,kevin-atkins-2
Antonio Balabani,2019-09-07,2,Western Michigan,@,Michigan State,L,0,,,1,antonio-balabani-1
Joey Banks,2019-09-07,2,Buffalo,@,Penn State,L,0,,,1,joey-banks-1
Tarique Barnes,2019-09-07,2,Illinois,@,Connecticut,W,0,,,1,tarique-barnes-1
Kobie Beltram,2019-09-07,2,Eastern Michigan,@,Kentucky,L,0,,,1,kobie-beltram-1
Harrell Blackmon,2019-09-07,2,Old Dominion,@,Virginia Tech,L,0,,,1,harrell-blackmon-1
Mekhi Blackmon,2019-09-07,2,Colorado,,Nebraska,W,0,,,1,mekhi-blackmon-1
Jan-Phillip Bombek,2019-09-07,2,Colorado State,,Western Illinois,W,1,,,1,jan-phillip-bombek-1
Cameron Brown,2019-09-07,2,Penn State,,Buffalo,W,1,,,1,cameron-brown-1
Troy Brown,2019-09-07,2,Central Michigan,@,Wisconsin,L,0,,,1,troy-brown-2
Cole Christiansen,2019-09-07,2,Army,@,Michigan,L,0,,,1,cole-christiansen-1
Denzel Chukwukelu,2019-09-07,2,Texas-El Paso,@,Texas Tech,L,0,,,1,denzel-chukwukelu-1
Tyler Coyle,2019-09-07,2,Connecticut,,Illinois,L,0,,,1,tyler-coyle-1
Kamren Curl,2019-09-07,2,Arkansas,@,Mississippi,L,1,,1,1,kamren-curl-1
Ashtyn Davis,2019-09-07,2,California,@,Washington,W,0,,,1,ashtyn-davis-1
Cedrick Dort Jr.,2019-09-07,2,Kentucky,,Eastern Michigan,W,0,,,1,cedrick-dort-jr-1
Cory Durden,2019-09-07,2,Florida State,,Louisiana-Monroe,W,0,,,1,cory-durden-1
Mehdi El Attrach,2019-09-07,2,Boston College,,Richmond,W,0,,,1,mehdi-el-attrach-1
Ceneca Espinoza Jr.,2019-09-07,2,Liberty,@,Louisiana,L,1,,,1,ceneca-espinoza-jr-1
Caleb Evans,2019-09-07,2,Louisiana-Monroe,@,Florida State,L,0,,,1,caleb-evans-2
Tomon Fox,2019-09-07,2,North Carolina,,Miami (FL),W,0,,,1,tomon-fox-1
Neville Gallimore,2019-09-07,2,Oklahoma,,South Dakota,W,0,,,1,neville-gallimore-1
Dallas Gant,2019-09-07,2,Ohio State,,Cincinnati,W,0,,,1,dallas-gant-1
Jaylon George,2019-09-07,2,Western Kentucky,@,Florida International,W,0,,,1,jaylon-george-1
Cash Gilliam,2019-09-07,2,Utah State,,Stony Brook,W,0,,,1,cash-gilliam-1
Lawrence Graham,2019-09-07,2,Tulane,@,Auburn,L,0,,,1,lawrence-graham-2
Daniel Green Kan St,2019-09-07,2,Kansas State,,Bowling Green State,W,0,,,1,daniel-green-kan-st-1
Marcus Haynes,2019-09-07,2,Old Dominion,@,Virginia Tech,L,1,,,1,marcus-haynes-1
Kevin Henry,2019-09-07,2,Oklahoma State,,McNeese State,W,0,,,1,kevin-henry-3
Ja'Von Hicks,2019-09-07,2,Cincinnati,@,Ohio State,L,0,,,1,javon-hicks-1
Dallas Hobbs,2019-09-07,2,Washington State,,Northern Colorado,W,0,,,1,dallas-hobbs-1
Tre Hornbuckle,2019-09-07,2,Duke,,North Carolina A&T,W,0,,,1,tre-hornbuckle-1
Aidan Hutchinson,2019-09-07,2,Michigan,,Army,W,0,,,1,aidan-hutchinson-1
Dwayne Johnson Jr.,2019-09-07,2,San Diego State,@,UCLA,W,0,,,1,dwayne-johnson-3
D.J. Johnson,2019-09-07,2,Oregon,,Nevada,W,0,,,1,dj-johnson-9
Kelvin Johnson,2019-09-07,2,South Alabama,,Jackson State,W,0,,,1,kelvin-johnson-2
Leonard Johnson,2019-09-07,2,Duke,,North Carolina A&T,W,0,,,1,leonard-johnson-2
Mustafa Johnson,2019-09-07,2,Colorado,,Nebraska,W,0,,,1,mustafa-johnson-2
Patrick Jones II,2019-09-07,2,Pittsburgh,,Ohio,W,0,,,1,patrick-jones-ii-1
Deon Jones,2019-09-07,2,Maryland,,Syracuse,W,0,,,1,deon-jones-2
Keandre Jones,2019-09-07,2,Maryland,,Syracuse,W,0,,,1,keandre-jones-1
Thunder Keck,2019-09-07,2,Stanford,@,Southern California,L,0,,,1,thunder-keck-1
Ben Kimpler,2019-09-07,2,Miami (OH),,Tennessee Tech,W,1,,,1,ben-kimpler-1
Gabe Lemons,2019-09-07,2,Oklahoma State,,McNeese State,W,0,,,1,gabe-lemons-1
Deommodore Lenoir,2019-09-07,2,Oregon,,Nevada,W,0,,,1,deommodore-lenoir-1
Austin Lewis,2019-09-07,2,Liberty,@,Louisiana,L,0,,,1,austin-lewis-2
Xavier Lyas,2019-09-07,2,North Carolina State,,Western Carolina,W,0,,,1,xavier-lyas-1
Kenneth Major,2019-09-07,2,Purdue,,Vanderbilt,W,0,,,1,kenneth-major-1
Tyler Manoa,2019-09-07,2,UCLA,,San Diego State,L,0,,,1,tyler-manoa-1
Garrett Marino,2019-09-07,2,Alabama-Birmingham,@,Akron,W,0,,,1,garrett-marino-1
Cole McCubrey,2019-09-07,2,Massachusetts,,Southern Illinois,L,0,,,1,cole-mccubrey-1
Xavier McKinney,2019-09-07,2,Alabama,,New Mexico State,W,0,,,1,xavier-mckinney-1
Ryan Melton,2019-09-07,2,South Alabama,,Jackson State,W,0,,,1,ryan-melton-2
Mario Mora,2019-09-07,2,Wyoming,@,Texas State,W,1,,,1,mario-mora-1
D.J. Morgan,2019-09-07,2,Connecticut,,Illinois,L,1,,,1,dj-morgan-1
Terry Myrick,2019-09-07,2,Eastern Michigan,@,Kentucky,L,0,,,1,terry-myrick-1
Hamsah Nasirildeen,2019-09-07,2,Florida State,,Louisiana-Monroe,W,0,,,1,hamsah-nasirildeen-1
Sampson Niu,2019-09-07,2,Oregon,,Nevada,W,0,,,1,sampson-niu-1
Nnamdi Oguayo,2019-09-07,2,Washington State,,Northern Colorado,W,0,,,1,nnamdi-oguayo-1
Kaleb Oliver,2019-09-07,2,Georgia Tech,,South Florida,W,0,,,1,kaleb-oliver-1
Mikial Onu,2019-09-07,2,Colorado,,Nebraska,W,0,,,1,mikial-onu-1
Jacob Phillips,2019-09-07,2,Louisiana State,@,Texas,W,0,,,1,jacob-phillips-1
Hamilcar Rashed Jr,2019-09-07,2,Oregon State,@,Hawaii,L,1,,,1,hamilcar-rashed-jr-1
Labryan Ray,2019-09-07,2,Alabama,,New Mexico State,W,0,,,1,labryan-ray-1
Justin Rice,2019-09-07,2,Fresno State,,Minnesota,L,1,,,2,justin-rice-1
Elijah Riley,2019-09-07,2,Army,@,Michigan,L,1,,,1,elijah-riley-1
Nick Roberts,2019-09-07,2,South Florida,@,Georgia Tech,L,0,,,1,nick-roberts-1
Taylor Robinson,2019-09-07,2,North Texas,@,Southern Methodist,L,0,,,1,taylor-robinson-1
Dionte Ruffin,2019-09-07,2,Western Kentucky,@,Florida International,W,0,,,1,dionte-ruffin-1
Jahmal Sam,2019-09-07,2,Texas-San Antonio,@,Baylor,L,0,,,1,jahmal-sam-1
Noah Shannon,2019-09-07,2,Iowa,,Rutgers,W,1,,,1,noah-shannon-1
Arik Smith,2019-09-07,2,Army,@,Michigan,L,0,,,1,arik-smith-1
Marquiss Spencer,2019-09-07,2,Mississippi State,,Southern Mississippi,W,0,,,1,marquiss-spencer-1
Patrick Surtain II,2019-09-07,2,Alabama,,New Mexico State,W,0,,,1,patrick-surtain-ii-1
Cam Taylor,2019-09-07,2,Nebraska,@,Colorado,L,0,,,2,cam-taylor-1
Connor Taylor,2019-09-07,2,Louisiana Tech,,Grambling State,W,0,,,1,connor-taylor-1
Demetrius Taylor,2019-09-07,2,Appalachian State,,UNC Charlotte,W,0,,,1,demetrius-taylor-2
Willie Taylor,2019-09-07,2,Washington State,,Northern Colorado,W,0,,,1,willie-taylor-4
Kyahva Tezino,2019-09-07,2,San Diego State,@,UCLA,W,0,,,1,kyahva-tezino-1
Charlie Thomas,2019-09-07,2,Georgia Tech,,South Florida,W,0,,,1,charlie-thomas-2
Bryce Torneden,2019-09-07,2,Kansas,,Coastal Carolina,L,0,,,1,bryce-torneden-1
Nolan Turner,2019-09-07,2,Clemson,,Texas A&M,W,0,,,1,nolan-turner-1
Ryan Velez,2019-09-07,2,Army,@,Michigan,L,0,,,1,ryan-velez-1
Shaun Wade,2019-09-07,2,Ohio State,,Cincinnati,W,0,,,1,shaun-wade-1
Evan Weaver,2019-09-07,2,California,@,Washington,W,0,,,1,evan-weaver-1
Mark Webb,2019-09-07,2,Georgia,,Murray State,W,0,,,1,mark-webb-1
T.K. Wilkerson,2019-09-07,2,Tulsa,@,San Jose State,W,0,,,1,tk-wilkerson-1
Kyle Williams,2019-09-07,2,Ball State,,Fordham,W,0,,,1,kyle-williams-10
Dontae Wilson,2019-09-07,2,Georgia State,,Furman,W,0,,,1,dontae-wilson-1
Jahad Woods,2019-09-07,2,Washington State,,Northern Colorado,W,0,,,1,jahad-woods-1
Jamal Woods,2019-09-07,2,Illinois,@,Connecticut,W,0,,,1,jamal-woods-1
Kyree Woods,2019-09-07,2,San Diego State,@,UCLA,W,0,,,1,kyree-woods-1
Bryce Beekman,2019-09-13,3,Washington State,N,Houston,W,0,,,1,bryce-beekman-1
Jay Dineen,2019-09-13,3,Kansas,@,Boston College,W,0,,,1,jay-dineen-1
Nasir Greer,2019-09-13,3,Wake Forest,,North Carolina,W,0,,,1,nasir-greer-1
Dru Prox,2019-09-13,3,Kansas,@,Boston College,W,0,,,1,dru-prox-1
McTelvin Agim,2019-09-14,3,Arkansas,,Colorado State,W,0,,,1,mctelvin-agim-1
Trajan Bandy,2019-09-14,3,Miami (FL),,Bethune-Cookman,W,0,,,1,trajan-bandy-1
Eric Banks,2019-09-14,3,Texas-San Antonio,,Army,L,0,,,1,eric-banks-1
Reed Blankenship,2019-09-14,3,Middle Tennessee State,,Duke,L,0,,,1,reed-blankenship-1
Javhari Bourdeau,2019-09-14,3,Army,@,Texas-San Antonio,W,0,,,1,javhari-bourdeau-1
Earnest Brown IV,2019-09-14,2,Northwestern,,Nevada-Las Vegas,W,0,,,1,earnest-brown-iv-1
Da'Von Brown,2019-09-14,3,Florida Atlantic,@,Ball State,W,0,,,1,davon-brown-2
Joey Bryant,2019-09-14,3,Memphis,@,South Alabama,W,0,,,1,joey-bryant-1
Juwan Burgess,2019-09-14,3,Indiana,,Ohio State,L,0,,,1,juwan-burgess-1
Roscoe Byrd,2019-09-14,3,Georgia Southern,@,Minnesota,L,1,,1,1,roscoe-byrd-1
Amonte Caban,2019-09-14,3,Louisville,N,Western Kentucky,W,0,,,1,amonte-caban-1
Phil Campbell,2019-09-14,3,Pittsburgh,@,Penn State,L,0,,,1,phil-campbell-1
Tariq Carpenter,2019-09-14,3,Georgia Tech,,Citadel,L,0,,,1,tariq-carpenter-1
Cam'ron Carter,2019-09-14,3,Colorado State,@,Arkansas,L,1,,,1,camron-carter-1
Jarrod Carter-McLin,2019-09-14,3,Texas-San Antonio,,Army,L,0,,,1,jarrod-carter-mclin-1
Cole Christiansen,2019-09-14,3,Army,@,Texas-San Antonio,W,0,,,1,cole-christiansen-1
Brian Cole II,2019-09-14,3,Mississippi State,,Kansas State,L,0,,,1,brian-cole-ii-1
Bryce Cosby,2019-09-14,3,Ball State,,Florida Atlantic,L,0,,,1,bryce-cosby-1
Carter Coughlin,2019-09-14,3,Minnesota,,Georgia Southern,W,0,,,1,carter-coughlin-1
Aashari Crosswell,2019-09-14,3,Arizona State,@,Michigan State,W,0,,,1,aashari-crosswell-1
Chris Crumb,2019-09-14,3,Ball State,,Florida Atlantic,L,0,,,1,chris-crumb-1
Ishmael Davis,2019-09-14,3,Texas State,@,Southern Methodist,L,0,,,1,ishmael-davis-1
Lorenzo Fauatea,2019-09-14,3,Brigham Young,,Southern California,W,0,,,1,lorenzo-fauatea-1
Kavika Fonua,2019-09-14,3,Brigham Young,,Southern California,W,0,,,1,kavika-fonua-1
Joe Gaziano,2019-09-14,2,Northwestern,,Nevada-Las Vegas,W,1,,,1,joe-gaziano-1
Steven Gilmore,2019-09-14,3,Marshall,,Ohio,W,0,,,1,steven-gilmore-1
Troy Hairston,2019-09-14,3,Central Michigan,,Akron,W,0,,,1,troy-hairston-1
Darren Hall,2019-09-14,3,San Diego State,@,New Mexico State,W,0,,,2,darren-hall-1
Jaylinn Hawkins,2019-09-14,3,California,,North Texas,W,0,,,1,jaylinn-hawkins-1
Treshaun Hayward,2019-09-14,3,Western Michigan,,Georgia State,W,0,,,1,treshaun-hayward-1
Hayden Henry,2019-09-14,3,Arkansas,,Colorado State,W,0,,,1,hayden-henry-1
Willie Hibbler,2019-09-14,3,Mississippi,,Southeastern Louisiana,W,0,,,1,willie-hibbler-1
Dax Hollifield,2019-09-14,3,Virginia Tech,,Furman,W,0,,,1,dax-hollifield-1
Brody Hoying,2019-09-14,3,Eastern Michigan,@,Illinois,W,1,,,2,brody-hoying-1
Drake Jackson,2019-09-14,3,Southern California,@,Brigham Young,L,0,,,1,drake-jackson-2
James Jackson,2019-09-14,3,Louisiana Tech,@,Bowling Green State,W,0,,,1,james-jackson-5
Anfernee Jennings,2019-09-14,3,Alabama,@,South Carolina,W,0,,,1,anfernee-jennings-1
Anthony Johnson,2019-09-14,3,Louisville,N,Western Kentucky,W,1,,,1,anthony-johnson-14
Jan Johnson,2019-09-14,3,Penn State,,Pittsburgh,W,0,,,1,jan-johnson-1
Jacquez Jones,2019-09-14,3,Mississippi,,Southeastern Louisiana,W,0,,,2,jacquez-jones-2
Nico Lautanen,2019-09-14,3,Bowling Green State,,Louisiana Tech,L,0,,,1,nico-lautanen-1
Kordell Looney,2019-09-14,3,Kentucky,,Florida,L,0,,,1,kordell-looney-1
Aaron Maddox,2019-09-14,3,Colorado,,Air Force,L,0,,,1,aaron-maddox-1
Brandon Matterson,2019-09-14,3,Texas-San Antonio,,Army,L,0,,,1,brandon-matterson-1
Brandon McKinney,2019-09-14,3,Washington,,Hawaii,W,0,,,1,brandon-mckinney-3
Andrew Mims,2019-09-14,3,South Florida,,South Carolina State,W,0,,,1,andrew-mims-1
Jordan Mosley,2019-09-14,3,Maryland,@,Temple,L,0,,,1,jordan-mosley-1
Tristan Nichols,2019-09-14,3,Nevada,,Weber State,W,0,,,1,tristan-nichols-1
Mikial Onu,2019-09-14,3,Colorado,,Air Force,L,0,,,1,mikial-onu-1
Dennis Osagiede,2019-09-14,3,Massachusetts,@,UNC Charlotte,L,0,,,1,dennis-osagiede-1
Michael Pitts,2019-09-14,3,Cincinnati,,Miami (OH),W,0,,,1,michael-pitts-1
Larry Pryor,2019-09-14,3,Texas A&M,,Lamar,W,0,,,1,larry-pryor-1
Hamilcar Rashed Jr,2019-09-14,3,Oregon State,,Cal Poly,W,0,,,1,hamilcar-rashed-jr-1
Greg Reaves,2019-09-14,3,South Florida,,South Carolina State,W,1,,,1,greg-reaves-1
Stewart Reese,2019-09-14,3,Mississippi State,,Kansas State,L,0,,,1,stewart-reese-1
Elijah Riley,2019-09-14,3,Army,@,Texas-San Antonio,W,0,,,1,elijah-riley-1
Bentlee Sanders,2019-09-14,3,South Florida,,South Carolina State,W,0,,,1,bentlee-sanders-1
Rashad Smith,2019-09-14,3,Florida Atlantic,@,Ball State,W,2,,,1,rashad-smith-3
Isaiah Stalbird,2019-09-14,3,Nebraska,,Northern Illinois,W,0,,,1,isaiah-stalbird-1
Geno Stone,2019-09-14,3,Iowa,@,Iowa State,W,0,,,1,geno-stone-1
Rolliann Sturkey,2019-09-14,3,Central Michigan,,Akron,W,0,,,1,rolliann-sturkey-1
Charlie Thomas,2019-09-14,3,Georgia Tech,,Citadel,L,0,,,1,charlie-thomas-2
Amechi Uzodinma II,2019-09-14,3,Ball State,,Florida Atlantic,L,0,,,1,amechi-uzodinma-ii-1
Delano Ware,2019-09-14,3,Illinois,,Eastern Michigan,L,0,,,1,delano-ware-1
Travis Whillock,2019-09-14,2,Northwestern,,Nevada-Las Vegas,W,1,,,1,travis-whillock-1
Deondrae Williams,2019-09-14,2,Navy,,East Carolina,W,0,,,1,deondrae-williams-1
Marcus Williamson,2019-09-14,3,Ohio State,@,Indiana,W,0,,,1,marcus-williamson-1
Antoine Winfield Jr.,2019-09-14,3,Minnesota,,Georgia Southern,W,0,,,1,antoine-winfield-jr-1
Darren Woods Jr,2019-09-14,3,Nevada-Las Vegas,@,Northwestern,L,0,,,1,darren-woods-jr-1
Deontay Anderson,2019-09-19,4,Houston,@,Tulane,L,0,,,1,deontay-anderson-1
Geron Eatherly,2019-09-19,4,Tulane,,Houston,W,0,,,1,geron-eatherly-1
Leki Fotu,2019-09-20,4,Utah,@,Southern California,L,0,,,1,leki-fotu-1
Chase Hatada,2019-09-20,4,Boise State,,Air Force,W,0,,,1,chase-hatada-1
James Jackson,2019-09-20,4,Louisiana Tech,,Florida International,W,0,,,1,james-jackson-5
Greg Johnson,2019-09-20,4,Southern California,,Utah,W,0,,,1,greg-johnson-10
Kyle Johnson,2019-09-20,3,Air Force,@,Boise State,L,0,,,1,kyle-johnson-5
Fletcher Adams,2019-09-21,4,Mississippi State,,Kentucky,W,0,,,1,fletcher-adams-1
Tony Adams,2019-09-21,4,Illinois,,Nebraska,L,0,,,1,tony-adams-6
Sean Adesanya,2019-09-21,4,Central Michigan,@,Miami (FL),L,0,,,1,sean-adesanya-1
Blaze Alldredge,2019-09-21,4,Rice,,Baylor,L,0,,,1,blaze-alldredge-1
Tyler Allgeier,2019-09-21,4,Brigham Young,,Washington,L,0,,,1,tyler-allgeier-1
Miles Banks,2019-09-21,3,Texas-El Paso,,Nevada,L,0,,,1,miles-banks-1
Brandon Barlow,2019-09-21,4,Boston College,@,Rutgers,W,0,,,1,brandon-barlow-1
Kalon Barnes,2019-09-21,3,Baylor,@,Rice,W,0,,,1,kalon-barnes-1
Krys Barnes,2019-09-21,4,UCLA,@,Washington State,W,0,,,1,krys-barnes-1
Zack Baun,2019-09-21,3,Wisconsin,,Michigan,W,0,,,1,zack-baun-1
Jamario Bell,2019-09-21,4,Arkansas,,San Jose State,L,0,,,1,jamario-bell-1
Kobie Beltram,2019-09-21,4,Eastern Michigan,,Central Connecticut State,W,1,,,1,kobie-beltram-1
Eric Bentley,2019-09-21,4,Akron,,Troy,L,0,,,1,eric-bentley-2
Daniel Bituli,2019-09-21,4,Tennessee,@,Florida,L,0,,,1,daniel-bituli-1
Stephan Blaylock,2019-09-21,4,UCLA,@,Washington State,W,0,,,1,stephan-blaylock-1
Ryan Bowman,2019-09-21,4,Washington,@,Brigham Young,W,0,,,1,ryan-bowman-1
Rakeem Boyd,2019-09-21,4,Arkansas,,San Jose State,L,0,,,1,rakeem-boyd-2
William Bradley-King,2019-09-21,4,Arkansas State,,Southern Illinois,W,1,,,1,william-bradley-king-1
Tristan Brock,2019-09-21,4,Washington State,,UCLA,L,0,,,1,tristan-brock-1
Derrick Brown,2019-09-21,4,Auburn,@,Texas A&M,W,0,,,1,derrick-brown-6
Keyvone Bruton,2019-09-21,3,Temple,@,Buffalo,L,0,,,1,keyvone-bruton-1
Akial Byers,2019-09-21,4,Missouri,,South Carolina,W,1,,,1,akial-byers-1
Solomon Byrd,2019-09-21,4,Wyoming,@,Tulsa,L,1,,,1,solomon-byrd-1
Antwan Cordy,2019-09-21,4,Syracuse,,Western Michigan,W,0,,,1,antwan-cordy-1
Turner Coxe,2019-09-21,4,Southern Methodist,@,Texas Christian,W,0,,,1,turner-coxe-1
Nikolas Daniels,2019-09-21,4,Texas State,,Georgia State,W,1,,,1,nikolas-daniels-1
Joe Dillon,2019-09-21,4,Louisiana,@,Ohio,W,0,,,1,joe-dillon-2
JoJo Domann,2019-09-21,4,Nebraska,@,Illinois,W,0,,,1,jojo-domann-1
Alex Dumais,2019-09-21,3,Fresno State,,Sacramento State,W,0,,,1,alex-dumais-1
Brandin Echols,2019-09-21,4,Kentucky,@,Mississippi State,L,0,,,1,brandin-echols-1
Cooper Edmiston,2019-09-21,4,Tulsa,,Wyoming,W,0,,,1,cooper-edmiston-1
Ali Fayad,2019-09-21,4,Western Michigan,@,Syracuse,L,0,,,1,ali-fayad-1
Jonathan Garvin,2019-09-21,4,Miami (FL),,Central Michigan,W,0,,,1,jonathan-garvin-1
Jatairis Grant,2019-09-21,3,Iowa State,,Louisiana-Monroe,W,0,,,1,jatairis-grant-1
De'Von Graves,2019-09-21,4,North Carolina State,,Ball State,W,0,,,1,devon-graves-1
Jonathan Greenard,2019-09-21,4,Florida,,Tennessee,W,0,,,1,jonathan-greenard-1
LaDarius Hamilton,2019-09-21,4,North Texas,,Texas-San Antonio,W,0,,,1,ladarius-hamilton-1
Jake Hansen,2019-09-21,4,Illinois,,Nebraska,L,1,,,2,jake-hansen-1
Dele Harding,2019-09-21,4,Illinois,,Nebraska,L,0,,,1,dele-harding-1
Kolby Harvell-Peel,2019-09-21,4,Oklahoma State,@,Texas,L,1,,,1,kolby-harvell-peel-1
Case Hatch,2019-09-21,4,Arizona State,,Colorado,L,0,,,1,case-hatch-1
Brendon Hayes,2019-09-21,4,Central Florida,@,Pittsburgh,L,0,,,1,brendon-hayes-1
Kylan Johnson,2019-09-21,4,Pittsburgh,,Central Florida,W,0,,,1,kylan-johnson-1
Tony Jones Jr.,2019-09-21,3,Notre Dame,@,Georgia,L,0,,,1,tony-jones-jr-1
Kevon Jones,2019-09-21,3,Connecticut,@,Indiana,L,0,,,1,kevon-jones-1
Tayvion Land,2019-09-21,4,Liberty,,Hampton,W,0,,,1,tayvion-land-1
Keisean Lucier-South,2019-09-21,4,UCLA,@,Washington State,W,0,,,1,keisean-lucier-south-1
Ledarius Mack,2019-09-21,4,Buffalo,,Temple,W,0,,,1,ledarius-mack-1
Andrew Martel,2019-09-21,4,Texas-San Antonio,@,North Texas,L,0,,,1,andrew-martel-1
Phidarian Mathis,2019-09-21,4,Alabama,,Southern Mississippi,W,0,,,1,phidarian-mathis-1
Richard McBryde,2019-09-21,4,Southern Methodist,@,Texas Christian,W,0,,,1,richard-mcbryde-1
Trent McDuffie,2019-09-21,4,Washington,@,Brigham Young,W,1,,,1,trent-mcduffie-1
Eric Mitchell,2019-09-21,4,Central Florida,@,Pittsburgh,L,0,,,1,eric-mitchell-2
Elijah Molden,2019-09-21,4,Washington,@,Brigham Young,W,0,,,1,elijah-molden-1
Joseph Ossai,2019-09-21,4,Texas,,Oklahoma State,W,0,,,1,joseph-ossai-1
Kaimana Padello,2019-09-21,4,Hawaii,,Central Arkansas,W,0,,,1,kaimana-padello-1
Reggie Pearson,2019-09-21,3,Wisconsin,,Michigan,W,0,,,1,reggie-pearson-1
Myles Reid,2019-09-21,4,Miami (OH),@,Ohio State,L,0,,,2,myles-reid-1
Elijah Riley,2019-09-21,4,Army,,Morgan State,W,0,,,1,elijah-riley-1
Alton Robinson,2019-09-21,4,Syracuse,,Western Michigan,W,0,,,1,alton-robinson-1
Janarius Robinson,2019-09-21,4,Florida State,,Louisville,W,0,,,1,janarius-robinson-1
Gregory Rousseau,2019-09-21,4,Miami (FL),,Central Michigan,W,1,,,1,gregory-rousseau-1
Bravvion Roy,2019-09-21,3,Baylor,@,Rice,W,0,,,1,bravvion-roy-1
Cameron Ruiz,2019-09-21,3,Northwestern,,Michigan State,L,0,,,1,cameron-ruiz-1
Jack Sanborn,2019-09-21,3,Wisconsin,,Michigan,W,0,,,1,jack-sanborn-1
Thomas Schaffer,2019-09-21,4,Stanford,,Oregon,L,0,,,1,thomas-schaffer-1
Jay Shaw,2019-09-21,4,UCLA,@,Washington State,W,0,,,1,jay-shaw-1
Ayo Shogbonyo,2019-09-21,4,Illinois,,Nebraska,L,0,,,1,ayo-shogbonyo-1
Brandon Shook,2019-09-21,3,New Mexico,,New Mexico State,W,0,,,1,brandon-shook-1
Aaron Sterling,2019-09-21,4,South Carolina,@,Missouri,L,0,,,1,aaron-sterling-1
Darius Stills,2019-09-21,4,West Virginia,@,Kansas,W,0,,,1,darius-stills-1
Demetrius Taylor,2019-09-21,3,Appalachian State,@,North Carolina,W,1,,1,2,demetrius-taylor-2
Daniel Thomas,2019-09-21,4,Auburn,@,Texas A&M,W,1,,,1,daniel-thomas-3
Clay Webb,2019-09-21,4,Georgia,,Notre Dame,W,0,,,1,clay-webb-1
Justin Whisenhunt,2019-09-21,3,Troy,@,Akron,W,0,,,1,justin-whisenhunt-1
Chase Young,2019-09-21,4,Ohio State,,Miami (OH),W,0,,,2,chase-young-1
Diego Fagot,2019-09-26,3,Navy,@,Memphis,L,0,,,1,diego-fagot-1
O'Bryan Goodson,2019-09-26,4,Memphis,,Navy,W,0,,,1,obryan-goodson-1
Jake Springer,2019-09-26,3,Navy,@,Memphis,L,0,,,1,jake-springer-1
Keaton Ellis,2019-09-27,4,Penn State,@,Maryland,W,1,,,1,keaton-ellis-1
Cameron Goode,2019-09-27,5,California,,Arizona State,L,0,,,1,cameron-goode-1
Adisa Isaac,2019-09-27,4,Penn State,@,Maryland,W,0,,,1,adisa-isaac-1
Jordan Jackson,2019-09-27,4,Air Force,,San Jose State,W,0,,,1,jordan-jackson-5
Tre Webb,2019-09-27,4,San Jose State,@,Air Force,L,0,,,1,tre-webb-1
Chaz Ah You,2019-09-28,5,Brigham Young,@,Toledo,L,1,,,1,chaz-ah-you-1
Erin Austin,2019-09-28,4,New Mexico,@,Liberty,L,0,,,1,erin-austin-1
Tavante Beckett,2019-09-28,4,Marshall,,Cincinnati,L,0,,,1,tavante-beckett-1
Brandon Berry,2019-09-28,5,Syracuse,,Holy Cross,W,0,,,1,brandon-berry-2
Tatum Bethune,2019-09-28,5,Central Florida,,Connecticut,W,0,,,1,tatum-bethune-1
Aaron Bolinsky,2019-09-28,5,Syracuse,,Holy Cross,W,0,,,1,aaron-bolinsky-1
Dennis Briggs Jr.,2019-09-28,5,Florida State,,North Carolina State,W,0,,,1,dennis-briggs-jr-1
Darrell Brown,2019-09-28,4,Old Dominion,,East Carolina,L,0,,,1,darrell-brown-4
Jahmar Brown,2019-09-28,5,South Carolina,,Kentucky,W,0,,,1,jahmar-brown-1
Eric Burrell,2019-09-28,4,Wisconsin,,Northwestern,W,0,,,1,eric-burrell-1
Andre Carter,2019-09-28,5,Western Michigan,,Central Michigan,W,0,,,1,andre-carter-5
Tyler Cochran,2019-09-28,4,Michigan,,Rutgers,W,1,,,1,tyler-cochran-2
Anton Curtis,2019-09-28,5,Western Michigan,,Central Michigan,W,0,,,1,anton-curtis-1
Gjemar Daniels,2019-09-28,5,Texas State,,Nicholls State,W,0,,,1,gjemar-daniels-1
Kalia Davis,2019-09-28,5,Central Florida,,Connecticut,W,1,,,1,kalia-davis-1
Anthony Ekpe,2019-09-28,5,Rice,,Louisiana Tech,L,0,,,1,anthony-ekpe-1
Amari Gainer,2019-09-28,5,Florida State,,North Carolina State,W,0,,,1,amari-gainer-1
Neville Gallimore,2019-09-28,4,Oklahoma,,Texas Tech,W,0,,,1,neville-gallimore-1
Emmanuel Galvan-Vazquez,2019-09-28,5,Texas State,,Nicholls State,W,0,,,1,emmanuel-galvan-vazquez-1
Joe Gaziano,2019-09-28,4,Northwestern,@,Wisconsin,L,0,,,1,joe-gaziano-1
Jeremiah Gemmel,2019-09-28,5,North Carolina,,Clemson,L,0,,,1,jeremiah-gemmel-1
Isaiah Graham-Mobley,2019-09-28,4,Temple,,Georgia Tech,W,0,,,1,isaiah-graham-mobley-1
Diamond Harrell,2019-09-28,4,Connecticut,@,Central Florida,L,0,,,1,diamond-harrell-1
Marcus Haynes,2019-09-28,4,Old Dominion,,East Carolina,L,0,,,1,marcus-haynes-1
Wyatt Hubert,2019-09-28,4,Kansas State,@,Oklahoma State,L,0,,,1,wyatt-hubert-1
Kendall Hune,2019-09-28,5,Hawaii,@,Nevada,W,0,,,1,kendall-hune-1
Bryce Jackson,2019-09-28,4,Nevada-Las Vegas,@,Wyoming,L,0,,,1,bryce-jackson-2
James Jackson,2019-09-28,5,Louisiana Tech,@,Rice,W,0,,,1,james-jackson-5
Noah Jefferson,2019-09-28,5,Florida Atlantic,@,UNC Charlotte,W,0,,,1,noah-jefferson-1
Anthony Johnson,2019-09-28,4,Iowa State,@,Baylor,L,0,,,1,anthony-johnson-15
Emmanuel Jones,2019-09-28,5,Colorado State,@,Utah State,L,0,,,1,emmanuel-jones-2
Jamir Jones,2019-09-28,4,Notre Dame,,Virginia,W,0,,,1,jamir-jones-1
Steven Jones,2019-09-28,4,Appalachian State,,Coastal Carolina,W,0,,,1,steven-jones-1
Jonah Laulu,2019-09-28,5,Hawaii,@,Nevada,W,0,,,1,jonah-laulu-1
Darryl Lewis,2019-09-28,5,Louisiana Tech,@,Rice,W,0,,,1,darryl-lewis-3
Leo Lewis,2019-09-28,5,Mississippi State,@,Auburn,L,2,,,1,leo-lewis-2
Michael Lewis,2019-09-28,4,Texas-El Paso,@,Southern Mississippi,L,0,,,1,michael-lewis-2
James Lockhart,2019-09-28,4,Baylor,,Iowa State,W,0,,,1,james-lockhart-1
Xavier Lyas,2019-09-28,5,North Carolina State,@,Florida State,L,0,,,1,xavier-lyas-1
Ifeanyi Maijeh,2019-09-28,4,Temple,,Georgia Tech,W,0,,,1,ifeanyi-maijeh-1
Carlton Martial,2019-09-28,4,Troy,,Arkansas State,L,1,,,1,carlton-martial-1
Zakoby McClain,2019-09-28,5,Auburn,,Mississippi State,W,0,,,1,zakoby-mcclain-1
Ja'Quan McMillian,2019-09-28,5,East Carolina,@,Old Dominion,W,0,,,1,jaquan-mcmillian-1
Matthew McQuinn,2019-09-28,4,Appalachian State,,Coastal Carolina,W,0,,,1,matthew-mcquinn-1
Ryan McWood,2019-09-28,5,Miami (OH),,Buffalo,W,1,,,1,ryan-mcwood-1
Arron Mosby,2019-09-28,4,Fresno State,@,New Mexico State,W,0,,,1,arron-mosby-1
Julian Okwara,2019-09-28,4,Notre Dame,,Virginia,W,1,,,2,julian-okwara-1
Chris Orr,2019-09-28,4,Wisconsin,,Northwestern,W,0,,,1,chris-orr-2
Jeremiah Owusu-Koramoah,2019-09-28,4,Notre Dame,,Virginia,W,0,,,1,jeremiah-owusu-koramoah-1
Owen Pappoe,2019-09-28,5,Auburn,,Mississippi State,W,0,,,1,owen-pappoe-1
Lonnie Phelps,2019-09-28,5,Miami (OH),,Buffalo,W,0,,,1,lonnie-phelps-1
Jalen Price,2019-09-28,5,East Carolina,@,Old Dominion,W,0,,,1,jalen-price-1
Myles Reid,2019-09-28,5,Miami (OH),,Buffalo,W,0,,,1,myles-reid-1
Devin Richardson,2019-09-28,5,New Mexico State,,Fresno State,L,0,,,1,devin-richardson-1
Gabe Richardson,2019-09-28,5,Arkansas,N,Texas A&M,L,0,,,1,gabe-richardson-1
T.J. Smith,2019-09-28,5,Arkansas,N,Texas A&M,L,0,,,1,tj-smith-5
Xavier Steele,2019-09-28,5,Massachusetts,,Akron,W,0,,,1,xavier-steele-1
Adrienne Talan,2019-09-28,4,Alabama-Birmingham,@,Western Kentucky,L,0,,,1,adrienne-talan-1
Calvin Taylor,2019-09-28,5,Kentucky,@,South Carolina,L,0,,,1,calvin-taylor-2
Samuela Tuihalamaka,2019-09-28,5,Oklahoma State,,Kansas State,W,0,,,1,samuela-tuihalamaka-1
Antwain Walker,2019-09-28,4,Northern Illinois,@,Vanderbilt,L,0,,,1,antwain-walker-1
Courtney Wallace,2019-09-28,5,Louisiana Tech,@,Rice,W,0,,,1,courtney-wallace-2
Tim Washington,2019-09-28,5,Mississippi State,@,Auburn,L,0,,,2,tim-washington-4
Davon Wells-Ross,2019-09-28,5,Wyoming,,Nevada-Las Vegas,W,0,,,1,davon-wells-ross-1
Javin White,2019-09-28,4,Nevada-Las Vegas,@,Wyoming,L,0,,,1,javin-white-1
Damarion Williams,2019-09-28,5,Houston,@,North Texas,W,0,,,1,damarion-williams-1
Max Williams,2019-09-28,5,Southern California,@,Washington,L,0,,,1,max-williams-1
D.J. Wonnum,2019-09-28,5,South Carolina,,Kentucky,W,0,,,1,dj-wonnum-1
David Woodward,2019-09-28,4,Utah State,,Colorado State,W,1,,1,2,david-woodward-1
Chase Young,2019-09-28,5,Ohio State,@,Nebraska,W,0,,,1,chase-young-1
Kendall Futrell,2019-10-03,6,East Carolina,,Temple,L,1,,,1,kendall-futrell-1
Keith Gallmon,2019-10-03,6,South Alabama,,Georgia Southern,L,0,,,1,keith-gallmon-1
Randy Wade,2019-10-03,5,Georgia Southern,@,South Alabama,W,0,,,1,randy-wade-1
Erin Austin,2019-10-04,5,New Mexico,@,San Jose State,L,1,,,1,erin-austin-1
Kyle Harmon,2019-10-04,5,San Jose State,,New Mexico,W,0,,,2,kyle-harmon-2
Rico Tolefree,2019-10-04,5,San Jose State,,New Mexico,W,1,,,1,rico-tolefree-1
Jarell White,2019-10-04,5,Cincinnati,,Central Florida,W,0,,,1,jarell-white-1
Christian Albright,2019-10-05,5,Ball State,@,Northern Illinois,W,1,,,1,christian-albright-1
Damon Arnette,2019-10-05,6,Ohio State,,Michigan State,W,0,,,1,damon-arnette-1
Demaurez Bellamy,2019-10-05,5,South Florida,@,Connecticut,W,0,,,1,demaurez-bellamy-1
Luc Bequette,2019-10-05,6,California,@,Oregon,L,0,,,1,luc-bequette-1
Blake Bogan,2019-10-05,5,Eastern Michigan,@,Central Michigan,L,0,,,1,blake-bogan-1
James Bowe Jr.,2019-10-05,6,Massachusetts,@,Florida International,L,0,,,1,james-bowe-jr-1
TaRiq Bracy,2019-10-05,5,Notre Dame,,Bowling Green State,W,0,,,1,tariq-bracy-1
Tony Bradford Jr.,2019-10-05,5,Texas Tech,,Oklahoma State,W,0,,,1,tony-bradford-jr-1
Cam Bright,2019-10-05,6,Pittsburgh,@,Duke,W,0,,,1,cam-bright-1
K.J. Britt,2019-10-05,6,Auburn,@,Florida,L,0,,,2,kj-britt-1
Jordyn Brooks,2019-10-05,5,Texas Tech,,Oklahoma State,W,0,,,1,jordyn-brooks-1
Derrick Brown,2019-10-05,6,Auburn,@,Florida,L,2,,,1,derrick-brown-6
DJ Brown,2019-10-05,5,Penn State,,Purdue,W,0,,,1,dj-brown-4
Vince Calhoun,2019-10-05,5,Eastern Michigan,@,Central Michigan,L,0,,,1,vince-calhoun-1
Grayson Cash,2019-10-05,5,Alabama-Birmingham,,Rice,W,0,,,1,grayson-cash-1
Chamarri Conner,2019-10-05,5,Virginia Tech,@,Miami (FL),W,0,,,1,chamarri-conner-1
Nizaire Cromartie,2019-10-05,4,Navy,,Air Force,W,0,,,1,nizaire-cromartie-1
Olin Cushion,2019-10-05,5,Florida International,,Massachusetts,W,1,,,1,olin-cushion-1
Kelton Dawson,2019-10-05,5,Georgia Tech,,North Carolina,L,0,,,1,kelton-dawson-1
Divine Deablo,2019-10-05,5,Virginia Tech,@,Miami (FL),W,0,,,1,divine-deablo-1
Dillon Doyle,2019-10-05,5,Iowa,@,Michigan,L,0,,,1,dillon-doyle-1
Tony Fair,2019-10-05,5,Alabama-Birmingham,,Rice,W,0,,,1,tony-fair-1
Parker Ferguson,2019-10-05,5,Air Force,@,Navy,L,1,,,1,parker-ferguson-1
Mosese Fifita,2019-10-05,5,Air Force,@,Navy,L,1,,,1,mosese-fifita-1
Lawrence Garner,2019-10-05,5,Old Dominion,,Western Kentucky,L,0,,,1,lawrence-garner-1
"Tony Grier, Jr.",2019-10-05,5,South Florida,@,Connecticut,W,0,,,1,tony-grier-jr-1
Jake Hansen,2019-10-05,5,Illinois,@,Minnesota,L,0,,,1,jake-hansen-1
Jack Heflin,2019-10-05,5,Northern Illinois,,Ball State,L,0,,,1,jack-heflin-1
Aidan Hutchinson,2019-10-05,5,Michigan,,Iowa,W,0,,,1,aidan-hutchinson-1
Rayshad Jackson,2019-10-05,5,Nevada-Las Vegas,,Boise State,L,0,,,1,rayshad-jackson-1
Kyle Johnson,2019-10-05,5,Air Force,@,Navy,L,0,,,1,kyle-johnson-5
Patrick Jones II,2019-10-05,6,Pittsburgh,@,Duke,W,0,,,2,patrick-jones-ii-1
Charlie Katshir,2019-10-05,5,Penn State,,Purdue,W,0,,,1,charlie-katshir-1
Kaden Keon,2019-10-05,6,Central Michigan,,Eastern Michigan,W,0,,,1,kaden-keon-1
Jack Koerner,2019-10-05,5,Iowa,@,Michigan,L,0,,,1,jack-koerner-1
Malcolm Koonce,2019-10-05,6,Buffalo,,Ohio,L,0,,,1,malcolm-koonce-1
Jessie Lemonier,2019-10-05,6,Liberty,@,New Mexico State,W,0,,,1,jessie-lemonier-1
Matt Lorbeck,2019-10-05,5,Northern Illinois,,Ball State,L,0,,,1,matt-lorbeck-1
Donald Louis Jr.,2019-10-05,5,Louisiana-Monroe,,Memphis,L,0,,,1,donald-louis-jr-1
James Lynch,2019-10-05,5,Baylor,@,Kansas State,W,0,,,1,james-lynch-3
Kamal Martin,2019-10-05,5,Minnesota,,Illinois,W,0,,,2,kamal-martin-1
Kevin Meitzenheimer,2019-10-05,5,Utah State,@,Louisiana State,L,0,,,2,kevin-meitzenheimer-1
Kereon Merrell,2019-10-05,5,Marshall,@,Middle Tennessee State,L,0,,,1,kereon-merrell-1
Chris Miller,2019-10-05,5,Baylor,@,Kansas State,W,0,,,1,chris-miller-11
Collin Miller,2019-10-05,6,Nebraska,,Northwestern,W,0,,,1,collin-miller-1
Trevon Moehrig-Woodard,2019-10-05,5,Texas Christian,@,Iowa State,L,0,,,1,trevon-moehrig-woodard-1
Elijah Molden,2019-10-05,6,Washington,@,Stanford,L,0,,,1,elijah-molden-1
Kristopher Moll,2019-10-05,5,Alabama-Birmingham,,Rice,W,0,,,1,kristopher-moll-1
Monty Montgomery,2019-10-05,5,Louisville,,Boston College,W,1,,,1,monty-montgomery-2
Mario Nunez,2019-10-05,5,Kent State,@,Wisconsin,L,1,,,1,mario-nunez-1
Mike Panasiuk,2019-10-05,6,Michigan State,@,Ohio State,L,0,,,1,mike-panasiuk-1
Akeam Peters,2019-10-05,5,Kent State,@,Wisconsin,L,0,,,1,akeam-peters-1
Zach Petersen,2019-10-05,5,Iowa State,,Texas Christian,W,0,,,1,zach-petersen-1
Eric Popp,2019-10-05,5,Ohio,@,Buffalo,W,0,,,1,eric-popp-1
Markel Reed,2019-10-05,5,Boise State,@,Nevada-Las Vegas,W,0,,,1,markel-reed-1
Giovanni Ricci,2019-10-05,6,Western Michigan,@,Toledo,L,0,,,1,giovanni-ricci-1
Devin Richardson,2019-10-05,6,New Mexico State,,Liberty,L,0,,,1,devin-richardson-1
Juwan Ross,2019-10-05,5,Old Dominion,,Western Kentucky,L,0,,,1,juwan-ross-1
Dylan Singleton,2019-10-05,5,Duke,,Pittsburgh,L,0,,,1,dylan-singleton-1
Cortez Sisco Jr.,2019-10-05,5,Louisiana-Monroe,,Memphis,L,0,,,1,cortez-sisco-jr-1
LJ Smith III,2019-10-05,5,Alabama-Birmingham,,Rice,W,0,,,1,lj-smith-iii-1
Shemar Smith,2019-10-05,5,Oregon State,@,UCLA,W,0,,,1,shemar-smith-1
Adam Sparks,2019-10-05,5,Missouri,,Troy,W,0,,,1,adam-sparks-1
Eric Stokes,2019-10-05,5,Georgia,@,Tennessee,W,0,,,1,eric-stokes-2
Cam Taylor,2019-10-05,6,Nebraska,,Northwestern,W,0,,,1,cam-taylor-1
Kyahva Tezino,2019-10-05,5,San Diego State,@,Colorado State,W,0,,,1,kyahva-tezino-1
Kayvon Thibodeaux,2019-10-05,5,Oregon,,California,W,0,,,1,kayvon-thibodeaux-1
DQ Thomas,2019-10-05,5,Middle Tennessee State,,Marshall,W,0,,,1,dq-thomas-1
La'Andre Thomas,2019-10-05,5,Memphis,@,Louisiana-Monroe,W,0,,,1,laandre-thomas-1
Trey Turner,2019-10-05,6,California,@,Oregon,L,0,,,1,trey-turner-1
Christian Tutt,2019-10-05,6,Auburn,@,Florida,L,0,,,1,christian-tutt-1
O'Rien Vance,2019-10-05,5,Iowa State,,Texas Christian,W,0,,,1,orien-vance-1
Jay Warren,2019-10-05,4,Navy,,Air Force,W,0,,,1,jay-warren-2
Avery Williams,2019-10-05,5,Boise State,@,Nevada-Las Vegas,W,0,,,1,avery-williams-6
Jordan Williams,2019-10-05,5,Baylor,@,Kansas State,W,0,,,1,jordan-williams-6
Dontae Wilson,2019-10-05,5,Georgia State,,Arkansas State,W,0,,,1,dontae-wilson-1
Nico Ezidore,2019-10-10,6,Texas State,,Louisiana-Monroe,L,0,,,1,nico-ezidore-1
Austin Hawley,2019-10-10,6,Louisiana-Monroe,@,Texas State,W,1,,,1,austin-hawley-1
Erin Austin,2019-10-11,6,New Mexico,,Colorado State,L,0,,,1,erin-austin-1
Letayveon Beaton,2019-10-11,6,New Mexico,,Colorado State,L,0,,,1,letayveon-beaton-1
Jonathan Ford,2019-10-11,6,Miami (FL),,Virginia,W,0,,,1,jonathan-ford-1
Livingston Paogofie,2019-10-11,7,Colorado State,@,New Mexico,W,0,,,1,livingston-paogofie-1
Gregory Rousseau,2019-10-11,6,Miami (FL),,Virginia,W,0,,,1,gregory-rousseau-1
Devin Sanders,2019-10-11,6,New Mexico,,Colorado State,L,0,,,1,devin-sanders-2
Joshuah Bledsoe,2019-10-12,6,Missouri,,Mississippi,W,0,,,1,joshuah-bledsoe-1
Tim Bonner,2019-10-12,6,Florida Atlantic,,Middle Tennessee State,W,0,,,1,tim-bonner-1
Karl Brooks,2019-10-12,6,Bowling Green State,,Toledo,W,0,,,1,karl-brooks-1
Myles Bryant,2019-10-12,7,Washington,@,Arizona,W,0,,,1,myles-bryant-1
Rodjay Burns,2019-10-12,6,Louisville,@,Wake Forest,W,0,,,1,rodjay-burns-1
Chance Campbell,2019-10-12,6,Maryland,@,Purdue,L,0,,,1,chance-campbell-1
Shyheim Carter,2019-10-12,6,Alabama,@,Texas A&M,W,0,,,1,shyheim-carter-1
Terrell Carter,2019-10-12,6,Memphis,@,Temple,L,1,,,1,terrell-carter-1
Anthony Cook,2019-10-12,6,Texas,N,Oklahoma,L,0,,,1,anthony-cook-1
Michael Danna,2019-10-12,6,Michigan,@,Illinois,W,0,,,1,michael-danna-1
Corey Dauphine,2019-10-12,6,Tulane,,Connecticut,W,0,,,1,corey-dauphine-1
Carlos Davis,2019-10-12,7,Nebraska,@,Minnesota,L,0,,,1,carlos-davis-3
Victor Dimukeje,2019-10-12,6,Duke,,Georgia Tech,W,0,,,1,victor-dimukeje-1
Joel Dublanko,2019-10-12,6,Cincinnati,@,Houston,W,0,,,1,joel-dublanko-1
Demarcus Elliott,2019-10-12,6,Indiana,,Rutgers,W,0,,,1,demarcus-elliott-1
Keaton Ellis,2019-10-12,6,Penn State,@,Iowa,W,0,,,1,keaton-ellis-1
Olakunle Fatukasi,2019-10-12,6,Rutgers,@,Indiana,L,0,,,1,olakunle-fatukasi-1
Ryan Franke,2019-10-12,6,Oregon State,,Utah,L,0,,,1,ryan-franke-1
Adrian Frye,2019-10-12,6,Texas Tech,@,Baylor,L,0,,,1,adrian-frye-1
Cassius Grady,2019-10-12,6,Texas-San Antonio,,Alabama-Birmingham,L,0,,,1,cassius-grady-1
Stanley Green,2019-10-12,6,Illinois,,Michigan,L,2,,,1,stanley-green-2
Nasir Greer,2019-10-12,6,Wake Forest,,Louisville,L,0,,,1,nasir-greer-1
Tucker Gregg,2019-10-12,6,Georgia State,@,Coastal Carolina,W,0,,,1,tucker-gregg-1
Harrison Hand,2019-10-12,6,Temple,,Memphis,W,0,,,1,harrison-hand-2
Jake Hansen,2019-10-12,6,Illinois,,Michigan,L,0,,,1,jake-hansen-1
Kurt Hinish,2019-10-12,6,Notre Dame,,Southern California,W,0,,,1,kurt-hinish-1
Parker Houston,2019-10-12,6,San Diego State,,Wyoming,W,0,,,1,parker-houston-1
Phillip Howard,2019-10-12,6,Minnesota,,Nebraska,W,0,,,1,phillip-howard-1
Rayshad Jackson,2019-10-12,6,Nevada-Las Vegas,@,Vanderbilt,W,0,,,1,rayshad-jackson-1
Alexy Jean-Baptiste,2019-10-12,6,Florida International,,UNC Charlotte,W,0,,,1,alexy-jean-baptiste-1
Anthony Johnson,2019-10-12,6,Louisville,@,Wake Forest,W,0,,,1,anthony-johnson-14
Anthony Johnson,2019-10-12,6,Iowa State,@,West Virginia,W,0,,,1,anthony-johnson-15
Davon Jones,2019-10-12,6,Bowling Green State,,Toledo,W,0,,,1,davon-jones-1
Kekaula Kaniho,2019-10-12,6,Boise State,,Hawaii,W,1,,,1,kekaula-kaniho-1
Deandre Kelly,2019-10-12,6,Temple,,Memphis,W,0,,,1,deandre-kelly-1
Remy Lazarus,2019-10-12,6,Georgia State,@,Coastal Carolina,W,0,,,1,remy-lazarus-1
Dana Levine,2019-10-12,6,Temple,,Memphis,W,0,,,1,dana-levine-1
Sage Lewis,2019-10-12,6,Florida International,,UNC Charlotte,W,0,,,1,sage-lewis-1
Jonathan Marshall,2019-10-12,6,Arkansas,@,Kentucky,L,0,,,1,jonathan-marshall-1
Cameron Mcgrone,2019-10-12,6,Michigan,@,Illinois,W,0,,,1,cameron-mcgrone-1
Kyron McKinnie-Harper,2019-10-12,7,Central Michigan,,New Mexico State,W,0,,,1,kyron-mckinnie-harper-1
Trevon McSwain,2019-10-12,6,Duke,,Georgia Tech,W,0,,,1,trevon-mcswain-1
D.J. Miller,2019-10-12,6,Iowa State,@,West Virginia,W,0,,,1,dj-miller-2
Kristopher Moll,2019-10-12,6,Alabama-Birmingham,@,Texas-San Antonio,W,1,,,1,kristopher-moll-1
Monty Montgomery,2019-10-12,6,Louisville,@,Wake Forest,W,0,,,1,monty-montgomery-2
Jordan Morris,2019-10-12,6,Coastal Carolina,,Georgia State,L,0,,,1,jordan-morris-1
PJ Mustipher,2019-10-12,6,Penn State,@,Iowa,W,0,,,1,pj-mustipher-1
Patrick Nunn,2019-10-12,6,Washington State,@,Arizona State,L,0,,,1,patrick-nunn-1
Jesse Osuna,2019-10-12,6,San Jose State,@,Nevada,L,0,,,1,jesse-osuna-1
Jacub Panasiuk,2019-10-12,7,Michigan State,@,Wisconsin,L,0,,,1,jacub-panasiuk-1
Antonio Parks,2019-10-12,6,Texas-San Antonio,,Alabama-Birmingham,L,0,,,1,antonio-parks-1
Kana'i Picanco,2019-10-12,6,Hawaii,@,Boise State,L,0,,,1,kanai-picanco-1
Benning Potoa'e,2019-10-12,7,Washington,@,Arizona,W,0,,,1,benning-potoae-1
Bryson Powers,2019-10-12,6,Tulsa,,Navy,L,0,,,1,bryson-powers-1
Janarius Robinson,2019-10-12,6,Florida State,@,Clemson,L,0,,,1,janarius-robinson-1
Mike Rose,2019-10-12,6,Iowa State,@,West Virginia,W,0,,,1,mike-rose-5
Turan Rush,2019-10-12,6,Eastern Michigan,,Ball State,L,0,,,1,turan-rush-1
Michael Scott,2019-10-12,6,Akron,,Kent State,L,0,,,1,michael-scott-4
Henry Segura,2019-10-12,6,UNC Charlotte,@,Florida International,L,0,,,1,henry-segura-1
Nehemiah Shelton,2019-10-12,6,San Jose State,@,Nevada,L,0,,,1,nehemiah-shelton-1
Jason Simmons Jr.,2019-10-12,7,New Mexico State,@,Central Michigan,L,0,,,1,jason-simmons-jr-1
Isaiah Simmons,2019-10-12,6,Clemson,,Florida State,W,1,,,2,isaiah-simmons-1
Abram Smith,2019-10-12,6,Baylor,,Texas Tech,W,0,,,1,abram-smith-1
Jordan Smith,2019-10-12,6,Alabama-Birmingham,@,Texas-San Antonio,W,0,,,1,jordan-smith-5
Darrell Taylor,2019-10-12,6,Tennessee,,Mississippi State,W,0,,,1,darrell-taylor-1
Josh Wallace,2019-10-12,7,Massachusetts,@,Louisiana Tech,L,1,,,1,josh-wallace-1
Jamar Watson,2019-10-12,6,Kentucky,,Arkansas,W,0,,,1,jamar-watson-1
Markees Watts,2019-10-12,6,UNC Charlotte,@,Florida International,L,0,,,1,markees-watts-1
Curtis Weaver,2019-10-12,6,Boise State,,Hawaii,W,0,,,1,curtis-weaver-1
Benton Wickersham,2019-10-12,6,Boise State,,Hawaii,W,0,,,1,benton-wickersham-1
Jordan Williams,2019-10-12,6,Ball State,@,Eastern Michigan,W,0,,,1,jordan-williams-10
Hardrick Willis,2019-10-12,6,Georgia State,@,Coastal Carolina,W,0,,,1,hardrick-willis-1
Carlton Martial,2019-10-16,6,Troy,,South Alabama,W,0,,,1,carlton-martial-1
William Bradley-King,2019-10-17,7,Arkansas State,,Louisiana,L,0,,,1,william-bradley-king-1
Atonio Mafi,2019-10-17,7,UCLA,@,Stanford,W,0,,,1,atonio-mafi-1
Paris Ford,2019-10-18,7,Pittsburgh,@,Syracuse,W,0,,,1,paris-ford-1
Joe Gaziano,2019-10-18,6,Northwestern,,Ohio State,L,0,,,1,joe-gaziano-1
Keiti Iakopo,2019-10-18,6,Fresno State,,Nevada-Las Vegas,W,0,,,1,keiti-iakopo-1
Rayshad Jackson,2019-10-18,7,Nevada-Las Vegas,@,Fresno State,L,0,,,1,rayshad-jackson-1
Justin Rice,2019-10-18,6,Fresno State,,Nevada-Las Vegas,W,1,,1,1,justin-rice-1
Arnold Azunna,2019-10-19,7,Iowa State,@,Texas Tech,W,0,,,1,arnold-azunna-1
Julian Blackmon,2019-10-19,7,Utah,,Arizona State,W,0,,,1,julian-blackmon-1
George Blackstock,2019-10-19,6,Appalachian State,,Louisiana-Monroe,W,0,,,1,george-blackstock-1
Maliek Broady,2019-10-19,7,Nevada,@,Utah State,L,0,,,1,maliek-broady-1
Marcus Brown,2019-10-19,7,Cincinnati,,Tulsa,W,1,,,1,marcus-brown-5
Juwan Burgess,2019-10-19,7,Indiana,@,Maryland,W,1,,,1,juwan-burgess-1
Arquon Bush,2019-10-19,7,Cincinnati,,Tulsa,W,0,,,1,arquon-bush-1
Zachary Carter,2019-10-19,8,Florida,@,South Carolina,W,0,,,1,zachary-carter-1
TreShaun Clark,2019-10-19,7,Liberty,,Maine,W,0,,,1,treshaun-clark-1
Kholbe Coleman,2019-10-19,7,Bowling Green State,,Central Michigan,L,0,,,1,kholbe-coleman-1
Clayton Coll,2019-10-19,7,Ball State,,Toledo,W,1,,,1,clayton-coll-1
Carter Coughlin,2019-10-19,7,Minnesota,@,Rutgers,W,0,,,1,carter-coughlin-1
Turner Coxe,2019-10-19,7,Southern Methodist,,Temple,W,0,,,1,turner-coxe-1
Aashari Crosswell,2019-10-19,7,Arizona State,@,Utah,L,1,,,2,aashari-crosswell-1
Chris Cunningham,2019-10-19,7,Old Dominion,@,Alabama-Birmingham,L,0,,,1,chris-cunningham-2
Cameron Dantzler,2019-10-19,7,Mississippi State,,Louisiana State,L,0,,,1,cameron-dantzler-1
Marlon Davidson,2019-10-19,7,Auburn,@,Arkansas,W,1,,,1,marlon-davidson-1
Nakobe Dean,2019-10-19,7,Georgia,,Kentucky,W,0,,,1,nakobe-dean-1
Michael Divinity Jr.,2019-10-19,7,Louisiana State,@,Mississippi State,W,0,,,1,michael-divinity-jr-1
Will Evans,2019-10-19,7,Ohio,,Kent State,W,0,,,1,will-evans-2
Tony Fair,2019-10-19,7,Alabama-Birmingham,,Old Dominion,W,0,,,1,tony-fair-1
Tony Fields II,2019-10-19,7,Arizona,@,Southern California,L,0,,,1,tony-fields-ii-1
Mosese Fifita,2019-10-19,7,Air Force,@,Hawaii,W,1,,,1,mosese-fifita-1
Justin Foster,2019-10-19,7,Clemson,@,Louisville,W,0,,,1,justin-foster-1
Kendall Futrell,2019-10-19,7,East Carolina,@,Central Florida,L,0,,,1,kendall-futrell-1
Esaias Gandy,2019-10-19,7,Wyoming,,New Mexico,W,1,,,1,esaias-gandy-1
Jeremiah Gemmel,2019-10-19,7,North Carolina,@,Virginia Tech,L,0,,,1,jeremiah-gemmel-1
Trevis Gipson,2019-10-19,7,Tulsa,@,Cincinnati,L,0,,,1,trevis-gipson-1
Andre Grayson,2019-10-19,6,Utah State,,Nevada,W,0,,,2,andre-grayson-1
Jake Hansen,2019-10-19,7,Illinois,,Wisconsin,W,0,,,2,jake-hansen-1
De'Jon Harris,2019-10-19,7,Arkansas,,Auburn,L,0,,,1,dejon-harris-1
Justus Harris,2019-10-19,7,Minnesota,@,Rutgers,W,0,,,1,justus-harris-1
Michael Harris,2019-10-19,7,Auburn,@,Arkansas,W,1,,,1,michael-harris-5
Isaiah Hazel,2019-10-19,7,Maryland,,Indiana,L,0,,,1,isaiah-hazel-1
Jacobi Hearn,2019-10-19,7,New Mexico,@,Wyoming,L,0,,,1,jacobi-hearn-1
Victor Heyward,2019-10-19,7,Georgia State,,Army,W,0,,,1,victor-heyward-1
Alex Highsmith,2019-10-19,7,UNC Charlotte,@,Western Kentucky,L,0,,,1,alex-highsmith-1
Keyshawn Johnson,2019-10-19,7,Louisiana-Monroe,@,Appalachian State,L,0,,,1,keyshawn-johnson-2
Tyler Johnson,2019-10-19,7,Arizona State,@,Utah,L,0,,,1,tyler-johnson-5
Demetrius Knight,2019-10-19,7,Georgia Tech,@,Miami (FL),W,0,,,1,demetrius-knight-1
David Koniwalski,2019-10-19,7,Bowling Green State,,Central Michigan,L,0,,,1,david-koniwalski-1
Mike Lee,2019-10-19,7,Kansas,@,Texas,L,0,,,1,mike-lee-6
Shane Lee,2019-10-19,7,Alabama,,Tennessee,W,0,,,1,shane-lee-1
Jordan Mack,2019-10-19,7,Virginia,,Duke,W,0,,,1,jordan-mack-1
Ledarius Mack,2019-10-19,7,Buffalo,@,Akron,W,1,,1,1,ledarius-mack-1
Justin Madubuike,2019-10-19,7,Texas A&M,@,Mississippi,W,0,,,1,justin-madubuike-1
Theo Majette,2019-10-19,7,Kent State,@,Ohio,L,0,,,1,theo-majette-1
TaDarryl Marshall,2019-10-19,7,Alabama-Birmingham,,Old Dominion,W,0,,,1,tadarryl-marshall-1
Ka'Derrion Mason,2019-10-19,7,Louisiana Tech,,Southern Mississippi,W,0,,,1,kaderrion-mason-1
Brayden Matts,2019-10-19,7,Coastal Carolina,@,Georgia Southern,L,0,,,1,brayden-matts-1
Kana'i Mauga,2019-10-19,7,Southern California,,Arizona,W,0,,,1,kanai-mauga-1
Demonte Meeks,2019-10-19,7,Air Force,@,Hawaii,W,0,,,1,demonte-meeks-1
David Morris,2019-10-19,7,Oregon State,@,California,W,0,,,1,david-morris-4
Parnell Motley,2019-10-19,7,Oklahoma,,West Virginia,W,0,,,1,parnell-motley-1
Chidi Ogbonnaya,2019-10-19,7,Baylor,@,Oklahoma State,W,0,,,1,chidi-ogbonnaya-1
Chris Orr,2019-10-19,7,Wisconsin,@,Illinois,L,0,,,1,chris-orr-2
Shaquille Quarterman,2019-10-19,7,Miami (FL),,Georgia Tech,L,1,,,1,shaquille-quarterman-1
J.R. Reed,2019-10-19,7,Georgia,,Kentucky,W,0,,,1,jr-reed-3
Taylor Riggins,2019-10-19,7,Buffalo,@,Akron,W,0,,,1,taylor-riggins-1
Jammie Robinson,2019-10-19,7,South Carolina,,Florida,L,0,,,1,jammie-robinson-1
Oneil Robinson,2019-10-19,7,Connecticut,,Houston,L,0,,,1,oneil-robinson-1
Malcolm Rodriguez,2019-10-19,7,Oklahoma State,,Baylor,L,1,,,1,malcolm-rodriguez-1
Myjai Sanders,2019-10-19,7,Cincinnati,,Tulsa,W,0,,,1,myjai-sanders-1
Gabe Sewell,2019-10-19,7,Nevada,@,Utah State,L,0,,,1,gabe-sewell-1
Mathew Sexton,2019-10-19,7,Eastern Michigan,,Western Michigan,W,0,,,1,mathew-sexton-1
KJ Sherald,2019-10-19,7,Kent State,@,Ohio,L,0,,,1,kj-sherald-1
Shannon Showers,2019-10-19,7,Southern Mississippi,@,Louisiana Tech,L,0,,,1,shannon-showers-1
Antonyo Sotolongo,2019-10-19,7,Bowling Green State,,Central Michigan,L,0,,,1,antonyo-sotolongo-1
Jake Springer,2019-10-19,6,Navy,,South Florida,W,0,,,1,jake-springer-1
Geno Stone,2019-10-19,7,Iowa,,Purdue,W,0,,,1,geno-stone-1
Keilos Swinney,2019-10-19,7,Louisiana-Monroe,@,Appalachian State,L,1,,,1,keilos-swinney-1
Noah Taylor,2019-10-19,7,Virginia,,Duke,W,0,,,1,noah-taylor-1
Alex Tchangam,2019-10-19,7,Colorado,@,Washington State,L,0,,,1,alex-tchangam-1
DQ Thomas,2019-10-19,7,Middle Tennessee State,@,North Texas,L,0,,,1,dq-thomas-1
A.J. Watts,2019-10-19,7,Akron,,Buffalo,L,0,,,1,aj-watts-1
Rome Weber,2019-10-19,7,Wyoming,,New Mexico,W,0,,,1,rome-weber-1
Jarell White,2019-10-19,7,Cincinnati,,Tulsa,W,0,,,2,jarell-white-1
Keion White,2019-10-19,7,Old Dominion,@,Alabama-Birmingham,L,0,,,1,keion-white-1
Caesar Williams,2019-10-19,7,Wisconsin,@,Illinois,L,0,,,1,caesar-williams-1
Jacquez Williams,2019-10-19,7,Wake Forest,,Florida State,W,0,,,1,jacquez-williams-1
Jordan Williams,2019-10-19,7,Baylor,@,Oklahoma State,W,1,,,1,jordan-williams-6
Jordan Williams,2019-10-19,7,Ball State,,Toledo,W,0,,,1,jordan-williams-10
Bryce Wilson,2019-10-19,7,Akron,,Buffalo,L,0,,,1,bryce-wilson-1
Kadofi Wright,2019-10-19,7,Buffalo,@,Akron,W,1,,1,1,kadofi-wright-1
Stephon Zayas,2019-10-19,7,Central Florida,,East Carolina,W,0,,,1,stephon-zayas-1
Demerick Gary,2019-10-24,8,Southern Methodist,@,Houston,W,0,,,1,demerick-gary-1
Patrick Nelson,2019-10-24,8,Southern Methodist,@,Houston,W,0,,,1,patrick-nelson-2
Christian Albright,2019-10-26,8,Ball State,,Ohio,L,0,,,1,christian-albright-1
Tristan Allen,2019-10-26,8,Louisiana Tech,@,Texas-El Paso,W,0,,,1,tristan-allen-1
Devon Anderson,2019-10-26,7,Utah State,@,Air Force,L,0,,,1,devon-anderson-1
Jordan Anderson,2019-10-26,8,Bowling Green State,@,Western Michigan,L,0,,,1,jordan-anderson-2
E.J. Ane,2019-10-26,8,San Jose State,@,Army,W,0,,,1,ej-ane-1
Joey Banks,2019-10-26,8,Buffalo,,Central Michigan,W,0,,,1,joey-banks-1
Ezekiel Barnett,2019-10-26,8,Louisiana Tech,@,Texas-El Paso,W,0,,,1,ezekiel-barnett-1
Stephan Blaylock,2019-10-26,8,UCLA,,Arizona State,W,0,,,1,stephan-blaylock-1
Bubba Bolden,2019-10-26,8,Miami (FL),@,Pittsburgh,W,0,,,1,bubba-bolden-1
Thomas Booker,2019-10-26,8,Stanford,,Arizona,W,0,,,1,thomas-booker-1
Jeffmario Brown,2019-10-26,8,Arkansas State,,Texas State,W,0,,,1,jeffmario-brown-1
Alfred Bryant,2019-10-26,8,Indiana,@,Nebraska,W,0,,,1,alfred-bryant-1
Darien Butler,2019-10-26,8,Arizona State,@,UCLA,L,1,,,1,darien-butler-1
Solomon Byrd,2019-10-26,8,Wyoming,,Nevada,W,0,,,1,solomon-byrd-1
Vince Calhoun,2019-10-26,8,Eastern Michigan,@,Toledo,L,0,,,1,vince-calhoun-1
Timothy Collins,2019-10-26,9,Western Michigan,,Bowling Green State,W,0,,,1,timothy-collins-1
Marquis Couch,2019-10-26,8,Marshall,,Western Kentucky,W,0,,,2,marquis-couch-1
Brennon Davis,2019-10-26,8,New Mexico State,@,Georgia Southern,L,0,,,1,brennon-davis-1
Ishmael Davis,2019-10-26,7,Texas State,@,Arkansas State,L,0,,,1,ishmael-davis-1
Jeremiah Dinson,2019-10-26,8,Auburn,@,Louisiana State,L,0,,,1,jeremiah-dinson-1
Brandin Echols,2019-10-26,8,Kentucky,,Missouri,W,0,,,1,brandin-echols-1
Davon Ferguson,2019-10-26,8,Kansas,,Texas Tech,W,0,,,1,davon-ferguson-1
Eric Gallon,2019-10-26,7,Kansas State,,Oklahoma,W,0,,,1,eric-gallon-2
Tyree Gillespie,2019-10-26,8,Missouri,@,Kentucky,L,0,,,1,tyree-gillespie-1
Trevis Gipson,2019-10-26,8,Tulsa,,Memphis,L,0,,,1,trevis-gipson-1
Kyle Harmon,2019-10-26,8,San Jose State,@,Army,W,1,,,1,kyle-harmon-2
Jordan Hendy,2019-10-26,8,Toledo,,Eastern Michigan,W,0,,,1,jordan-hendy-1
Nick Heninger,2019-10-26,7,Utah State,@,Air Force,L,1,,,1,nick-heninger-1
Nate Hobbs,2019-10-26,8,Illinois,@,Purdue,W,0,,,1,nate-hobbs-1
Rashie Hodge Jr.,2019-10-26,8,New Mexico State,@,Georgia Southern,L,2,,,1,rashie-hodge-jr-1
Anthony Johnson,2019-10-26,8,Louisville,,Virginia,W,0,,,1,anthony-johnson-14
Jamar Johnson,2019-10-26,8,Indiana,@,Nebraska,W,0,,,1,jamar-johnson-1
Patrick Jones II,2019-10-26,8,Pittsburgh,,Miami (FL),L,0,,,1,patrick-jones-ii-1
Jamir Jones,2019-10-26,7,Notre Dame,@,Michigan,L,0,,,1,jamir-jones-1
Myles Jones,2019-10-26,8,Texas A&M,,Mississippi State,W,0,,,1,myles-jones-1
Layton Jordan,2019-10-26,8,Temple,,Central Florida,L,0,,,1,layton-jordan-1
Qwuantrezz Knight,2019-10-26,8,Kent State,,Miami (OH),L,0,,,1,qwuantrezz-knight-1
Noski LaFleur,2019-10-26,8,Eastern Michigan,@,Toledo,L,0,,,1,noski-lafleur-1
Jack Lamb,2019-10-26,7,Notre Dame,@,Michigan,L,0,,,1,jack-lamb-2
George Lea,2019-10-26,8,Arizona State,@,UCLA,L,0,,,1,george-lea-1
Chase Lucas,2019-10-26,8,Arizona State,@,UCLA,L,1,,,1,chase-lucas-1
Jeremy Lucien,2019-10-26,8,Connecticut,@,Massachusetts,W,0,,,1,jeremy-lucien-1
Patrick Macon,2019-10-26,8,South Florida,@,East Carolina,W,0,,,1,patrick-macon-1
Malik Manciel,2019-10-26,8,Middle Tennessee State,,Florida International,W,0,,,1,malik-manciel-1
Trevon McSwain,2019-10-26,8,Duke,@,North Carolina,L,0,,,1,trevon-mcswain-1
James Miller,2019-10-26,8,Indiana,@,Nebraska,W,0,,,1,james-miller-1
Josh Nurse,2019-10-26,8,Utah,,California,W,0,,,1,josh-nurse-1
Chris Oats,2019-10-26,8,Kentucky,,Missouri,W,0,,,1,chris-oats-1
Jayson Oweh,2019-10-26,8,Penn State,@,Michigan State,W,0,,,2,jayson-oweh-1
Wayne Parks,2019-10-26,8,Middle Tennessee State,,Florida International,W,0,,,1,wayne-parks-1
James Patterson,2019-10-26,8,Buffalo,,Central Michigan,W,0,,,1,james-patterson-3
Tyshun Render,2019-10-26,8,Middle Tennessee State,,Florida International,W,1,,,1,tyshun-render-1
Demani Richardson,2019-10-26,8,Texas A&M,,Mississippi State,W,0,,,1,demani-richardson-1
Amik Robertson,2019-10-26,8,Louisiana Tech,@,Texas-El Paso,W,1,,,1,amik-robertson-1
Dominique Ross,2019-10-26,8,North Carolina,,Duke,W,0,,,1,dominique-ross-1
Bentlee Sanders,2019-10-26,8,South Florida,@,East Carolina,W,0,,,1,bentlee-sanders-1
Dylan Singleton,2019-10-26,8,Duke,@,North Carolina,L,0,,,1,dylan-singleton-1
Tariq Speights,2019-10-26,8,Eastern Michigan,@,Toledo,L,0,,,1,tariq-speights-1
Lawrence Stevens,2019-10-26,8,Rutgers,,Liberty,W,0,,,1,lawrence-stevens-1
Jason Strowbridge,2019-10-26,8,North Carolina,,Duke,W,1,,,1,jason-strowbridge-1
Calvin Taylor,2019-10-26,8,Kentucky,,Missouri,W,0,,,1,calvin-taylor-2
Keye Thompson,2019-10-26,8,Ohio,@,Ball State,W,0,,,1,keye-thompson-1
Rico Tolefree,2019-10-26,8,San Jose State,@,Army,W,0,,,1,rico-tolefree-1
Alex Turner,2019-10-26,8,East Carolina,,South Florida,L,0,,,1,alex-turner-3
Markell Utsey,2019-10-26,8,Missouri,@,Kentucky,L,0,,,1,markell-utsey-1
Byron Vaughns,2019-10-26,8,Texas,@,Texas Christian,L,0,,,1,byron-vaughns-1
Luiji Vilain,2019-10-26,8,Michigan,,Notre Dame,W,0,,,1,luiji-vilain-1
Reggie Walker,2019-10-26,7,Kansas State,,Oklahoma,W,0,,,1,reggie-walker-2
Markees Watts,2019-10-26,8,UNC Charlotte,,North Texas,W,0,,,1,markees-watts-1
Sterling Weatherford,2019-10-26,8,Miami (OH),@,Kent State,W,1,,,1,sterling-weatherford-1
Evan Weaver,2019-10-26,8,California,@,Utah,L,0,,,1,evan-weaver-1
Boosie Whitlow,2019-10-26,8,Louisville,,Virginia,W,0,,,1,boosie-whitlow-1
Javonte Williams,2019-10-26,8,North Carolina,,Duke,W,0,,,1,javonte-williams-1
Logan Wilson,2019-10-26,8,Wyoming,,Nevada,W,0,,,1,logan-wilson-1
Jordan Wright,2019-10-26,8,Kentucky,,Missouri,W,1,,,1,jordan-wright-3
Chase Young,2019-10-26,8,Ohio State,,Wisconsin,W,0,,,2,chase-young-1
Hakeem Bailey,2019-10-31,8,West Virginia,@,Baylor,L,0,,,1,hakeem-bailey-1
Sean Mahone,2019-10-31,8,West Virginia,@,Baylor,L,0,,,1,sean-mahone-1
Tykee Smith,2019-10-31,8,West Virginia,@,Baylor,L,0,,,1,tykee-smith-1
Jake Springer,2019-11-01,8,Navy,@,Connecticut,W,0,,,1,jake-springer-1
Kyle Adams,2019-11-02,9,Nevada,,New Mexico,W,0,,,1,kyle-adams-2
Bubba Arslanian,2019-11-02,9,Akron,@,Bowling Green State,L,0,,,1,bubba-arslanian-1
Rayshard Ashby,2019-11-02,8,Virginia Tech,@,Notre Dame,L,0,,,1,rayshard-ashby-1
Shaq Bond,2019-11-02,8,Utah State,,Brigham Young,L,0,,,1,shaq-bond-1
Drayton Carlberg,2019-11-02,9,Oregon,@,Southern California,W,0,,,1,drayton-carlberg-1
Claudin Cherrelus,2019-11-02,9,Massachusetts,,Liberty,L,0,,,1,claudin-cherrelus-1
Andre Cisco,2019-11-02,9,Syracuse,,Boston College,L,0,,,1,andre-cisco-1
Cody Cole,2019-11-02,9,Kansas,,Kansas State,L,0,,,1,cody-cole-1
Turner Coxe,2019-11-02,9,Southern Methodist,@,Memphis,L,0,,,1,turner-coxe-1
David Curry,2019-11-02,8,Georgia Tech,,Pittsburgh,L,0,,,1,david-curry-1
Logan Darby,2019-11-02,9,Massachusetts,,Liberty,L,0,,,1,logan-darby-1
Alex Davis,2019-11-02,9,Nebraska,@,Purdue,L,0,,,1,alex-davis-2
DeAndre' Delaney,2019-11-02,8,Wake Forest,,North Carolina State,W,0,,,1,deandre-delaney-1
Tyren Dupree,2019-11-02,9,Liberty,@,Massachusetts,W,0,,,1,tyren-dupree-1
Martin Emerson,2019-11-02,9,Mississippi State,@,Arkansas,W,0,,,1,martin-emerson-1
Brelin Faison-Walden,2019-11-02,9,UNC Charlotte,,Middle Tennessee State,W,0,,,1,brelin-faison-walden-1
Tomon Fox,2019-11-02,9,North Carolina,,Virginia,L,0,,,1,tomon-fox-1
Amari Gainer,2019-11-02,9,Florida State,,Miami (FL),L,0,,,1,amari-gainer-1
Isaiah Gay,2019-11-02,9,Illinois,,Rutgers,W,0,,,1,isaiah-gay-1
Stanley Green,2019-11-02,9,Illinois,,Rutgers,W,1,,,1,stanley-green-2
P.J. Hall,2019-11-02,9,Tulane,,Tulsa,W,0,,,1,pj-hall-1
Dele Harding,2019-11-02,9,Illinois,,Rutgers,W,0,,,1,dele-harding-1
Hayden Harrison,2019-11-02,9,North Texas,,Texas-El Paso,W,0,,,1,hayden-harrison-1
Mitchell Howard,2019-11-02,9,Texas A&M,,Texas-San Antonio,W,0,,,1,mitchell-howard-2
Ellison Hubbard,2019-11-02,9,Colorado State,,Nevada-Las Vegas,W,0,,,1,ellison-hubbard-1
R.J. Hubert,2019-11-02,9,Utah,@,Washington,W,0,,,1,rj-hubert-1
Melvin Jackson,2019-11-02,9,Bowling Green State,,Akron,W,0,,,1,melvin-jackson-2
Kylan Johnson,2019-11-02,9,Pittsburgh,@,Georgia Tech,W,0,,,1,kylan-johnson-1
Laquan Johnson,2019-11-02,10,Central Michigan,,Northern Illinois,W,0,,,2,laquan-johnson-1
Mike Jones Jr.,2019-11-02,9,Clemson,,Wofford,W,0,,,1,mike-jones-jr-1
Cam Jones,2019-11-02,9,Indiana,,Northwestern,W,0,,,1,cam-jones-1
Austin Kafentzis,2019-11-02,8,Brigham Young,@,Utah State,W,0,,,1,austin-kafentzis-1
Gage Kreski,2019-11-02,10,Central Michigan,,Northern Illinois,W,0,,,1,gage-kreski-1
Akileis Leroy,2019-11-02,9,Florida Atlantic,@,Western Kentucky,W,0,,,1,akileis-leroy-1
Carlton Martial,2019-11-02,8,Troy,@,Coastal Carolina,L,0,,,1,carlton-martial-1
Elijah McAllister,2019-11-02,8,Vanderbilt,@,South Carolina,L,1,,,1,elijah-mcallister-1
Chase Monroe,2019-11-02,8,Wake Forest,,North Carolina State,W,0,,,1,chase-monroe-1
Jarron Morris,2019-11-02,8,Texas State,@,Louisiana,L,0,,,1,jarron-morris-1
Tiawan Mullen,2019-11-02,9,Indiana,,Northwestern,W,1,,,1,tiawan-mullen-1
JJ Nwigwe,2019-11-02,8,Brigham Young,@,Utah State,W,0,,,1,jj-nwigwe-1
Amen Ogbongbemiga,2019-11-02,9,Oklahoma State,,Texas Christian,W,0,,,1,amen-ogbongbemiga-1
Kaimana Padello,2019-11-02,9,Hawaii,,Fresno State,L,0,,,1,kaimana-padello-1
John Penisini,2019-11-02,9,Utah,@,Washington,W,0,,,1,john-penisini-1
Jalen Reagor,2019-11-02,8,Texas Christian,@,Oklahoma State,L,0,,,1,jalen-reagor-1
Max Richardson,2019-11-02,9,Boston College,@,Syracuse,W,0,,,1,max-richardson-2
Justin Rogers,2019-11-02,8,Texas-El Paso,@,North Texas,L,1,,,1,justin-rogers-2
Nehemiah Shelton,2019-11-02,9,San Jose State,,Boise State,L,0,,,1,nehemiah-shelton-1
Keidron Smith,2019-11-02,9,Mississippi,@,Auburn,L,0,,,1,keidron-smith-1
Chazz Surratt,2019-11-02,9,North Carolina,,Virginia,L,0,,,1,chazz-surratt-1
Teair Tart,2019-11-02,9,Florida International,,Old Dominion,W,0,,,1,teair-tart-1
Dy'Jonn Turner,2019-11-02,8,Alabama-Birmingham,@,Tennessee,L,0,,,1,dyjonn-turner-1
Edefuan Ulofoshio,2019-11-02,9,Washington,,Utah,L,0,,,1,edefuan-ulofoshio-1
Demetri Washington,2019-11-02,8,Boise State,@,San Jose State,W,0,,,1,demetri-washington-1
Trill Williams,2019-11-02,9,Syracuse,,Boston College,L,0,,,1,trill-williams-1
Terrance Taylor,2019-11-05,9,Toledo,,Kent State,W,0,,,1,terrance-taylor-3
Samuel Womack,2019-11-05,9,Toledo,,Kent State,W,0,,,1,samuel-womack-1
Cole Baker,2019-11-06,9,Ohio,,Miami (OH),L,0,,,1,cole-baker-1
Lonnie Phelps,2019-11-06,9,Miami (OH),@,Ohio,W,0,,,1,lonnie-phelps-1
Sterling Weatherford,2019-11-06,9,Miami (OH),@,Ohio,W,0,,,1,sterling-weatherford-1
Christian Braswell,2019-11-07,9,Temple,@,South Florida,W,0,,,1,christian-braswell-1
Andre Jones,2019-11-07,9,Louisiana,@,Coastal Carolina,W,0,,,1,andre-jones-4
Deandre Kelly,2019-11-07,9,Temple,@,South Florida,W,0,,,1,deandre-kelly-1
Solomon Ajayi,2019-11-09,10,Liberty,@,Brigham Young,L,0,,,1,solomon-ajayi-1
Carl Austin III,2019-11-09,9,Texas-San Antonio,@,Old Dominion,W,0,,,1,carl-austin-iii-1
Carlos Basham Jr.,2019-11-09,9,Wake Forest,@,Virginia Tech,L,0,,,1,carlos-basham-jr-1
Myles Bell,2019-11-09,10,Connecticut,@,Cincinnati,L,0,,,1,myles-bell-1
Elijah Benton,2019-11-09,10,Liberty,@,Brigham Young,L,0,,,1,elijah-benton-1
Darien Butler,2019-11-09,9,Arizona State,,Southern California,L,0,,,1,darien-butler-1
Roscoe Byrd,2019-11-09,9,Georgia Southern,@,Troy,L,0,,,1,roscoe-byrd-1
Amari Carter,2019-11-09,10,Miami (FL),,Louisville,W,0,,,1,amari-carter-1
Jalen Catalon,2019-11-09,10,Arkansas,,Western Kentucky,L,0,,,1,jalen-catalon-1
Tyler Coyle,2019-11-09,10,Connecticut,@,Cincinnati,L,0,,,1,tyler-coyle-1
Mohamoud Diabate,2019-11-09,10,Florida,,Vanderbilt,W,0,,,1,mohamoud-diabate-1
Keaton Ellis,2019-11-09,9,Penn State,@,Minnesota,L,0,,,1,keaton-ellis-1
A.J. Epenesa,2019-11-09,9,Iowa,@,Wisconsin,L,0,,,1,aj-epenesa-1
Jeff Gemmell,2019-11-09,10,UNC Charlotte,@,Texas-El Paso,W,0,,,1,jeff-gemmell-1
Alohi Gilman,2019-11-09,9,Notre Dame,@,Duke,W,0,,,1,alohi-gilman-1
Tyler Glass,2019-11-09,9,Louisiana-Monroe,,Georgia State,W,0,,,1,tyler-glass-1
Nasir Greer,2019-11-09,9,Wake Forest,@,Virginia Tech,L,0,,,1,nasir-greer-1
Cade Hall,2019-11-09,10,San Jose State,@,Hawaii,L,0,,,1,cade-hall-1
Deshon Hall,2019-11-09,9,Louisiana Tech,,North Texas,W,0,,,1,deshon-hall-1
Geronda Hall,2019-11-09,10,Old Dominion,,Texas-San Antonio,L,0,,,1,geronda-hall-1
Tate Hallock,2019-11-09,9,Michigan State,,Illinois,L,0,,,1,tate-hallock-1
Nick Hampton,2019-11-09,9,Appalachian State,@,South Carolina,W,0,,,1,nick-hampton-1
TJ Harris,2019-11-09,9,Troy,,Georgia Southern,W,0,,,1,tj-harris-2
Jaylinn Hawkins,2019-11-09,9,California,,Washington State,W,0,,,1,jaylinn-hawkins-1
Clarence Hicks,2019-11-09,9,Texas-San Antonio,@,Old Dominion,W,0,,,1,clarence-hicks-1
Rashie Hodge Jr.,2019-11-09,9,New Mexico State,@,Mississippi,L,1,,,1,rashie-hodge-jr-1
Talanoa Hufanga,2019-11-09,10,Southern California,@,Arizona State,W,0,,,1,talanoa-hufanga-1
Daniel Isom,2019-11-09,9,Washington State,@,California,L,0,,,1,daniel-isom-1
Javaree Jackson,2019-11-09,9,Wyoming,@,Boise State,L,1,,,1,javaree-jackson-1
Riko Jeffers,2019-11-09,9,Texas Tech,@,West Virginia,W,0,,,2,riko-jeffers-1
Brandon Jones,2019-11-09,9,Texas,,Kansas State,W,0,,,1,brandon-jones-13
Keandre Jones,2019-11-09,10,Maryland,@,Ohio State,L,0,,,1,keandre-jones-1
Andrew Leota,2019-11-09,9,Northwestern,,Purdue,L,0,,,1,andrew-leota-1
Xavier McKinney,2019-11-09,9,Alabama,,Louisiana State,L,0,,,1,xavier-mckinney-1
Kristopher Moll,2019-11-09,9,Alabama-Birmingham,@,Southern Mississippi,L,0,,,1,kristopher-moll-1
Khairi Muhammad,2019-11-09,10,North Texas,@,Louisiana Tech,L,0,,,1,khairi-muhammad-1
Zach Petersen,2019-11-09,9,Iowa State,@,Oklahoma,L,0,,,1,zach-petersen-1
Brandon Pili,2019-11-09,10,Southern California,@,Arizona State,W,0,,,1,brandon-pili-1
Emmett Rice,2019-11-09,10,Florida State,@,Boston College,W,0,,,1,emmett-rice-1
Devin Richardson,2019-11-09,9,New Mexico State,@,Mississippi,L,0,,,1,devin-richardson-1
James Skalski,2019-11-09,10,Clemson,@,North Carolina State,W,0,,,1,james-skalski-1
Jordan Smith,2019-11-09,9,Alabama-Birmingham,@,Southern Mississippi,L,0,,,1,jordan-smith-5
Patrick Surtain II,2019-11-09,9,Alabama,,Louisiana State,L,0,,,1,patrick-surtain-ii-1
Calvin Taylor,2019-11-09,9,Kentucky,,Tennessee,L,0,,,1,calvin-taylor-2
Chris Tooley,2019-11-09,10,Florida Atlantic,,Florida International,W,0,,,1,chris-tooley-1
Jaden Voisin,2019-11-09,9,South Alabama,@,Texas State,L,0,,,1,jaden-voisin-1
Noah Wilder,2019-11-09,9,Alabama-Birmingham,@,Southern Mississippi,L,0,,,1,noah-wilder-1
Marquis Wilson,2019-11-09,9,Penn State,@,Minnesota,L,0,,,1,marquis-wilson-2
Kevin Wood,2019-11-09,10,North Texas,@,Louisiana Tech,L,0,,,1,kevin-wood-8
Randy Cochran Jr.,2019-11-12,10,Akron,,Eastern Michigan,L,0,,,1,randy-cochran-jr-1
Karl Brooks,2019-11-13,10,Bowling Green State,@,Miami (OH),L,0,,,1,karl-brooks-1
Adam Buirge,2019-11-13,10,Northern Illinois,@,Toledo,W,0,,,1,adam-buirge-1
Jack Heflin,2019-11-13,10,Northern Illinois,@,Toledo,W,0,,,1,jack-heflin-1
Aaron Crawford,2019-11-14,10,North Carolina,@,Pittsburgh,L,0,,,1,aaron-crawford-2
Arron Mosby,2019-11-15,10,Fresno State,@,San Diego State,L,0,,,1,arron-mosby-1
Brett Anderson II,2019-11-16,10,Ball State,,Central Michigan,L,0,,,1,brett-anderson-ii-1
Andrew Armstrong,2019-11-16,10,Syracuse,@,Duke,W,0,,,1,andrew-armstrong-1
Even Austrie,2019-11-16,10,Nevada-Las Vegas,,Hawaii,L,0,,,1,even-austrie-1
Tre Avery,2019-11-16,10,Rutgers,,Ohio State,L,0,,,1,tre-avery-1
Nyronn Barr-Thomas,2019-11-16,10,Coastal Carolina,@,Arkansas State,L,0,,,1,nyronn-barr-thomas-1
Henry Black,2019-11-16,10,Baylor,,Oklahoma,L,0,,,1,henry-black-1
Julian Blackmon,2019-11-16,10,Utah,,UCLA,W,0,,,1,julian-blackmon-1
Keyon Blakenbaker,2019-11-16,10,Wyoming,@,Utah State,L,0,,,1,keyon-blakenbaker-1
Eric Burrell,2019-11-16,10,Wisconsin,@,Nebraska,W,0,,,1,eric-burrell-1
Percy Butler,2019-11-16,10,Louisiana,@,South Alabama,W,0,,,2,percy-butler-1
Tajhea Chambers,2019-11-16,10,Arkansas State,,Coastal Carolina,W,0,,,1,tajhea-chambers-1
Riley Cole,2019-11-16,10,South Alabama,,Louisiana,L,0,,,1,riley-cole-1
DeShawn Collins,2019-11-16,10,California,,Southern California,L,0,,,1,deshawn-collins-1
Dashawn Crawford,2019-11-16,10,Virginia Tech,@,Georgia Tech,W,0,,,1,dashawn-crawford-1
Tre'shon Devones,2019-11-16,10,Rice,@,Middle Tennessee State,W,0,,,1,treshon-devones-1
JoJo Domann,2019-11-16,10,Nebraska,,Wisconsin,L,0,,,1,jojo-domann-1
Isaiah Dunn,2019-11-16,10,Oregon State,,Arizona State,W,0,,,1,isaiah-dunn-1
Troy Dye,2019-11-16,10,Oregon,,Arizona,W,0,,,1,troy-dye-1
A.J. Epenesa,2019-11-16,10,Iowa,,Minnesota,W,0,,,1,aj-epenesa-1
Cincir Evans,2019-11-16,10,Coastal Carolina,@,Arkansas State,L,0,,,1,cincir-evans-1
Jeremy Fejedelem,2019-11-16,10,Air Force,@,Colorado State,W,0,,,1,jeremy-fejedelem-1
Mekhi Garner,2019-11-16,10,Louisiana,@,South Alabama,W,0,,,1,mekhi-garner-1
Frankie Griffin,2019-11-16,10,Texas State,,Troy,L,0,,,1,frankie-griffin-1
Chase Hatada,2019-11-16,10,Boise State,,New Mexico,W,0,,,1,chase-hatada-1
Jaylon Haynes,2019-11-16,10,Texas-San Antonio,,Southern Mississippi,L,0,,,1,jaylon-haynes-1
James Head Jr.,2019-11-16,10,Indiana,@,Penn State,L,0,,,1,james-head-jr-1
Jacobi Hearn,2019-11-16,10,New Mexico,@,Boise State,L,0,,,1,jacobi-hearn-1
Ja'Von Hicks,2019-11-16,10,Cincinnati,@,South Florida,W,1,,,1,javon-hicks-1
Buddy Johnson,2019-11-16,10,Texas A&M,,South Carolina,W,0,,,1,buddy-johnson-1
Jermaine Johnson,2019-11-16,10,Georgia,@,Auburn,W,0,,,1,jermaine-johnson-3
Emmanuel Jones,2019-11-16,10,Colorado State,,Air Force,L,0,,,1,emmanuel-jones-2
Ernest Jones,2019-11-16,11,South Carolina,@,Texas A&M,L,0,,,1,ernest-jones-3
Khalid Kareem,2019-11-16,10,Notre Dame,,Navy,W,0,,,2,khalid-kareem-1
Jake Ksiazek,2019-11-16,10,Air Force,@,Colorado State,W,1,,,2,jake-ksiazek-1
Mike Lee,2019-11-16,10,Kansas,@,Oklahoma State,L,0,,,1,mike-lee-6
Troy Lefeged Jr.,2019-11-16,10,Utah State,,Wyoming,W,1,,,1,troy-lefeged-jr-1
Kirk Livingstone,2019-11-16,10,South Florida,,Cincinnati,L,0,,,1,kirk-livingstone-1
Blake Lynch,2019-11-16,10,Baylor,,Oklahoma,L,0,,,1,blake-lynch-1
James Lynch,2019-11-16,10,Baylor,,Oklahoma,L,1,,,1,james-lynch-3
Brayden Matts,2019-11-16,10,Coastal Carolina,@,Arkansas State,L,0,,,1,brayden-matts-1
Zakoby McClain,2019-11-16,10,Auburn,,Georgia,L,0,,,1,zakoby-mcclain-1
Chris Miller,2019-11-16,10,Baylor,,Oklahoma,L,0,,,1,chris-miller-11
James Miller,2019-11-16,10,Indiana,@,Penn State,L,0,,,1,james-miller-1
Mark Milton,2019-11-16,10,Baylor,,Oklahoma,L,0,,,1,mark-milton-1
Andre Mintze,2019-11-16,10,Vanderbilt,,Kentucky,L,0,,,1,andre-mintze-1
Paul Moala,2019-11-16,10,Notre Dame,,Navy,W,1,,1,1,paul-moala-1
Monty Montgomery,2019-11-16,10,Louisville,@,North Carolina State,W,0,,,1,monty-montgomery-2
David Morris,2019-11-16,10,Oregon State,,Arizona State,W,0,,,1,david-morris-4
Parnell Motley,2019-11-16,10,Oklahoma,@,Baylor,W,0,,,1,parnell-motley-1
Otito Ogbonnia,2019-11-16,10,UCLA,@,Utah,L,0,,,1,otito-ogbonnia-1
Micah Parsons,2019-11-16,10,Penn State,,Indiana,W,0,,,1,micah-parsons-1
Caeveon Patton,2019-11-16,10,Texas State,,Troy,L,0,,,1,caeveon-patton-1
John Penisini,2019-11-16,10,Utah,,UCLA,W,0,,,1,john-penisini-1
Thomas Pickens,2019-11-16,10,Memphis,@,Houston,W,0,,,1,thomas-pickens-1
Quincy Roche,2019-11-16,10,Temple,,Tulane,W,1,,,1,quincy-roche-1
Isaiah Rodgers,2019-11-16,11,Massachusetts,@,Northwestern,L,0,,,1,isaiah-rodgers-1
Chapelle Russell,2019-11-16,10,Temple,,Tulane,W,0,,,1,chapelle-russell-1
Landon Salyers,2019-11-16,11,Army,,Virginia Military Institute,W,1,,,1,landon-salyers-1
Jahmal Sam,2019-11-16,10,Texas-San Antonio,,Southern Mississippi,L,0,,,1,jahmal-sam-1
Simon Sandberg,2019-11-16,10,Oregon State,,Arizona State,W,0,,,1,simon-sandberg-1
Vernon Scott,2019-11-16,10,Texas Christian,@,Texas Tech,W,0,,,1,vernon-scott-1
Darius Slade,2019-11-16,10,South Florida,,Cincinnati,L,0,,,1,darius-slade-1
Craig Slocum,2019-11-16,10,Troy,@,Texas State,W,0,,,1,craig-slocum-1
Demarrio Smith,2019-11-16,10,Southern Mississippi,@,Texas-San Antonio,W,0,,,1,demarrio-smith-1
Keidron Smith,2019-11-16,11,Mississippi,,Louisiana State,L,0,,,1,keidron-smith-1
DeAndre Square,2019-11-16,10,Kentucky,@,Vanderbilt,W,0,,,1,deandre-square-1
Kerry Starks,2019-11-16,10,Louisiana-Monroe,@,Georgia Southern,L,0,,,1,kerry-starks-1
Darius Stills,2019-11-16,10,West Virginia,@,Kansas State,W,0,,,1,darius-stills-1
Shaun Wade,2019-11-16,10,Ohio State,@,Rutgers,W,0,,,1,shaun-wade-1
Jacob White,2019-11-16,10,Ball State,,Central Michigan,L,0,,,1,jacob-white-1
Roe Wilkins,2019-11-16,10,Arizona State,@,Oregon State,L,0,,,1,roe-wilkins-1
Kenny Willekes,2019-11-16,10,Michigan State,@,Michigan,L,0,,,1,kenny-willekes-1
Davion Williams,2019-11-16,10,Michigan State,@,Michigan,L,0,,,1,davion-williams-1
Tyler Williams,2019-11-16,10,Mississippi State,,Alabama,L,0,,,1,tyler-williams-7
Marquis Wilson,2019-11-16,10,Penn State,,Indiana,W,1,,,1,marquis-wilson-2
Billy Wooden,2019-11-16,11,Massachusetts,@,Northwestern,L,0,,,1,billy-wooden-1
Russ Yeast,2019-11-16,10,Louisville,@,North Carolina State,W,0,,,2,russ-yeast-1
