Player,Pos,Age,Date,LG,Team,Loc,Opponent,WL,G,Week,Day,XP Made,XP Att,XP %,FG Made,FG Att,FG %,2PM,Sfty,TD,Pts,unique_id
Stephen Gostkowski,K,33.222,2017-09-07,NFL,NWE,,KAN,L 27-42,1,1,Thu,3,3,100.0,2,2,100.0,,,0,9,GostSt20
Dan Bailey,K,29.227,2017-09-10,NFL,DAL,,NYG,W 19-3,1,1,Sun,1,1,100.0,4,4,100.0,,,0,13,BailDa00
Connor Barth,K,31.152,2017-09-10,NFL,CHI,,ATL,L 17-23,1,1,Sun,2,2,100.0,1,1,100.0,,,0,5,barthco01
Matt Bryant,K,42.104,2017-09-10,NFL,ATL,@,CHI,W 23-17,1,1,Sun,2,2,100.0,3,3,100.0,,,0,11,bryanmat01
Chandler Catanzaro,K,26.196,2017-09-10,NFL,NYJ,@,BUF,L 12-21,1,1,Sun,,,,2,2,100.0,,,0,6,CataCh00
Mason Crosby,K,33.007,2017-09-10,NFL,GNB,,SEA,W 17-9,1,1,Sun,2,2,100.0,1,1,100.0,,,0,5,CrosMa20
Phil Dawson,K,42.230,2017-09-10,NFL,ARI,@,DET,L 23-35,1,1,Sun,2,2,100.0,1,2,50.0,,,0,5,dawsophi01
Graham Gano,K,30.154,2017-09-10,NFL,CAR,@,SFO,W 23-3,1,1,Sun,2,2,100.0,3,3,100.0,,,0,11,GanoGr44
Zane Gonzalez,K,22.126,2017-09-10,NFL,CLE,,PIT,L 18-21,1,1,Sun,1,1,100.0,1,1,100.0,,,0,4,GonzZa00
Robbie Gould,K,34.278,2017-09-10,NFL,SFO,,CAR,L 3-23,1,1,Sun,,,,1,1,100.0,,,0,3,gouldrob01
Stephen Hauschka,K,32.073,2017-09-10,NFL,BUF,,NYJ,W 21-12,1,1,Sun,3,3,100.0,,1,0.0,,,0,3,HausSt00
Dustin Hopkins,K,26.344,2017-09-10,NFL,WAS,,PHI,L 17-30,1,1,Sun,2,2,100.0,1,1,100.0,,,0,5,HopkDu00
Jason Myers,K,26.121,2017-09-10,NFL,JAX,@,HOU,W 29-7,1,1,Sun,2,3,66.7,3,4,75.0,,,0,11,MyerJa00
Matt Prater,K,33.031,2017-09-10,NFL,DET,,ARI,W 35-23,1,1,Sun,2,2,100.0,1,1,100.0,,,0,5,PratMa20
Aldrick Rosas,K,22.254,2017-09-10,NFL,NYG,@,DAL,L 3-19,1,1,Sun,,,,1,1,100.0,,,0,3,RosaAl00
Caleb Sturgis,K,28.032,2017-09-10,NFL,PHI,@,WAS,W 30-17,1,1,Sun,1,2,50.0,3,3,100.0,,,0,10,SturCa00
Ryan Succop,K,30.356,2017-09-10,NFL,TEN,,OAK,L 16-26,1,1,Sun,1,1,100.0,3,4,75.0,,,0,10,SuccRy44
Giorgio Tavecchio,K,27.056,2017-09-10,NFL,OAK,@,TEN,W 26-16,1,1,Sun,2,2,100.0,4,4,100.0,,,0,14,TaveGi00
Justin Tucker,K,27.293,2017-09-10,NFL,BAL,@,CIN,W 20-0,1,1,Sun,2,2,100.0,2,2,100.0,,,0,8,TuckJu00
Adam Vinatieri,K,44.256,2017-09-10,NFL,IND,@,LAR,L 9-46,1,1,Sun,,1,0.0,1,2,50.0,,,0,3,vinatada01
Blair Walsh,K,27.245,2017-09-10,NFL,SEA,@,GNB,L 9-17,1,1,Sun,,,,3,3,100.0,,,0,9,WalsBl00
Greg Zuerlein,K,29.257,2017-09-10,NFL,LAR,,IND,W 46-9,1,1,Sun,5,5,100.0,3,3,100.0,,,0,14,ZuerGr00
Kai Forbath,K,30.009,2017-09-11,NFL,MIN,,NOR,W 29-19,1,1,Mon,2,3,66.7,3,3,100.0,,,0,11,ForbKa00
Younghoe Koo,K,23.039,2017-09-11,NFL,LAC,@,DEN,L 21-24,1,1,Mon,3,3,100.0,,1,0.0,,,0,3,KooxYo00
Wil Lutz,K,23.066,2017-09-11,NFL,NOR,@,MIN,L 19-29,1,1,Mon,1,1,100.0,4,4,100.0,,,0,13,LutzWi00
Brandon McManus,K,26.048,2017-09-11,NFL,DEN,,LAC,W 24-21,1,1,Mon,3,3,100.0,1,2,50.0,,,0,6,McMaBr01
Randy Bullock,K,27.272,2017-09-14,NFL,CIN,,HOU,L 9-13,2,2,Thu,,,,3,3,100.0,,,0,9,BullRa00
Ka'imi Fairbairn,K,23.228,2017-09-14,NFL,HOU,@,CIN,W 13-9,2,2,Thu,1,1,100.0,2,2,100.0,,,0,7,FairKa01
Dan Bailey,K,29.234,2017-09-17,NFL,DAL,@,DEN,L 17-42,2,2,Sun,2,2,100.0,1,1,100.0,,,0,5,BailDa00
Chris Boswell,K,26.185,2017-09-17,NFL,PIT,,MIN,W 26-9,2,2,Sun,2,2,100.0,4,4,100.0,,,0,14,BoswCh00
Matt Bryant,K,42.111,2017-09-17,NFL,ATL,,GNB,W 34-23,2,2,Sun,4,4,100.0,2,2,100.0,,,0,10,bryanmat01
Chandler Catanzaro,K,26.203,2017-09-17,NFL,NYJ,@,OAK,L 20-45,2,2,Sun,2,2,100.0,2,2,100.0,,,0,8,CataCh00
Mason Crosby,K,33.014,2017-09-17,NFL,GNB,@,ATL,L 23-34,2,2,Sun,2,2,100.0,1,1,100.0,,,0,5,CrosMa20
Phil Dawson,K,42.237,2017-09-17,NFL,ARI,@,IND,W 16-13,2,2,Sun,1,1,100.0,3,4,75.0,,,0,10,dawsophi01
Jake Elliott,K,22.239,2017-09-17,NFL,PHI,@,KAN,L 20-27,2,2,Sun,2,2,100.0,2,3,66.7,,,0,8,ElliJa03
Nick Folk,K,32.316,2017-09-17,NFL,TAM,,CHI,W 29-7,1,2,Sun,2,3,66.7,3,3,100.0,,,0,11,FolkNi20
Kai Forbath,K,30.015,2017-09-17,NFL,MIN,@,PIT,L 9-26,2,2,Sun,,1,0.0,1,1,100.0,,,0,3,ForbKa00
Graham Gano,K,30.161,2017-09-17,NFL,CAR,,BUF,W 9-3,2,2,Sun,,,,3,3,100.0,,,0,9,GanoGr44
Zane Gonzalez,K,22.133,2017-09-17,NFL,CLE,@,BAL,L 10-24,2,2,Sun,1,1,100.0,1,1,100.0,,,0,4,GonzZa00
Stephen Gostkowski,K,33.232,2017-09-17,NFL,NWE,@,NOR,W 36-20,2,2,Sun,3,4,75.0,3,3,100.0,,,0,12,GostSt20
Robbie Gould,K,34.285,2017-09-17,NFL,SFO,@,SEA,L 9-12,2,2,Sun,,,,3,3,100.0,,,0,9,gouldrob01
Stephen Hauschka,K,32.080,2017-09-17,NFL,BUF,@,CAR,L 3-9,2,2,Sun,,,,1,1,100.0,,,0,3,HausSt00
Dustin Hopkins,K,26.351,2017-09-17,NFL,WAS,@,LAR,W 27-20,2,2,Sun,3,3,100.0,2,3,66.7,,,0,9,HopkDu00
Younghoe Koo,K,23.045,2017-09-17,NFL,LAC,,MIA,L 17-19,2,2,Sun,2,2,100.0,1,3,33.3,,,0,5,KooxYo00
Wil Lutz,K,23.072,2017-09-17,NFL,NOR,,NWE,L 20-36,2,2,Sun,2,2,100.0,2,3,66.7,,,0,8,LutzWi00
Brandon McManus,K,26.054,2017-09-17,NFL,DEN,,DAL,W 42-17,2,2,Sun,6,6,100.0,,1,0.0,,,0,6,McMaBr01
Jason Myers,K,26.128,2017-09-17,NFL,JAX,,TEN,L 16-37,2,2,Sun,1,1,100.0,1,1,100.0,,,0,4,MyerJa00
Cody Parkey,K,25.210,2017-09-17,NFL,MIA,@,LAC,W 19-17,1,2,Sun,1,1,100.0,4,4,100.0,,,0,13,ParkCo03
Cairo Santos,K,25.309,2017-09-17,NFL,KAN,,PHI,W 27-20,2,2,Sun,3,3,100.0,2,2,100.0,,,0,9,SantCa01
Ryan Succop,K,30.363,2017-09-17,NFL,TEN,@,JAX,W 37-16,2,2,Sun,4,4,100.0,3,3,100.0,,,0,13,SuccRy44
Giorgio Tavecchio,K,27.063,2017-09-17,NFL,OAK,,NYJ,W 45-20,2,2,Sun,6,6,100.0,1,1,100.0,,,0,9,TaveGi00
Justin Tucker,K,27.300,2017-09-17,NFL,BAL,,CLE,W 24-10,2,2,Sun,3,3,100.0,1,2,50.0,,,0,6,TuckJu00
Adam Vinatieri,K,44.263,2017-09-17,NFL,IND,,ARI,L 13-16,2,2,Sun,1,1,100.0,2,2,100.0,,,0,7,vinatada01
Blair Walsh,K,27.252,2017-09-17,NFL,SEA,,SFO,W 12-9,2,2,Sun,,1,0.0,2,2,100.0,,,0,6,WalsBl00
Greg Zuerlein,K,29.264,2017-09-17,NFL,LAR,,WAS,L 20-27,2,2,Sun,2,2,100.0,2,2,100.0,,,0,8,ZuerGr00
Matt Prater,K,33.039,2017-09-18,NFL,DET,@,NYG,W 24-10,2,2,Mon,3,3,100.0,1,1,100.0,,,0,6,PratMa20
Aldrick Rosas,K,22.262,2017-09-18,NFL,NYG,,DET,L 10-24,2,2,Mon,1,1,100.0,1,1,100.0,,,0,4,RosaAl00
Robbie Gould,K,34.289,2017-09-21,NFL,SFO,,LAR,L 39-41,3,3,Thu,3,4,75.0,2,2,100.0,,,0,9,gouldrob01
Greg Zuerlein,K,29.268,2017-09-21,NFL,LAR,@,SFO,W 41-39,3,3,Thu,5,5,100.0,2,2,100.0,,,0,11,ZuerGr00
Connor Barth,K,31.166,2017-09-24,NFL,CHI,,PIT,W 23-17,3,3,Sun,2,2,100.0,1,2,50.0,,,0,5,barthco01
Chris Boswell,K,26.192,2017-09-24,NFL,PIT,@,CHI,L 17-23,3,3,Sun,2,2,100.0,1,2,50.0,,,0,5,BoswCh00
Matt Bryant,K,42.118,2017-09-24,NFL,ATL,@,DET,W 30-26,3,3,Sun,3,3,100.0,3,3,100.0,,,0,12,bryanmat01
Randy Bullock,K,27.282,2017-09-24,NFL,CIN,@,GNB,L 24-27,3,3,Sun,3,3,100.0,1,2,50.0,,,0,6,BullRa00
Chandler Catanzaro,K,26.210,2017-09-24,NFL,NYJ,,MIA,W 20-6,3,3,Sun,2,2,100.0,2,3,66.7,,,0,8,CataCh00
Mason Crosby,K,33.021,2017-09-24,NFL,GNB,,CIN,W 27-24,3,3,Sun,3,3,100.0,2,2,100.0,,,0,9,CrosMa20
Jake Elliott,K,22.246,2017-09-24,NFL,PHI,,NYG,W 27-24,3,3,Sun,3,3,100.0,2,3,66.7,,,0,9,ElliJa03
Ka'imi Fairbairn,K,23.238,2017-09-24,NFL,HOU,@,NWE,L 33-36,3,3,Sun,3,3,100.0,4,4,100.0,,,0,15,FairKa01
Nick Folk,K,32.323,2017-09-24,NFL,TAM,@,MIN,L 17-34,2,3,Sun,2,2,100.0,1,1,100.0,,,0,5,FolkNi20
Kai Forbath,K,30.022,2017-09-24,NFL,MIN,,TAM,W 34-17,3,3,Sun,4,4,100.0,2,2,100.0,,,0,10,ForbKa00
Graham Gano,K,30.168,2017-09-24,NFL,CAR,,NOR,L 13-34,3,3,Sun,1,1,100.0,2,2,100.0,,,0,7,GanoGr44
Stephen Hauschka,K,32.087,2017-09-24,NFL,BUF,,DEN,W 26-16,3,3,Sun,2,2,100.0,4,4,100.0,,,0,14,HausSt00
Dustin Hopkins,K,26.358,2017-09-24,NFL,WAS,,OAK,W 27-10,3,3,Sun,3,3,100.0,2,3,66.7,,,0,9,HopkDu00
Younghoe Koo,K,23.052,2017-09-24,NFL,LAC,,KAN,L 10-24,3,3,Sun,1,1,100.0,1,1,100.0,,,0,4,KooxYo00
Wil Lutz,K,23.079,2017-09-24,NFL,NOR,@,CAR,W 34-13,3,3,Sun,4,4,100.0,2,3,66.7,,,0,10,LutzWi00
Brandon McManus,K,26.061,2017-09-24,NFL,DEN,@,BUF,L 16-26,3,3,Sun,1,1,100.0,3,3,100.0,,,0,10,McMaBr01
Jason Myers,K,26.135,2017-09-24,NFL,JAX,,BAL,W 44-7,3,3,Sun,5,5,100.0,3,3,100.0,,,0,14,MyerJa00
Matt Prater,K,33.045,2017-09-24,NFL,DET,,ATL,L 26-30,3,3,Sun,2,2,100.0,4,4,100.0,,,0,14,PratMa20
Aldrick Rosas,K,22.268,2017-09-24,NFL,NYG,@,PHI,L 24-27,3,3,Sun,3,3,100.0,1,1,100.0,,,0,6,RosaAl00
Cairo Santos,K,25.316,2017-09-24,NFL,KAN,@,LAC,W 24-10,3,3,Sun,3,3,100.0,1,1,100.0,,,0,6,SantCa01
Ryan Succop,K,31.005,2017-09-24,NFL,TEN,,SEA,W 33-27,3,3,Sun,3,3,100.0,4,4,100.0,,,0,15,SuccRy44
Giorgio Tavecchio,K,27.070,2017-09-24,NFL,OAK,@,WAS,L 10-27,3,3,Sun,1,1,100.0,1,1,100.0,,,0,4,TaveGi00
Adam Vinatieri,K,44.270,2017-09-24,NFL,IND,,CLE,W 31-28,3,3,Sun,4,4,100.0,1,1,100.0,,,0,7,vinatada01
Phil Dawson,K,42.245,2017-09-25,NFL,ARI,,DAL,L 17-28,3,3,Mon,2,2,100.0,1,2,50.0,,,0,5,dawsophi01
Connor Barth,K,31.170,2017-09-28,NFL,CHI,@,GNB,L 14-35,4,4,Thu,2,2,100.0,,1,0.0,,,0,2,barthco01
Dan Bailey,K,29.248,2017-10-01,NFL,DAL,,LAR,L 30-35,4,4,Sun,3,3,100.0,1,1,100.0,,,0,6,BailDa00
Chris Boswell,K,26.199,2017-10-01,NFL,PIT,@,BAL,W 26-9,4,4,Sun,2,2,100.0,2,3,66.7,,,0,8,BoswCh00
Matt Bryant,K,42.125,2017-10-01,NFL,ATL,,BUF,L 17-23,4,4,Sun,2,2,100.0,1,1,100.0,,,0,5,bryanmat01
Randy Bullock,K,27.289,2017-10-01,NFL,CIN,@,CLE,W 31-7,4,4,Sun,4,4,100.0,1,1,100.0,,,0,7,BullRa00
Chandler Catanzaro,K,26.217,2017-10-01,NFL,NYJ,,JAX,W 23-20,4,4,Sun,2,2,100.0,3,4,75.0,,,0,11,CataCh00
Phil Dawson,K,42.251,2017-10-01,NFL,ARI,,SFO,W 18-15,4,4,Sun,,,,4,4,100.0,,,0,12,dawsophi01
Jake Elliott,K,22.253,2017-10-01,NFL,PHI,@,LAC,W 26-24,4,4,Sun,2,2,100.0,4,4,100.0,,,0,14,ElliJa03
Ka'imi Fairbairn,K,23.245,2017-10-01,NFL,HOU,,TEN,W 57-14,4,4,Sun,6,7,85.7,3,3,100.0,,,0,15,FairKa01
Nick Folk,K,32.330,2017-10-01,NFL,TAM,,NYG,W 25-23,3,4,Sun,1,2,50.0,2,4,50.0,,,0,7,FolkNi20
Kai Forbath,K,30.029,2017-10-01,NFL,MIN,,DET,L 7-14,4,4,Sun,1,1,100.0,,1,0.0,,,0,1,ForbKa00
Graham Gano,K,30.175,2017-10-01,NFL,CAR,@,NWE,W 33-30,4,4,Sun,3,4,75.0,2,2,100.0,,,0,9,GanoGr44
Zane Gonzalez,K,22.147,2017-10-01,NFL,CLE,,CIN,L 7-31,4,4,Sun,1,1,100.0,,1,0.0,,,0,1,GonzZa00
Stephen Gostkowski,K,33.246,2017-10-01,NFL,NWE,,CAR,L 30-33,4,4,Sun,3,3,100.0,3,3,100.0,,,0,12,GostSt20
Robbie Gould,K,34.299,2017-10-01,NFL,SFO,@,ARI,L 15-18,4,4,Sun,,,,5,5,100.0,,,0,15,gouldrob01
Stephen Hauschka,K,32.094,2017-10-01,NFL,BUF,@,ATL,W 23-17,4,4,Sun,2,2,100.0,3,3,100.0,,,0,11,HausSt00
Younghoe Koo,K,23.059,2017-10-01,NFL,LAC,,PHI,L 24-26,4,4,Sun,3,3,100.0,1,1,100.0,,,0,6,KooxYo00
Wil Lutz,K,23.086,2017-10-01,NFL,NOR,@,MIA,W 20-0,4,4,Sun,2,2,100.0,2,3,66.7,,,0,8,LutzWi00
Brandon McManus,K,26.068,2017-10-01,NFL,DEN,,OAK,W 16-10,4,4,Sun,1,1,100.0,3,4,75.0,,,0,10,McMaBr01
Jason Myers,K,26.142,2017-10-01,NFL,JAX,@,NYJ,L 20-23,4,4,Sun,2,2,100.0,2,3,66.7,,,0,8,MyerJa00
Matt Prater,K,33.052,2017-10-01,NFL,DET,@,MIN,W 14-7,4,4,Sun,,,,2,3,66.7,,,0,6,PratMa20
Aldrick Rosas,K,22.275,2017-10-01,NFL,NYG,@,TAM,L 23-25,4,4,Sun,2,2,100.0,1,2,50.0,,,0,5,RosaAl00
Giorgio Tavecchio,K,27.077,2017-10-01,NFL,OAK,@,DEN,L 10-16,4,4,Sun,1,1,100.0,1,1,100.0,,,0,4,TaveGi00
Justin Tucker,K,27.314,2017-10-01,NFL,BAL,,PIT,L 9-26,4,4,Sun,,,,1,2,50.0,,,0,3,TuckJu00
Adam Vinatieri,K,44.277,2017-10-01,NFL,IND,@,SEA,L 18-46,4,4,Sun,1,1,100.0,1,1,100.0,,,0,4,vinatada01
Blair Walsh,K,27.266,2017-10-01,NFL,SEA,,IND,W 46-18,4,4,Sun,5,5,100.0,1,2,50.0,,,0,8,WalsBl00
Greg Zuerlein,K,29.278,2017-10-01,NFL,LAR,@,DAL,W 35-30,4,4,Sun,2,2,100.0,7,7,100.0,,,0,23,ZuerGr00
Harrison Butker,K,22.080,2017-10-02,NFL,KAN,,WAS,W 29-20,4,4,Mon,2,2,100.0,3,4,75.0,,,0,11,ButkHa00
Dustin Hopkins,K,27.001,2017-10-02,NFL,WAS,@,KAN,L 20-29,4,4,Mon,2,2,100.0,2,2,100.0,,,0,8,HopkDu00
Nick Folk,K,32.334,2017-10-05,NFL,TAM,,NWE,L 14-19,4,5,Thu,2,2,100.0,,3,0.0,,,0,2,FolkNi20
Stephen Gostkowski,K,33.250,2017-10-05,NFL,NWE,@,TAM,W 19-14,5,5,Thu,1,1,100.0,4,4,100.0,,,0,13,GostSt20
Dan Bailey,K,29.255,2017-10-08,NFL,DAL,,GNB,L 31-35,5,5,Sun,4,4,100.0,1,1,100.0,,,0,7,BailDa00
Chris Boswell,K,26.206,2017-10-08,NFL,PIT,,JAX,L 9-30,5,5,Sun,,,,3,3,100.0,,,0,9,BoswCh00
Randy Bullock,K,27.296,2017-10-08,NFL,CIN,,BUF,W 20-16,5,5,Sun,2,2,100.0,2,2,100.0,,,0,8,BullRa00
Harrison Butker,K,22.086,2017-10-08,NFL,KAN,@,HOU,W 42-34,5,5,Sun,3,3,100.0,5,5,100.0,,,0,18,ButkHa00
Chandler Catanzaro,K,26.224,2017-10-08,NFL,NYJ,@,CLE,W 17-14,5,5,Sun,2,2,100.0,1,1,100.0,,,0,5,CataCh00
Mason Crosby,K,33.035,2017-10-08,NFL,GNB,@,DAL,W 35-31,5,5,Sun,2,4,50.0,1,1,100.0,,,0,5,CrosMa20
Phil Dawson,K,42.258,2017-10-08,NFL,ARI,@,PHI,L 7-34,5,5,Sun,1,1,100.0,,1,0.0,,,0,1,dawsophi01
Jake Elliott,K,22.260,2017-10-08,NFL,PHI,,ARI,W 34-7,5,5,Sun,4,4,100.0,2,2,100.0,,,0,10,ElliJa03
Graham Gano,K,30.182,2017-10-08,NFL,CAR,@,DET,W 27-24,5,5,Sun,3,3,100.0,2,3,66.7,,,0,9,GanoGr44
Zane Gonzalez,K,22.154,2017-10-08,NFL,CLE,,NYJ,L 14-17,5,5,Sun,2,2,100.0,,2,0.0,,,0,2,GonzZa00
Robbie Gould,K,34.306,2017-10-08,NFL,SFO,@,IND,L 23-26,5,5,Sun,2,2,100.0,3,3,100.0,,,0,11,gouldrob01
Stephen Hauschka,K,32.101,2017-10-08,NFL,BUF,@,CIN,L 16-20,5,5,Sun,1,1,100.0,3,3,100.0,,,0,10,HausSt00
Jason Myers,K,26.149,2017-10-08,NFL,JAX,@,PIT,W 30-9,5,5,Sun,3,4,75.0,1,1,100.0,,,0,6,MyerJa00
Nick Novak,K,36.048,2017-10-08,NFL,LAC,@,NYG,W 27-22,5,5,Sun,3,3,100.0,2,2,100.0,,,0,9,novaknic01
Cody Parkey,K,25.231,2017-10-08,NFL,MIA,,TEN,W 16-10,4,5,Sun,1,2,50.0,1,1,100.0,,,0,4,ParkCo03
Matt Prater,K,33.059,2017-10-08,NFL,DET,,CAR,L 24-27,5,5,Sun,3,3,100.0,1,1,100.0,,,0,6,PratMa20
Ryan Succop,K,31.019,2017-10-08,NFL,TEN,@,MIA,L 10-16,5,5,Sun,1,1,100.0,1,1,100.0,,,0,4,SuccRy44
Giorgio Tavecchio,K,27.084,2017-10-08,NFL,OAK,,BAL,L 17-30,5,5,Sun,2,2,100.0,1,1,100.0,,,0,5,TaveGi00
Justin Tucker,K,27.321,2017-10-08,NFL,BAL,@,OAK,W 30-17,5,5,Sun,3,3,100.0,3,3,100.0,,,0,12,TuckJu00
Adam Vinatieri,K,44.284,2017-10-08,NFL,IND,,SFO,W 26-23,5,5,Sun,2,2,100.0,4,4,100.0,,,0,14,vinatada01
Blair Walsh,K,27.273,2017-10-08,NFL,SEA,@,LAR,W 16-10,5,5,Sun,1,1,100.0,3,3,100.0,,,0,10,WalsBl00
Greg Zuerlein,K,29.285,2017-10-08,NFL,LAR,,SEA,L 10-16,5,5,Sun,1,1,100.0,1,2,50.0,,,0,4,ZuerGr00
Kai Forbath,K,30.037,2017-10-09,NFL,MIN,@,CHI,W 20-17,5,5,Mon,2,2,100.0,2,2,100.0,,,0,8,ForbKa00
Jake Elliott,K,22.264,2017-10-12,NFL,PHI,@,CAR,W 28-23,6,6,Thu,2,2,100.0,2,2,100.0,,,0,8,ElliJa03
Graham Gano,K,30.186,2017-10-12,NFL,CAR,,PHI,L 23-28,6,6,Thu,2,2,100.0,3,3,100.0,,,0,11,GanoGr44
Connor Barth,K,31.187,2017-10-15,NFL,CHI,@,BAL,W 27-24,6,6,Sun,3,3,100.0,2,2,100.0,,,0,9,barthco01
Chris Boswell,K,26.213,2017-10-15,NFL,PIT,@,KAN,W 19-13,6,6,Sun,2,2,100.0,1,1,100.0,,,0,5,BoswCh00
Matt Bryant,K,42.139,2017-10-15,NFL,ATL,,MIA,L 17-20,5,6,Sun,2,2,100.0,1,2,50.0,,,0,5,bryanmat01
Harrison Butker,K,22.093,2017-10-15,NFL,KAN,,PIT,L 13-19,6,6,Sun,1,1,100.0,2,2,100.0,,,0,7,ButkHa00
Chandler Catanzaro,K,26.231,2017-10-15,NFL,NYJ,,NWE,L 17-24,6,6,Sun,2,2,100.0,1,1,100.0,,,0,5,CataCh00
Mason Crosby,K,33.042,2017-10-15,NFL,GNB,@,MIN,L 10-23,6,6,Sun,1,1,100.0,1,1,100.0,,,0,4,CrosMa20
Phil Dawson,K,42.265,2017-10-15,NFL,ARI,,TAM,W 38-33,6,6,Sun,5,5,100.0,1,1,100.0,,,0,8,dawsophi01
Ka'imi Fairbairn,K,23.259,2017-10-15,NFL,HOU,,CLE,W 33-17,6,6,Sun,2,3,66.7,1,1,100.0,,,0,5,FairKa01
Kai Forbath,K,30.043,2017-10-15,NFL,MIN,,GNB,W 23-10,6,6,Sun,2,2,100.0,3,3,100.0,,,0,11,ForbKa00
Zane Gonzalez,K,22.161,2017-10-15,NFL,CLE,@,HOU,L 17-33,6,6,Sun,2,2,100.0,1,1,100.0,,,0,5,GonzZa00
Stephen Gostkowski,K,33.260,2017-10-15,NFL,NWE,@,NYJ,W 24-17,6,6,Sun,3,3,100.0,1,2,50.0,,,0,6,GostSt20
Robbie Gould,K,34.313,2017-10-15,NFL,SFO,@,WAS,L 24-26,6,6,Sun,3,3,100.0,1,2,50.0,,,0,6,gouldrob01
Dustin Hopkins,K,27.014,2017-10-15,NFL,WAS,,SFO,W 26-24,5,6,Sun,2,3,66.7,2,2,100.0,,,0,8,HopkDu00
Wil Lutz,K,23.100,2017-10-15,NFL,NOR,,DET,W 52-38,5,6,Sun,7,7,100.0,1,1,100.0,,,0,10,LutzWi00
Brandon McManus,K,26.082,2017-10-15,NFL,DEN,,NYG,L 10-23,5,6,Sun,1,1,100.0,1,3,33.3,,,0,4,McMaBr01
Jason Myers,K,26.156,2017-10-15,NFL,JAX,,LAR,L 17-27,6,6,Sun,2,2,100.0,1,3,33.3,,,0,5,MyerJa00
Nick Novak,K,36.055,2017-10-15,NFL,LAC,@,OAK,W 17-16,6,6,Sun,2,2,100.0,1,2,50.0,,,0,5,novaknic01
Cody Parkey,K,25.238,2017-10-15,NFL,MIA,@,ATL,W 20-17,5,6,Sun,2,2,100.0,2,2,100.0,,,0,8,ParkCo03
Matt Prater,K,33.066,2017-10-15,NFL,DET,@,NOR,L 38-52,6,6,Sun,5,5,100.0,1,2,50.0,,,0,8,PratMa20
Aldrick Rosas,K,22.289,2017-10-15,NFL,NYG,@,DEN,W 23-10,6,6,Sun,2,2,100.0,3,4,75.0,,,0,11,RosaAl00
Giorgio Tavecchio,K,27.091,2017-10-15,NFL,OAK,,LAC,L 16-17,6,6,Sun,1,2,50.0,1,1,100.0,,,0,4,TaveGi00
Justin Tucker,K,27.328,2017-10-15,NFL,BAL,,CHI,L 24-27,6,6,Sun,1,1,100.0,3,3,100.0,,,0,10,TuckJu00
Greg Zuerlein,K,29.292,2017-10-15,NFL,LAR,@,JAX,W 27-17,6,6,Sun,3,3,100.0,2,2,100.0,,,0,9,ZuerGr00
Ryan Succop,K,31.027,2017-10-16,NFL,TEN,,IND,W 36-22,6,6,Mon,3,3,100.0,5,5,100.0,,,0,18,SuccRy44
Adam Vinatieri,K,44.292,2017-10-16,NFL,IND,@,TEN,L 22-36,6,6,Mon,1,2,50.0,3,3,100.0,,,0,10,vinatada01
Harrison Butker,K,22.097,2017-10-19,NFL,KAN,@,OAK,L 30-31,7,7,Thu,3,3,100.0,3,3,100.0,,,0,12,ButkHa00
Giorgio Tavecchio,K,27.095,2017-10-19,NFL,OAK,,KAN,W 31-30,7,7,Thu,4,4,100.0,1,3,33.3,,,0,7,TaveGi00
Connor Barth,K,31.194,2017-10-22,NFL,CHI,,CAR,W 17-3,7,7,Sun,2,2,100.0,1,2,50.0,,,0,5,barthco01
Chris Boswell,K,26.220,2017-10-22,NFL,PIT,,CIN,W 29-14,7,7,Sun,2,2,100.0,5,5,100.0,,,0,17,BoswCh00
Matt Bryant,K,42.146,2017-10-22,NFL,ATL,@,NWE,L 7-23,6,7,Sun,1,1,100.0,,2,0.0,,,0,1,bryanmat01
Mason Crosby,K,33.049,2017-10-22,NFL,GNB,,NOR,L 17-26,7,7,Sun,2,2,100.0,1,2,50.0,,,0,5,CrosMa20
Phil Dawson,K,42.272,2017-10-22,NFL,ARI,@,LAR,L 0-33,7,7,Sun,,,,,1,0.0,,,0,0,dawsophi01
Kai Forbath,K,30.050,2017-10-22,NFL,MIN,,BAL,W 24-16,7,7,Sun,,1,0.0,6,6,100.0,,,0,18,ForbKa00
Graham Gano,K,30.196,2017-10-22,NFL,CAR,@,CHI,L 3-17,7,7,Sun,,,,1,1,100.0,,,0,3,GanoGr44
Zane Gonzalez,K,22.168,2017-10-22,NFL,CLE,,TEN,L 9-12,7,7,Sun,,,,3,3,100.0,,,0,9,GonzZa00
Stephen Gostkowski,K,33.267,2017-10-22,NFL,NWE,,ATL,W 23-7,7,7,Sun,2,2,100.0,3,3,100.0,,,0,11,GostSt20
Robbie Gould,K,34.320,2017-10-22,NFL,SFO,,DAL,L 10-40,7,7,Sun,1,1,100.0,1,1,100.0,,,0,4,gouldrob01
Stephen Hauschka,K,32.115,2017-10-22,NFL,BUF,,TAM,W 30-27,6,7,Sun,3,3,100.0,3,4,75.0,,,0,12,HausSt00
Josh Lambo,K,26.337,2017-10-22,NFL,JAX,@,IND,W 27-0,7,7,Sun,3,3,100.0,2,2,100.0,,,0,9,LambJo00
Wil Lutz,K,23.107,2017-10-22,NFL,NOR,@,GNB,W 26-17,6,7,Sun,2,3,66.7,2,2,100.0,,,0,8,LutzWi00
Patrick Murray,K,26.122,2017-10-22,NFL,TAM,@,BUF,L 27-30,6,7,Sun,3,3,100.0,2,2,100.0,,,0,9,MurrPa01
Cody Parkey,K,25.245,2017-10-22,NFL,MIA,,NYJ,W 31-28,6,7,Sun,4,4,100.0,1,1,100.0,,,0,7,ParkCo03
Aldrick Rosas,K,22.296,2017-10-22,NFL,NYG,,SEA,L 7-24,7,7,Sun,1,1,100.0,,1,0.0,,,0,1,RosaAl00
Ryan Succop,K,31.033,2017-10-22,NFL,TEN,@,CLE,W 12-9,7,7,Sun,,,,4,5,80.0,,,0,12,SuccRy44
Justin Tucker,K,27.335,2017-10-22,NFL,BAL,@,MIN,L 16-24,7,7,Sun,1,1,100.0,3,3,100.0,,,0,10,TuckJu00
Blair Walsh,K,27.287,2017-10-22,NFL,SEA,@,NYG,W 24-7,6,7,Sun,3,3,100.0,1,1,100.0,,,0,6,WalsBl00
Greg Zuerlein,K,29.299,2017-10-22,NFL,LAR,,ARI,W 33-0,7,7,Sun,3,3,100.0,4,4,100.0,,,0,15,ZuerGr00
Jake Elliott,K,22.275,2017-10-23,NFL,PHI,,WAS,W 34-24,7,7,Mon,4,4,100.0,2,3,66.7,,,0,10,ElliJa03
Nick Rose,K,23.171,2017-10-23,NFL,WAS,@,PHI,L 24-34,6,7,Mon,3,3,100.0,1,1,100.0,,,0,6,RoseNi00
Cody Parkey,K,25.249,2017-10-26,NFL,MIA,@,BAL,L 0-40,7,8,Thu,,,,,1,0.0,,,0,0,ParkCo03
Justin Tucker,K,27.339,2017-10-26,NFL,BAL,,MIA,W 40-0,8,8,Thu,4,4,100.0,2,3,66.7,,,0,10,TuckJu00
Connor Barth,K,31.201,2017-10-29,NFL,CHI,@,NOR,L 12-20,8,8,Sun,,,,2,3,66.7,,,0,6,barthco01
Chris Boswell,K,26.227,2017-10-29,NFL,PIT,@,DET,W 20-15,8,8,Sun,2,2,100.0,2,2,100.0,,,0,8,BoswCh00
Matt Bryant,K,42.153,2017-10-29,NFL,ATL,@,NYJ,W 25-20,7,8,Sun,1,1,100.0,4,4,100.0,,,0,13,bryanmat01
Randy Bullock,K,27.317,2017-10-29,NFL,CIN,,IND,W 24-23,7,8,Sun,3,3,100.0,1,2,50.0,,,0,6,BullRa00
Chandler Catanzaro,K,26.245,2017-10-29,NFL,NYJ,,ATL,L 20-25,8,8,Sun,2,2,100.0,2,4,50.0,,,0,8,CataCh00
Jake Elliott,K,22.281,2017-10-29,NFL,PHI,,SFO,W 33-10,8,8,Sun,1,3,33.3,2,2,100.0,,,0,7,ElliJa03
Ka'imi Fairbairn,K,23.273,2017-10-29,NFL,HOU,@,SEA,L 38-41,7,8,Sun,5,5,100.0,1,1,100.0,,,0,8,FairKa01
Kai Forbath,K,30.057,2017-10-29,NFL,MIN,@,CLE,W 33-16,8,8,Sun,1,2,50.0,4,4,100.0,,,0,13,ForbKa00
Graham Gano,K,30.203,2017-10-29,NFL,CAR,@,TAM,W 17-3,8,8,Sun,2,2,100.0,1,1,100.0,,,0,5,GanoGr44
Zane Gonzalez,K,22.175,2017-10-29,NFL,CLE,,MIN,L 16-33,8,8,Sun,1,2,50.0,1,2,50.0,,,0,4,GonzZa00
Stephen Gostkowski,K,33.274,2017-10-29,NFL,NWE,,LAC,W 21-13,8,8,Sun,1,1,100.0,4,6,66.7,,,0,13,GostSt20
Robbie Gould,K,34.327,2017-10-29,NFL,SFO,@,PHI,L 10-33,8,8,Sun,1,1,100.0,1,2,50.0,,,0,4,gouldrob01
Stephen Hauschka,K,32.122,2017-10-29,NFL,BUF,,OAK,W 34-14,7,8,Sun,4,4,100.0,2,2,100.0,,,0,10,HausSt00
Wil Lutz,K,23.114,2017-10-29,NFL,NOR,,CHI,W 20-12,7,8,Sun,2,2,100.0,2,2,100.0,,,0,8,LutzWi00
Patrick Murray,K,26.129,2017-10-29,NFL,TAM,,CAR,L 3-17,7,8,Sun,,,,1,1,100.0,,,0,3,MurrPa01
Nick Novak,K,36.069,2017-10-29,NFL,LAC,@,NWE,L 13-21,8,8,Sun,1,1,100.0,,1,0.0,,,0,1,novaknic01
Mike Nugent,K,35.241,2017-10-29,NFL,DAL,@,WAS,W 33-19,7,8,Sun,3,3,100.0,4,5,80.0,,,0,15,nugenmik01
Matt Prater,K,33.080,2017-10-29,NFL,DET,,PIT,L 15-20,7,8,Sun,,,,5,5,100.0,,,0,15,PratMa20
Nick Rose,K,23.177,2017-10-29,NFL,WAS,,DAL,L 19-33,7,8,Sun,1,2,50.0,2,3,66.7,,,0,7,RoseNi00
Adam Vinatieri,K,44.305,2017-10-29,NFL,IND,@,CIN,L 23-24,8,8,Sun,2,2,100.0,3,3,100.0,,,0,11,vinatada01
Blair Walsh,K,27.294,2017-10-29,NFL,SEA,,HOU,W 41-38,7,8,Sun,5,5,100.0,2,2,100.0,,,0,11,WalsBl00
Harrison Butker,K,22.108,2017-10-30,NFL,KAN,,DEN,W 29-19,8,8,Mon,2,2,100.0,5,5,100.0,,,0,17,ButkHa00
Brandon McManus,K,26.097,2017-10-30,NFL,DEN,@,KAN,L 19-29,7,8,Mon,1,1,100.0,2,2,100.0,,,0,7,McMaBr01
Chandler Catanzaro,K,26.249,2017-11-02,NFL,NYJ,,BUF,W 34-21,9,9,Thu,4,4,100.0,2,2,100.0,,,0,10,CataCh00
Matt Bryant,K,42.160,2017-11-05,NFL,ATL,@,CAR,L 17-20,8,9,Sun,2,2,100.0,1,1,100.0,,,0,5,bryanmat01
Harrison Butker,K,22.114,2017-11-05,NFL,KAN,@,DAL,L 17-28,9,9,Sun,2,2,100.0,1,1,100.0,,,0,5,ButkHa00
Phil Dawson,K,42.286,2017-11-05,NFL,ARI,@,SFO,W 20-10,8,9,Sun,2,2,100.0,2,3,66.7,,,0,8,dawsophi01
Jake Elliott,K,22.288,2017-11-05,NFL,PHI,,DEN,W 51-23,9,9,Sun,6,7,85.7,1,1,100.0,,,0,9,ElliJa03
Ka'imi Fairbairn,K,23.280,2017-11-05,NFL,HOU,,IND,L 14-20,8,9,Sun,2,2,100.0,,1,0.0,,,0,2,FairKa01
Graham Gano,K,30.210,2017-11-05,NFL,CAR,,ATL,W 20-17,9,9,Sun,2,2,100.0,2,2,100.0,,,0,8,GanoGr44
Robbie Gould,K,34.334,2017-11-05,NFL,SFO,,ARI,L 10-20,9,9,Sun,1,1,100.0,1,1,100.0,,,0,4,gouldrob01
Josh Lambo,K,26.351,2017-11-05,NFL,JAX,,CIN,W 23-7,8,9,Sun,2,2,100.0,3,3,100.0,,,0,11,LambJo00
Wil Lutz,K,23.121,2017-11-05,NFL,NOR,,TAM,W 30-10,8,9,Sun,3,4,75.0,1,2,50.0,,,0,6,LutzWi00
Brandon McManus,K,26.103,2017-11-05,NFL,DEN,@,PHI,L 23-51,8,9,Sun,2,2,100.0,3,3,100.0,,,0,11,McMaBr01
Patrick Murray,K,26.136,2017-11-05,NFL,TAM,@,NOR,L 10-30,8,9,Sun,1,1,100.0,1,2,50.0,,,0,4,MurrPa01
Cody Parkey,K,25.259,2017-11-05,NFL,MIA,,OAK,L 24-27,8,9,Sun,1,2,50.0,1,1,100.0,,,0,4,ParkCo03
Aldrick Rosas,K,22.310,2017-11-05,NFL,NYG,,LAR,L 17-51,8,9,Sun,2,2,100.0,1,2,50.0,,,0,5,RosaAl00
Nick Rose,K,23.184,2017-11-05,NFL,WAS,@,SEA,W 17-14,8,9,Sun,2,2,100.0,1,1,100.0,,,0,5,RoseNi00
Ryan Succop,K,31.047,2017-11-05,NFL,TEN,,BAL,W 23-20,8,9,Sun,2,3,66.7,1,1,100.0,,,0,5,SuccRy44
Giorgio Tavecchio,K,27.112,2017-11-05,NFL,OAK,@,MIA,W 27-24,9,9,Sun,3,3,100.0,2,2,100.0,,,0,9,TaveGi00
Justin Tucker,K,27.349,2017-11-05,NFL,BAL,@,TEN,L 20-23,9,9,Sun,2,2,100.0,2,2,100.0,,,0,8,TuckJu00
Adam Vinatieri,K,44.312,2017-11-05,NFL,IND,@,HOU,W 20-14,9,9,Sun,2,2,100.0,2,2,100.0,,,0,8,vinatada01
Blair Walsh,K,27.301,2017-11-05,NFL,SEA,,WAS,L 14-17,8,9,Sun,,,,,3,0.0,,,0,0,WalsBl00
Greg Zuerlein,K,29.313,2017-11-05,NFL,LAR,@,NYG,W 51-17,8,9,Sun,6,6,100.0,3,3,100.0,,,0,15,ZuerGr00
Mason Crosby,K,33.064,2017-11-06,NFL,GNB,,DET,L 17-30,8,9,Mon,2,2,100.0,1,2,50.0,,,0,5,CrosMa20
Matt Prater,K,33.088,2017-11-06,NFL,DET,@,GNB,W 30-17,8,9,Mon,3,3,100.0,3,4,75.0,,,0,12,PratMa20
Phil Dawson,K,42.290,2017-11-09,NFL,ARI,,SEA,L 16-22,9,10,Thu,1,2,50.0,1,1,100.0,,,0,4,dawsophi01
Blair Walsh,K,27.305,2017-11-09,NFL,SEA,@,ARI,W 22-16,9,10,Thu,2,2,100.0,2,2,100.0,,,0,8,WalsBl00
Connor Barth,K,31.215,2017-11-12,NFL,CHI,,GNB,L 16-23,9,10,Sun,1,1,100.0,3,3,100.0,,,0,10,barthco01
Chris Boswell,K,26.241,2017-11-12,NFL,PIT,@,IND,W 20-17,9,10,Sun,,1,0.0,2,3,66.7,,,0,6,BoswCh00
Matt Bryant,K,42.167,2017-11-12,NFL,ATL,,DAL,W 27-7,9,10,Sun,3,3,100.0,2,2,100.0,,,0,9,bryanmat01
Chandler Catanzaro,K,26.259,2017-11-12,NFL,NYJ,@,TAM,L 10-15,10,10,Sun,1,1,100.0,1,1,100.0,,,0,4,CataCh00
Mason Crosby,K,33.070,2017-11-12,NFL,GNB,@,CHI,W 23-16,9,10,Sun,2,2,100.0,3,4,75.0,,,0,11,CrosMa20
Ka'imi Fairbairn,K,23.287,2017-11-12,NFL,HOU,@,LAR,L 7-33,9,10,Sun,1,1,100.0,,1,0.0,,,0,1,FairKa01
Kai Forbath,K,30.071,2017-11-12,NFL,MIN,@,WAS,W 38-30,9,10,Sun,5,5,100.0,1,1,100.0,,,0,8,ForbKa00
Zane Gonzalez,K,22.189,2017-11-12,NFL,CLE,@,DET,L 24-38,9,10,Sun,3,3,100.0,1,1,100.0,,,0,6,GonzZa00
Stephen Gostkowski,K,33.288,2017-11-12,NFL,NWE,@,DEN,W 41-16,9,10,Sun,5,5,100.0,2,2,100.0,,,0,11,GostSt20
Robbie Gould,K,34.341,2017-11-12,NFL,SFO,,NYG,W 31-21,10,10,Sun,4,4,100.0,1,1,100.0,,,0,7,gouldrob01
Stephen Hauschka,K,32.136,2017-11-12,NFL,BUF,,NOR,L 10-47,9,10,Sun,1,1,100.0,1,1,100.0,,,0,4,HausSt00
Josh Lambo,K,26.358,2017-11-12,NFL,JAX,,LAC,W 20-17,9,10,Sun,,1,0.0,2,2,100.0,,,0,6,LambJo00
Wil Lutz,K,23.128,2017-11-12,NFL,NOR,@,BUF,W 47-10,9,10,Sun,5,6,83.3,2,2,100.0,,,0,11,LutzWi00
Brandon McManus,K,26.110,2017-11-12,NFL,DEN,,NWE,L 16-41,9,10,Sun,1,1,100.0,3,3,100.0,,,0,10,McMaBr01
Patrick Murray,K,26.143,2017-11-12,NFL,TAM,,NYJ,W 15-10,9,10,Sun,,,,3,3,100.0,,,0,9,MurrPa01
Nick Novak,K,36.083,2017-11-12,NFL,LAC,@,JAX,L 17-20,9,10,Sun,2,2,100.0,1,1,100.0,,,0,5,novaknic01
Mike Nugent,K,35.255,2017-11-12,NFL,DAL,@,ATL,L 7-27,9,10,Sun,1,1,100.0,,1,0.0,,,0,1,nugenmik01
Matt Prater,K,33.094,2017-11-12,NFL,DET,,CLE,W 38-24,9,10,Sun,5,5,100.0,1,1,100.0,,,0,8,PratMa20
Aldrick Rosas,K,22.317,2017-11-12,NFL,NYG,@,SFO,L 21-31,9,10,Sun,1,1,100.0,2,3,66.7,,,0,7,RosaAl00
Nick Rose,K,23.191,2017-11-12,NFL,WAS,,MIN,L 30-38,9,10,Sun,3,3,100.0,3,3,100.0,,,0,12,RoseNi00
Ryan Succop,K,31.054,2017-11-12,NFL,TEN,,CIN,W 24-20,9,10,Sun,3,3,100.0,1,2,50.0,,,0,6,SuccRy44
Adam Vinatieri,K,44.319,2017-11-12,NFL,IND,,PIT,L 17-20,10,10,Sun,2,2,100.0,1,1,100.0,,,0,5,vinatada01
Greg Zuerlein,K,29.320,2017-11-12,NFL,LAR,,HOU,W 33-7,9,10,Sun,3,3,100.0,4,4,100.0,,,0,15,ZuerGr00
Graham Gano,K,30.218,2017-11-13,NFL,CAR,,MIA,W 45-21,10,10,Mon,6,6,100.0,1,1,100.0,,,0,9,GanoGr44
Chris Boswell,K,26.245,2017-11-16,NFL,PIT,,TEN,W 40-17,10,11,Thu,4,4,100.0,4,4,100.0,,,0,16,BoswCh00
Ryan Succop,K,31.058,2017-11-16,NFL,TEN,@,PIT,L 17-40,10,11,Thu,2,2,100.0,1,2,50.0,,,0,5,SuccRy44
Connor Barth,K,31.222,2017-11-19,NFL,CHI,,DET,L 24-27,10,11,Sun,3,3,100.0,1,2,50.0,,,0,6,barthco01
Harrison Butker,K,22.128,2017-11-19,NFL,KAN,@,NYG,L 9-12,10,11,Sun,,,,3,3,100.0,,,0,9,ButkHa00
Jake Elliott,K,22.302,2017-11-19,NFL,PHI,@,DAL,W 37-9,10,11,Sun,1,1,100.0,,1,0.0,,,0,1,ElliJa03
Ka'imi Fairbairn,K,23.294,2017-11-19,NFL,HOU,,ARI,W 31-21,10,11,Sun,4,4,100.0,1,1,100.0,,,0,7,FairKa01
Kai Forbath,K,30.078,2017-11-19,NFL,MIN,,LAR,W 24-7,10,11,Sun,3,3,100.0,1,3,33.3,,,0,6,ForbKa00
Stephen Gostkowski,K,33.295,2017-11-19,NFL,NWE,@,OAK,W 33-8,10,11,Sun,3,3,100.0,4,4,100.0,,,0,15,GostSt20
Stephen Hauschka,K,32.143,2017-11-19,NFL,BUF,@,LAC,L 24-54,10,11,Sun,3,3,100.0,1,1,100.0,,,0,6,HausSt00
Josh Lambo,K,27.000,2017-11-19,NFL,JAX,@,CLE,W 19-7,10,11,Sun,1,1,100.0,2,3,66.7,,,0,7,LambJo00
Wil Lutz,K,23.135,2017-11-19,NFL,NOR,,WAS,W 34-31,10,11,Sun,2,2,100.0,4,4,100.0,,,0,14,LutzWi00
Brandon McManus,K,26.117,2017-11-19,NFL,DEN,,CIN,L 17-20,10,11,Sun,2,2,100.0,1,2,50.0,,,0,5,McMaBr01
Patrick Murray,K,26.150,2017-11-19,NFL,TAM,@,MIA,W 30-20,10,11,Sun,3,3,100.0,3,4,75.0,,,0,12,MurrPa01
Nick Novak,K,36.090,2017-11-19,NFL,LAC,,BUF,W 54-24,10,11,Sun,6,6,100.0,4,5,80.0,,,0,18,novaknic01
Mike Nugent,K,35.262,2017-11-19,NFL,DAL,,PHI,L 9-37,10,11,Sun,,,,3,3,100.0,,,0,9,nugenmik01
Cody Parkey,K,25.273,2017-11-19,NFL,MIA,,TAM,L 20-30,10,11,Sun,2,2,100.0,2,2,100.0,,,0,8,ParkCo03
Matt Prater,K,33.101,2017-11-19,NFL,DET,@,CHI,W 27-24,10,11,Sun,3,3,100.0,2,2,100.0,,,0,9,PratMa20
Aldrick Rosas,K,22.324,2017-11-19,NFL,NYG,,KAN,W 12-9,10,11,Sun,,1,0.0,2,2,100.0,,,0,6,RosaAl00
Nick Rose,K,23.198,2017-11-19,NFL,WAS,@,NOR,L 31-34,10,11,Sun,4,4,100.0,1,1,100.0,,,0,7,RoseNi00
Justin Tucker,K,27.363,2017-11-19,NFL,BAL,@,GNB,W 23-0,10,11,Sun,2,2,100.0,3,3,100.0,,,0,11,TuckJu00
Matt Bryant,K,42.175,2017-11-20,NFL,ATL,@,SEA,W 34-31,10,11,Mon,4,4,100.0,2,2,100.0,,,0,10,bryanmat01
Blair Walsh,K,27.316,2017-11-20,NFL,SEA,,ATL,L 31-34,10,11,Mon,2,2,100.0,3,4,75.0,,,0,11,WalsBl00
Kai Forbath,K,30.082,2017-11-23,NFL,MIN,@,DET,W 30-23,11,12,Thu,3,4,75.0,1,2,50.0,,,0,6,ForbKa00
Nick Novak,K,36.094,2017-11-23,NFL,LAC,@,DAL,W 28-6,11,12,Thu,,1,0.0,1,2,50.0,,,0,3,novaknic01
Matt Prater,K,33.105,2017-11-23,NFL,DET,,MIN,L 23-30,11,12,Thu,2,2,100.0,3,3,100.0,,,0,11,PratMa20
Aldrick Rosas,K,22.328,2017-11-23,NFL,NYG,@,WAS,L 10-20,11,12,Thu,1,1,100.0,1,1,100.0,,,0,4,RosaAl00
Nick Rose,K,23.202,2017-11-23,NFL,WAS,,NYG,W 20-10,11,12,Thu,2,2,100.0,2,2,100.0,,,0,8,RoseNi00
Chris Boswell,K,26.255,2017-11-26,NFL,PIT,,GNB,W 31-28,11,12,Sun,2,3,66.7,1,1,100.0,,,0,5,BoswCh00
Matt Bryant,K,42.181,2017-11-26,NFL,ATL,,TAM,W 34-20,11,12,Sun,4,4,100.0,2,2,100.0,,,0,10,bryanmat01
Randy Bullock,K,27.345,2017-11-26,NFL,CIN,,CLE,W 30-16,11,12,Sun,3,3,100.0,3,3,100.0,,,0,12,BullRa00
Harrison Butker,K,22.135,2017-11-26,NFL,KAN,,BUF,L 10-16,11,12,Sun,1,1,100.0,1,1,100.0,,,0,4,ButkHa00
Chandler Catanzaro,K,26.273,2017-11-26,NFL,NYJ,,CAR,L 27-35,11,12,Sun,3,3,100.0,2,2,100.0,,,0,9,CataCh00
Mason Crosby,K,33.084,2017-11-26,NFL,GNB,@,PIT,L 28-31,11,12,Sun,4,4,100.0,,1,0.0,,,0,4,CrosMa20
Phil Dawson,K,42.307,2017-11-26,NFL,ARI,,JAX,W 27-24,11,12,Sun,1,1,100.0,4,4,100.0,,,0,13,dawsophi01
Jake Elliott,K,22.309,2017-11-26,NFL,PHI,,CHI,W 31-3,11,12,Sun,4,4,100.0,1,1,100.0,,,0,7,ElliJa03
Graham Gano,K,30.231,2017-11-26,NFL,CAR,@,NYJ,W 35-27,11,12,Sun,,1,0.0,3,3,100.0,,,0,9,GanoGr44
Zane Gonzalez,K,22.203,2017-11-26,NFL,CLE,@,CIN,L 16-30,11,12,Sun,1,1,100.0,3,4,75.0,,,0,10,GonzZa00
Robbie Gould,K,34.355,2017-11-26,NFL,SFO,,SEA,L 13-24,11,12,Sun,1,1,100.0,2,2,100.0,,,0,7,gouldrob01
Stephen Hauschka,K,32.150,2017-11-26,NFL,BUF,@,KAN,W 16-10,11,12,Sun,1,1,100.0,3,4,75.0,,,0,10,HausSt00
Josh Lambo,K,27.007,2017-11-26,NFL,JAX,@,ARI,L 24-27,11,12,Sun,3,3,100.0,1,1,100.0,,,0,6,LambJo00
Wil Lutz,K,23.142,2017-11-26,NFL,NOR,@,LAR,L 20-26,11,12,Sun,2,2,100.0,2,2,100.0,,,0,8,LutzWi00
Patrick Murray,K,26.157,2017-11-26,NFL,TAM,@,ATL,L 20-34,11,12,Sun,2,2,100.0,2,2,100.0,,,0,8,MurrPa01
Cody Parkey,K,25.280,2017-11-26,NFL,MIA,@,NWE,L 17-35,11,12,Sun,2,2,100.0,1,1,100.0,,,0,5,ParkCo03
Cairo Santos,K,26.014,2017-11-26,NFL,CHI,@,PHI,L 3-31,11,12,Sun,,,,1,2,50.0,,,0,3,SantCa01
Ryan Succop,K,31.068,2017-11-26,NFL,TEN,@,IND,W 20-16,11,12,Sun,2,2,100.0,2,2,100.0,,,0,8,SuccRy44
Giorgio Tavecchio,K,27.133,2017-11-26,NFL,OAK,,DEN,W 21-14,11,12,Sun,3,3,100.0,,1,0.0,,,0,3,TaveGi00
Adam Vinatieri,K,44.333,2017-11-26,NFL,IND,,TEN,L 16-20,11,12,Sun,1,1,100.0,3,3,100.0,,,0,10,vinatada01
Blair Walsh,K,27.322,2017-11-26,NFL,SEA,@,SFO,W 24-13,11,12,Sun,3,3,100.0,1,2,50.0,,,0,6,WalsBl00
Greg Zuerlein,K,29.334,2017-11-26,NFL,LAR,,NOR,W 26-20,11,12,Sun,2,2,100.0,4,5,80.0,,,0,14,ZuerGr00
Ka'imi Fairbairn,K,23.302,2017-11-27,NFL,HOU,@,BAL,L 16-23,11,12,Mon,1,1,100.0,3,3,100.0,,,0,10,FairKa01
Justin Tucker,K,28.006,2017-11-27,NFL,BAL,,HOU,W 23-16,11,12,Mon,2,2,100.0,3,3,100.0,,,0,11,TuckJu00
Dan Bailey,K,29.308,2017-11-30,NFL,DAL,,WAS,W 38-14,12,13,Thu,5,5,100.0,1,1,100.0,,,0,8,BailDa00
Matt Bryant,K,42.188,2017-12-03,NFL,ATL,,MIN,L 9-14,12,13,Sun,,,,3,4,75.0,,,0,9,bryanmat01
Harrison Butker,K,22.142,2017-12-03,NFL,KAN,@,NYJ,L 31-38,12,13,Sun,4,4,100.0,1,2,50.0,,,0,7,ButkHa00
Chandler Catanzaro,K,26.280,2017-12-03,NFL,NYJ,,KAN,W 38-31,12,13,Sun,3,3,100.0,3,3,100.0,,,0,12,CataCh00
Travis Coons,K,25.300,2017-12-03,NFL,LAC,,CLE,W 19-10,12,13,Sun,1,1,100.0,4,5,80.0,,,0,13,CoonTr00
Mason Crosby,K,33.091,2017-12-03,NFL,GNB,,TAM,W 26-20,12,13,Sun,2,2,100.0,2,2,100.0,,,0,8,CrosMa20
Phil Dawson,K,42.314,2017-12-03,NFL,ARI,,LAR,L 16-32,12,13,Sun,1,2,50.0,1,2,50.0,,,0,4,dawsophi01
Jake Elliott,K,22.316,2017-12-03,NFL,PHI,@,SEA,L 10-24,12,13,Sun,1,1,100.0,1,1,100.0,,,0,4,ElliJa03
Ka'imi Fairbairn,K,23.308,2017-12-03,NFL,HOU,@,TEN,L 13-24,12,13,Sun,1,1,100.0,2,4,50.0,,,0,7,FairKa01
Zane Gonzalez,K,22.210,2017-12-03,NFL,CLE,@,LAC,L 10-19,12,13,Sun,1,1,100.0,1,1,100.0,,,0,4,GonzZa00
Stephen Gostkowski,K,33.309,2017-12-03,NFL,NWE,@,BUF,W 23-3,12,13,Sun,2,2,100.0,3,3,100.0,,,0,11,GostSt20
Robbie Gould,K,34.362,2017-12-03,NFL,SFO,@,CHI,W 15-14,12,13,Sun,,,,5,5,100.0,,,0,15,gouldrob01
Stephen Hauschka,K,32.157,2017-12-03,NFL,BUF,,NWE,L 3-23,12,13,Sun,,,,1,1,100.0,,,0,3,HausSt00
Josh Lambo,K,27.014,2017-12-03,NFL,JAX,,IND,W 30-10,12,13,Sun,1,1,100.0,3,3,100.0,,,0,10,LambJo00
Wil Lutz,K,23.149,2017-12-03,NFL,NOR,,CAR,W 31-21,12,13,Sun,4,4,100.0,1,2,50.0,,,0,7,LutzWi00
Brandon McManus,K,26.131,2017-12-03,NFL,DEN,@,MIA,L 9-35,12,13,Sun,,,,1,1,100.0,,,0,3,McMaBr01
Patrick Murray,K,26.164,2017-12-03,NFL,TAM,@,GNB,L 20-26,12,13,Sun,2,2,100.0,2,2,100.0,,,0,8,MurrPa01
Cody Parkey,K,25.287,2017-12-03,NFL,MIA,,DEN,W 35-9,12,13,Sun,4,4,100.0,1,1,100.0,,,0,7,ParkCo03
Matt Prater,K,33.115,2017-12-03,NFL,DET,@,BAL,L 20-44,12,13,Sun,2,3,66.7,,1,0.0,,,0,2,PratMa20
Aldrick Rosas,K,22.338,2017-12-03,NFL,NYG,@,OAK,L 17-24,12,13,Sun,2,2,100.0,1,1,100.0,,,0,5,RosaAl00
Ryan Succop,K,31.075,2017-12-03,NFL,TEN,,HOU,W 24-13,12,13,Sun,3,3,100.0,1,2,50.0,,,0,6,SuccRy44
Giorgio Tavecchio,K,27.140,2017-12-03,NFL,OAK,,NYG,W 24-17,12,13,Sun,3,3,100.0,1,1,100.0,,,0,6,TaveGi00
Justin Tucker,K,28.012,2017-12-03,NFL,BAL,,DET,W 44-20,12,13,Sun,5,5,100.0,3,3,100.0,,,0,14,TuckJu00
Adam Vinatieri,K,44.340,2017-12-03,NFL,IND,@,JAX,L 10-30,12,13,Sun,1,1,100.0,1,1,100.0,,,0,4,vinatada01
Blair Walsh,K,27.329,2017-12-03,NFL,SEA,,PHI,W 24-10,12,13,Sun,3,3,100.0,1,1,100.0,,,0,6,WalsBl00
Greg Zuerlein,K,29.341,2017-12-03,NFL,LAR,@,ARI,W 32-16,12,13,Sun,2,3,66.7,4,4,100.0,,,0,14,ZuerGr00
Chris Boswell,K,26.263,2017-12-04,NFL,PIT,@,CIN,W 23-20,12,13,Mon,2,2,100.0,3,3,100.0,,,0,11,BoswCh00
Randy Bullock,K,27.353,2017-12-04,NFL,CIN,,PIT,L 20-23,12,13,Mon,2,2,100.0,2,2,100.0,,,0,8,BullRa00
Matt Bryant,K,42.192,2017-12-07,NFL,ATL,,NOR,W 20-17,13,14,Thu,2,2,100.0,2,2,100.0,,,0,8,bryanmat01
Wil Lutz,K,23.153,2017-12-07,NFL,NOR,@,ATL,L 17-20,13,14,Thu,2,2,100.0,1,1,100.0,,,0,5,LutzWi00
Dan Bailey,K,29.318,2017-12-10,NFL,DAL,@,NYG,W 30-10,13,14,Sun,3,4,75.0,1,3,33.3,,,0,6,BailDa00
Chris Boswell,K,26.269,2017-12-10,NFL,PIT,,BAL,W 39-38,13,14,Sun,3,3,100.0,4,4,100.0,,,0,15,BoswCh00
Harrison Butker,K,22.149,2017-12-10,NFL,KAN,,OAK,W 26-15,13,14,Sun,2,2,100.0,4,4,100.0,,,0,14,ButkHa00
Travis Coons,K,25.307,2017-12-10,NFL,LAC,,WAS,W 30-13,13,14,Sun,3,3,100.0,3,3,100.0,,,0,12,CoonTr00
Phil Dawson,K,42.321,2017-12-10,NFL,ARI,,TEN,W 12-7,13,14,Sun,,,,4,5,80.0,,,0,12,dawsophi01
Jake Elliott,K,22.323,2017-12-10,NFL,PHI,@,LAR,W 43-35,13,14,Sun,4,4,100.0,3,3,100.0,,,0,13,ElliJa03
Ka'imi Fairbairn,K,23.315,2017-12-10,NFL,HOU,,SFO,L 16-26,13,14,Sun,1,2,50.0,1,2,50.0,,,0,4,FairKa01
Kai Forbath,K,30.099,2017-12-10,NFL,MIN,@,CAR,L 24-31,13,14,Sun,1,1,100.0,3,4,75.0,,,0,10,ForbKa00
Graham Gano,K,30.245,2017-12-10,NFL,CAR,,MIN,W 31-24,13,14,Sun,4,4,100.0,1,1,100.0,,,0,7,GanoGr44
Robbie Gould,K,35.004,2017-12-10,NFL,SFO,@,HOU,W 26-16,13,14,Sun,2,2,100.0,4,4,100.0,,,0,14,gouldrob01
Josh Lambo,K,27.021,2017-12-10,NFL,JAX,,SEA,W 30-24,13,14,Sun,3,3,100.0,3,3,100.0,,,0,12,LambJo00
Brandon McManus,K,26.138,2017-12-10,NFL,DEN,,NYJ,W 23-0,13,14,Sun,2,2,100.0,3,4,75.0,,,0,11,McMaBr01
Mike Nugent,K,35.283,2017-12-10,NFL,CHI,@,CIN,W 33-7,13,14,Sun,3,4,75.0,2,2,100.0,,,0,9,nugenmik01
Matt Prater,K,33.122,2017-12-10,NFL,DET,@,TAM,W 24-21,13,14,Sun,3,3,100.0,1,1,100.0,,,0,6,PratMa20
Aldrick Rosas,K,22.345,2017-12-10,NFL,NYG,,DAL,L 10-30,13,14,Sun,1,1,100.0,1,1,100.0,,,0,4,RosaAl00
Ryan Succop,K,31.082,2017-12-10,NFL,TEN,@,ARI,L 7-12,13,14,Sun,1,1,100.0,,1,0.0,,,0,1,SuccRy44
Justin Tucker,K,28.019,2017-12-10,NFL,BAL,@,PIT,L 38-39,13,14,Sun,5,5,100.0,1,1,100.0,,,0,8,TuckJu00
Adam Vinatieri,K,44.347,2017-12-10,NFL,IND,@,BUF,L 7-13,13,14,Sun,1,1,100.0,,2,0.0,,,0,1,vinatada01
Blair Walsh,K,27.336,2017-12-10,NFL,SEA,@,JAX,L 24-30,13,14,Sun,3,3,100.0,1,2,50.0,,,0,6,WalsBl00
Stephen Gostkowski,K,33.317,2017-12-11,NFL,NWE,@,MIA,L 20-27,13,14,Mon,2,2,100.0,2,2,100.0,,,0,8,GostSt20
Cody Parkey,K,25.295,2017-12-11,NFL,MIA,,NWE,W 27-20,13,14,Mon,3,3,100.0,2,2,100.0,,,0,9,ParkCo03
Brandon McManus,K,26.142,2017-12-14,NFL,DEN,@,IND,W 25-13,14,15,Thu,2,2,100.0,1,2,50.0,,,0,5,McMaBr01
Adam Vinatieri,K,44.351,2017-12-14,NFL,IND,,DEN,L 13-25,14,15,Thu,1,1,100.0,2,2,100.0,,,0,7,vinatada01
Harrison Butker,K,22.155,2017-12-16,NFL,KAN,,LAC,W 30-13,14,15,Sat,3,3,100.0,3,4,75.0,,,0,12,ButkHa00
Mike Nugent,K,35.289,2017-12-16,NFL,CHI,@,DET,L 10-20,14,15,Sat,1,1,100.0,1,1,100.0,,,0,4,nugenmik01
Matt Prater,K,33.128,2017-12-16,NFL,DET,,CHI,W 20-10,14,15,Sat,2,2,100.0,2,2,100.0,,,0,8,PratMa20
Dan Bailey,K,29.325,2017-12-17,NFL,DAL,@,OAK,W 20-17,14,15,Sun,2,2,100.0,2,2,100.0,,,0,8,BailDa00
Chris Boswell,K,26.276,2017-12-17,NFL,PIT,,NWE,L 24-27,14,15,Sun,3,3,100.0,1,1,100.0,,,0,6,BoswCh00
Chandler Catanzaro,K,26.294,2017-12-17,NFL,NYJ,@,NOR,L 19-31,14,15,Sun,1,1,100.0,2,2,100.0,,,0,7,CataCh00
Mason Crosby,K,33.105,2017-12-17,NFL,GNB,@,CAR,L 24-31,14,15,Sun,3,3,100.0,1,1,100.0,,,0,6,CrosMa20
Phil Dawson,K,42.328,2017-12-17,NFL,ARI,@,WAS,L 15-20,14,15,Sun,,,,5,5,100.0,,,0,15,dawsophi01
Jake Elliott,K,22.330,2017-12-17,NFL,PHI,@,NYG,W 34-29,14,15,Sun,4,4,100.0,2,2,100.0,,,0,10,ElliJa03
Kai Forbath,K,30.106,2017-12-17,NFL,MIN,,CIN,W 34-7,14,15,Sun,4,4,100.0,2,2,100.0,,,0,10,ForbKa00
Graham Gano,K,30.252,2017-12-17,NFL,CAR,,GNB,W 31-24,14,15,Sun,4,4,100.0,1,1,100.0,,,0,7,GanoGr44
Zane Gonzalez,K,22.224,2017-12-17,NFL,CLE,,BAL,L 10-27,14,15,Sun,1,1,100.0,1,1,100.0,,,0,4,GonzZa00
Stephen Gostkowski,K,33.323,2017-12-17,NFL,NWE,@,PIT,W 27-24,14,15,Sun,1,2,50.0,2,2,100.0,,,0,7,GostSt20
Robbie Gould,K,35.011,2017-12-17,NFL,SFO,,TEN,W 25-23,14,15,Sun,1,1,100.0,6,6,100.0,,,0,19,gouldrob01
Stephen Hauschka,K,32.171,2017-12-17,NFL,BUF,,MIA,W 24-16,14,15,Sun,3,3,100.0,1,1,100.0,,,0,6,HausSt00
Dustin Hopkins,K,27.077,2017-12-17,NFL,WAS,,ARI,W 20-15,14,15,Sun,2,2,100.0,2,2,100.0,,,0,8,HopkDu00
Josh Lambo,K,27.028,2017-12-17,NFL,JAX,,HOU,W 45-7,14,15,Sun,6,6,100.0,1,1,100.0,,,0,9,LambJo00
Wil Lutz,K,23.163,2017-12-17,NFL,NOR,,NYJ,W 31-19,14,15,Sun,4,4,100.0,1,1,100.0,,,0,7,LutzWi00
Cody Parkey,K,25.301,2017-12-17,NFL,MIA,@,BUF,L 16-24,14,15,Sun,1,1,100.0,3,3,100.0,,,0,10,ParkCo03
Aldrick Rosas,K,22.352,2017-12-17,NFL,NYG,,PHI,L 29-34,14,15,Sun,2,3,66.7,1,2,50.0,,,0,5,RosaAl00
Ryan Succop,K,31.089,2017-12-17,NFL,TEN,@,SFO,L 23-25,14,15,Sun,2,2,100.0,3,3,100.0,,,0,11,SuccRy44
Giorgio Tavecchio,K,27.154,2017-12-17,NFL,OAK,,DAL,L 17-20,14,15,Sun,2,2,100.0,1,2,50.0,,,0,5,TaveGi00
Justin Tucker,K,28.026,2017-12-17,NFL,BAL,@,CLE,W 27-10,14,15,Sun,3,3,100.0,2,2,100.0,,,0,9,TuckJu00
Greg Zuerlein,K,29.355,2017-12-17,NFL,LAR,@,SEA,W 42-7,14,15,Sun,4,5,80.0,2,2,100.0,,,0,10,ZuerGr00
Matt Bryant,K,42.203,2017-12-18,NFL,ATL,@,TAM,W 24-21,14,15,Mon,3,3,100.0,1,2,50.0,,,0,6,bryanmat01
Patrick Murray,K,26.179,2017-12-18,NFL,TAM,,ATL,L 21-24,14,15,Mon,3,3,100.0,,1,0.0,,,0,3,MurrPa01
Kai Forbath,K,30.112,2017-12-23,NFL,MIN,@,GNB,W 16-0,15,16,Sat,1,1,100.0,3,3,100.0,,,0,10,ForbKa00
Justin Tucker,K,28.032,2017-12-23,NFL,BAL,,IND,W 23-16,15,16,Sat,2,2,100.0,3,3,100.0,,,0,11,TuckJu00
Adam Vinatieri,K,44.360,2017-12-23,NFL,IND,@,BAL,L 16-23,15,16,Sat,1,1,100.0,3,5,60.0,,,0,10,vinatada01
Dan Bailey,K,29.332,2017-12-24,NFL,DAL,,SEA,L 12-21,15,16,Sun,,,,4,6,66.7,,,0,12,BailDa00
Matt Bryant,K,42.209,2017-12-24,NFL,ATL,@,NOR,L 13-23,15,16,Sun,1,1,100.0,2,2,100.0,,,0,7,bryanmat01
Randy Bullock,K,28.008,2017-12-24,NFL,CIN,,DET,W 26-17,15,16,Sun,2,2,100.0,4,4,100.0,,,0,14,BullRa00
Harrison Butker,K,22.163,2017-12-24,NFL,KAN,,MIA,W 29-13,15,16,Sun,2,2,100.0,5,6,83.3,,,0,17,ButkHa00
Phil Dawson,K,42.335,2017-12-24,NFL,ARI,,NYG,W 23-0,15,16,Sun,2,3,66.7,1,1,100.0,,,0,5,dawsophi01
Sam Ficken,K,25.010,2017-12-24,NFL,LAR,@,TEN,W 27-23,15,16,Sun,3,4,75.0,,1,0.0,,,0,3,FickSa00
Graham Gano,K,30.259,2017-12-24,NFL,CAR,,TAM,W 22-19,15,16,Sun,1,2,50.0,3,3,100.0,,,0,10,GanoGr44
Zane Gonzalez,K,22.231,2017-12-24,NFL,CLE,@,CHI,L 3-20,15,16,Sun,,,,1,1,100.0,,,0,3,GonzZa00
Stephen Gostkowski,K,33.330,2017-12-24,NFL,NWE,,BUF,W 37-16,15,16,Sun,4,4,100.0,3,3,100.0,,,0,13,GostSt20
Robbie Gould,K,35.018,2017-12-24,NFL,SFO,,JAX,W 44-33,15,16,Sun,5,6,83.3,1,1,100.0,,,0,8,gouldrob01
Stephen Hauschka,K,32.178,2017-12-24,NFL,BUF,@,NWE,L 16-37,15,16,Sun,1,1,100.0,3,4,75.0,,,0,10,HausSt00
Dustin Hopkins,K,27.084,2017-12-24,NFL,WAS,,DEN,W 27-11,15,16,Sun,3,3,100.0,2,2,100.0,,,0,9,HopkDu00
Josh Lambo,K,27.035,2017-12-24,NFL,JAX,@,SFO,L 33-44,15,16,Sun,2,3,66.7,1,1,100.0,,,0,5,LambJo00
Wil Lutz,K,23.170,2017-12-24,NFL,NOR,,ATL,W 23-13,15,16,Sun,2,2,100.0,3,3,100.0,,,0,11,LutzWi00
Brandon McManus,K,26.152,2017-12-24,NFL,DEN,@,WAS,L 11-27,15,16,Sun,,,,1,1,100.0,,,0,3,McMaBr01
Patrick Murray,K,26.185,2017-12-24,NFL,TAM,@,CAR,L 19-22,15,16,Sun,1,1,100.0,4,5,80.0,,,0,13,MurrPa01
Cody Parkey,K,25.308,2017-12-24,NFL,MIA,@,KAN,L 13-29,15,16,Sun,1,1,100.0,2,3,66.7,,,0,7,ParkCo03
Matt Prater,K,33.136,2017-12-24,NFL,DET,@,CIN,L 17-26,15,16,Sun,2,2,100.0,1,2,50.0,,,0,5,PratMa20
Aldrick Rosas,K,22.359,2017-12-24,NFL,NYG,@,ARI,L 0-23,15,16,Sun,,,,,1,0.0,,,0,0,RosaAl00
Nick Rose,K,23.233,2017-12-24,NFL,LAC,@,NYJ,W 14-7,15,16,Sun,2,2,100.0,,1,0.0,,,0,2,RoseNi00
Ryan Succop,K,31.096,2017-12-24,NFL,TEN,,LAR,L 23-27,15,16,Sun,2,2,100.0,3,4,75.0,,,0,11,SuccRy44
Chris Boswell,K,26.284,2017-12-25,NFL,PIT,@,HOU,W 34-6,15,16,Mon,4,4,100.0,2,2,100.0,,,0,10,BoswCh00
Jake Elliott,K,22.338,2017-12-25,NFL,PHI,,OAK,W 19-10,15,16,Mon,1,1,100.0,2,3,66.7,,,0,7,ElliJa03
Giorgio Tavecchio,K,27.162,2017-12-25,NFL,OAK,@,PHI,L 10-19,15,16,Mon,1,1,100.0,1,2,50.0,,,0,4,TaveGi00
Dan Bailey,K,29.339,2017-12-31,NFL,DAL,@,PHI,W 6-0,16,17,Sun,,1,0.0,,1,0.0,,,0,0,BailDa00
Matt Bryant,K,42.216,2017-12-31,NFL,ATL,,CAR,W 22-10,16,17,Sun,1,1,100.0,5,5,100.0,,,0,16,bryanmat01
Randy Bullock,K,28.015,2017-12-31,NFL,CIN,@,BAL,W 31-27,16,17,Sun,4,4,100.0,1,1,100.0,,,0,7,BullRa00
Harrison Butker,K,22.170,2017-12-31,NFL,KAN,@,DEN,W 27-24,16,17,Sun,3,3,100.0,2,2,100.0,,,0,9,ButkHa00
Chandler Catanzaro,K,26.308,2017-12-31,NFL,NYJ,@,NWE,L 6-26,16,17,Sun,,,,2,3,66.7,,,0,6,CataCh00
Mason Crosby,K,33.119,2017-12-31,NFL,GNB,@,DET,L 11-35,16,17,Sun,,,,1,1,100.0,,,0,3,CrosMa20
Phil Dawson,K,42.342,2017-12-31,NFL,ARI,@,SEA,W 26-24,16,17,Sun,2,2,100.0,4,4,100.0,,,0,14,dawsophi01
Ka'imi Fairbairn,K,23.336,2017-12-31,NFL,HOU,@,IND,L 13-22,16,17,Sun,1,1,100.0,2,2,100.0,,,0,7,FairKa01
Sam Ficken,K,25.017,2017-12-31,NFL,LAR,,SFO,L 13-34,16,17,Sun,1,1,100.0,2,2,100.0,,,0,7,FickSa00
Kai Forbath,K,30.120,2017-12-31,NFL,MIN,,CHI,W 23-10,16,17,Sun,3,3,100.0,,1,0.0,,,0,3,ForbKa00
Graham Gano,K,30.266,2017-12-31,NFL,CAR,@,ATL,L 10-22,16,17,Sun,1,1,100.0,1,1,100.0,,,0,4,GanoGr44
Zane Gonzalez,K,22.238,2017-12-31,NFL,CLE,@,PIT,L 24-28,16,17,Sun,3,3,100.0,1,1,100.0,,,0,6,GonzZa00
Stephen Gostkowski,K,33.337,2017-12-31,NFL,NWE,,NYJ,W 26-6,16,17,Sun,3,3,100.0,1,1,100.0,,,0,6,GostSt20
Robbie Gould,K,35.025,2017-12-31,NFL,SFO,@,LAR,W 34-13,16,17,Sun,4,4,100.0,2,2,100.0,,,0,10,gouldrob01
Stephen Hauschka,K,32.185,2017-12-31,NFL,BUF,@,MIA,W 22-16,16,17,Sun,1,1,100.0,3,3,100.0,,,0,10,HausSt00
Dustin Hopkins,K,27.091,2017-12-31,NFL,WAS,@,NYG,L 10-18,16,17,Sun,1,1,100.0,1,2,50.0,,,0,4,HopkDu00
Josh Lambo,K,27.042,2017-12-31,NFL,JAX,@,TEN,L 10-15,16,17,Sun,1,1,100.0,1,1,100.0,,,0,4,LambJo00
Wil Lutz,K,23.177,2017-12-31,NFL,NOR,@,TAM,L 24-31,16,17,Sun,3,3,100.0,1,1,100.0,,,0,6,LutzWi00
Brandon McManus,K,26.159,2017-12-31,NFL,DEN,,KAN,L 24-27,16,17,Sun,3,3,100.0,1,1,100.0,,,0,6,McMaBr01
Patrick Murray,K,26.192,2017-12-31,NFL,TAM,,NOR,W 31-24,16,17,Sun,2,3,66.7,1,1,100.0,,,0,5,MurrPa01
Mike Nugent,K,35.304,2017-12-31,NFL,CHI,@,MIN,L 10-23,16,17,Sun,1,1,100.0,1,1,100.0,,,0,4,nugenmik01
Cody Parkey,K,25.315,2017-12-31,NFL,MIA,,BUF,L 16-22,16,17,Sun,1,1,100.0,1,1,100.0,,,0,4,ParkCo03
Matt Prater,K,33.143,2017-12-31,NFL,DET,,GNB,W 35-11,16,17,Sun,3,3,100.0,2,2,100.0,,,0,9,PratMa20
Aldrick Rosas,K,23.001,2017-12-31,NFL,NYG,,WAS,W 18-10,16,17,Sun,,1,0.0,2,2,100.0,,,0,6,RosaAl00
Nick Rose,K,23.240,2017-12-31,NFL,LAC,,OAK,W 30-10,16,17,Sun,3,4,75.0,1,2,50.0,,,0,6,RoseNi00
Ryan Succop,K,31.103,2017-12-31,NFL,TEN,,JAX,W 15-10,16,17,Sun,,1,0.0,3,3,100.0,,,0,9,SuccRy44
Giorgio Tavecchio,K,27.168,2017-12-31,NFL,OAK,@,LAC,L 10-30,16,17,Sun,1,1,100.0,1,1,100.0,,,0,4,TaveGi00
Justin Tucker,K,28.040,2017-12-31,NFL,BAL,,CIN,L 27-31,16,17,Sun,3,3,100.0,2,2,100.0,,,0,9,TuckJu00
Adam Vinatieri,K,45.003,2017-12-31,NFL,IND,,HOU,W 22-13,16,17,Sun,2,2,100.0,2,2,100.0,,,0,8,vinatada01
Blair Walsh,K,27.357,2017-12-31,NFL,SEA,,ARI,L 24-26,16,17,Sun,3,3,100.0,1,2,50.0,,,0,6,WalsBl00
Matt Bryant,K,42.222,2018-01-06,NFL,ATL,@,LAR,W 26-13,17,18,Sat,2,2,100.0,4,4,100.0,,,0,14,bryanmat01
Harrison Butker,K,22.176,2018-01-06,NFL,KAN,,TEN,L 21-22,17,18,Sat,3,3,100.0,,1,0.0,,,0,3,ButkHa00
Sam Ficken,K,25.023,2018-01-06,NFL,LAR,,ATL,L 13-26,17,18,Sat,1,1,100.0,2,2,100.0,,,0,7,FickSa00
Ryan Succop,K,31.109,2018-01-06,NFL,TEN,@,KAN,W 22-21,17,18,Sat,1,1,100.0,1,1,100.0,,,0,4,SuccRy44
Graham Gano,K,30.273,2018-01-07,NFL,CAR,@,NOR,L 26-31,17,18,Sun,2,2,100.0,4,5,80.0,,,0,14,GanoGr44
Stephen Hauschka,K,32.192,2018-01-07,NFL,BUF,@,JAX,L 3-10,17,18,Sun,,,,1,1,100.0,,,0,3,HausSt00
Josh Lambo,K,27.049,2018-01-07,NFL,JAX,,BUF,W 10-3,17,18,Sun,1,1,100.0,1,1,100.0,,,0,4,LambJo00
Wil Lutz,K,23.184,2018-01-07,NFL,NOR,,CAR,W 31-26,17,18,Sun,4,4,100.0,1,1,100.0,,,0,7,LutzWi00
Matt Bryant,K,42.229,2018-01-13,NFL,ATL,@,PHI,L 10-15,18,19,Sat,1,1,100.0,1,1,100.0,,,0,4,bryanmat01
Jake Elliott,K,22.357,2018-01-13,NFL,PHI,,ATL,W 15-10,17,19,Sat,,1,0.0,3,3,100.0,,,0,9,ElliJa03
Stephen Gostkowski,K,33.350,2018-01-13,NFL,NWE,,TEN,W 35-14,17,19,Sat,5,5,100.0,,1,0.0,,,0,5,GostSt20
Kai Forbath,K,30.134,2018-01-14,NFL,MIN,,NOR,W 29-24,17,19,Sun,2,2,100.0,3,4,75.0,,,0,11,ForbKa00
Josh Lambo,K,27.056,2018-01-14,NFL,JAX,@,PIT,W 45-42,18,19,Sun,6,6,100.0,1,1,100.0,,,0,9,LambJo00
Wil Lutz,K,23.191,2018-01-14,NFL,NOR,@,MIN,L 24-29,18,19,Sun,3,3,100.0,1,2,50.0,,,0,6,LutzWi00
Jake Elliott,K,23.000,2018-01-21,NFL,PHI,,MIN,W 38-7,18,20,Sun,5,5,100.0,1,1,100.0,,,0,8,ElliJa03
Stephen Gostkowski,K,33.358,2018-01-21,NFL,NWE,,JAX,W 24-20,18,20,Sun,3,3,100.0,1,1,100.0,,,0,6,GostSt20
Josh Lambo,K,27.063,2018-01-21,NFL,JAX,@,NWE,L 20-24,19,20,Sun,2,2,100.0,2,2,100.0,,,0,8,LambJo00
Jake Elliott,K,23.014,2018-02-04,NFL,PHI,N,NWE,W 41-33,19,21,Sun,2,3,66.7,3,3,100.0,,,0,11,ElliJa03
Stephen Gostkowski,K,34.007,2018-02-04,NFL,NWE,N,PHI,L 33-41,19,21,Sun,3,4,75.0,2,3,66.7,,,0,9,GostSt20
