Player,Pos,Age,Date,LG,Team,Loc,Opponent,WL,G,Week,Day,Kick Ret,Kick Ret Yds,Kick Ret YPA,Kick Ret TD,unique_id
Josh Cooper,DE,26.275,2007-09-06,NFL,NOR,@,IND,L 10-41,1,1,Thu,1,8,8.00,0,CoopJo20
Luke Lawton,RB,27.011,2007-09-06,NFL,IND,,NOR,W 41-10,1,1,Thu,1,22,22.00,0,LawtLu00
Billy Miller,TE,30.135,2007-09-06,NFL,NOR,@,IND,L 10-41,1,1,Thu,1,8,8.00,0,MillBi00
Lance Moore,WR,24.006,2007-09-06,NFL,NOR,@,IND,L 10-41,1,1,Thu,3,65,21.67,0,MoorLa00
Ahmad Bradshaw,RB,21.174,2007-09-09,NFL,NYG,@,DAL,L 35-45,1,1,Sun,7,193,27.57,0,BradAh00
Correll Buckhalter,RB,28.338,2007-09-09,NFL,PHI,@,GNB,L 13-16,1,1,Sun,1,16,16.00,0,BuckCo00
Nate Burleson,WR,26.021,2007-09-09,NFL,SEA,,TAM,W 20-6,1,1,Sun,2,35,17.50,0,BurlNa00
Brian Calhoun,RB,23.124,2007-09-09,NFL,DET,@,OAK,W 36-21,1,1,Sun,1,33,33.00,0,CalhBr00
Chris Carr,CB,24.132,2007-09-09,NFL,OAK,,DET,L 21-36,1,1,Sun,7,155,22.14,0,CarrCh22
Rock Cartwright,RB,27.280,2007-09-09,NFL,WAS,,MIA,W 16-13,1,1,Sun,2,50,25.00,0,CartRo01
Patrick Crayton,WR,28.155,2007-09-09,NFL,DAL,,NYG,W 45-35,1,1,Sun,1,13,13.00,0,CrayPa00
Josh Cribbs,WR,24.092,2007-09-09,NFL,CLE,,PIT,L 7-34,1,1,Sun,4,98,24.50,0,CribJo01
Tony Curtis,TE,24.210,2007-09-09,NFL,DAL,,NYG,W 45-35,1,1,Sun,1,16,16.00,0,CurtTo00
Eddie Drummond,WR,27.150,2007-09-09,NFL,KAN,@,HOU,L 3-20,1,1,Sun,3,79,26.33,0,DrumEd00
Ted Ginn,WR,22.150,2007-09-09,NFL,MIA,@,WAS,L 13-16,1,1,Sun,3,70,23.33,0,GinnTe00
Earnest Graham,RB,27.237,2007-09-09,NFL,TAM,@,SEA,L 6-20,1,1,Sun,4,90,22.50,0,GrahEa00
Michael Griffin,DB,22.248,2007-09-09,NFL,TEN,@,JAX,W 13-10,1,1,Sun,2,35,17.50,0,GrifMi99
Dante Hall,WR,29.008,2007-09-09,NFL,STL,,CAR,L 13-27,1,1,Sun,5,146,29.20,0,HallDa00
Ben Hartsock,TE,27.066,2007-09-09,NFL,TEN,@,JAX,W 13-10,1,1,Sun,1,14,14.00,0,HartBe00
Devin Hester,KR/P,24.309,2007-09-09,NFL,CHI,@,SDG,L 3-14,1,1,Sun,1,29,29.00,0,HestDe99
Domenik Hixon,WR,22.336,2007-09-09,NFL,DEN,@,BUF,W 15-14,1,1,Sun,3,72,24.00,0,HixoDo00
Ellis Hobbs,RCB,24.116,2007-09-09,NFL,NWE,@,NYJ,W 38-14,1,1,Sun,3,156,52.00,1,HobbEl20
Adam Jennings,WR,24.296,2007-09-09,NFL,ATL,@,MIN,L 3-24,1,1,Sun,5,98,19.60,0,JennAd00
Maurice Jones-Drew,RB/K,22.170,2007-09-09,NFL,JAX,,TEN,L 10-13,1,1,Sun,2,71,35.50,0,DrewMa00
Danieal Manning,S,25.031,2007-09-09,NFL,CHI,@,SDG,L 3-14,1,1,Sun,2,41,20.50,0,MannDa21
Jerome Mathis,WR,24.045,2007-09-09,NFL,HOU,,KAN,W 20-3,1,1,Sun,2,51,25.50,0,MathJe00
Terrence McGee,RCB,26.330,2007-09-09,NFL,BUF,,DEN,L 14-15,1,1,Sun,4,112,28.00,0,McGeTe99
Justin Miller,CB-K,23.207,2007-09-09,NFL,NYJ,,NWE,L 14-38,1,1,Sun,1,26,26.00,0,MillJu99
Adrian Peterson,RB,22.172,2007-09-09,NFL,MIN,,ATL,W 24-3,1,1,Sun,1,22,22.00,0,PeteAd01
J.R. Reed,S/KR,25.210,2007-09-09,NFL,PHI,@,GNB,L 13-16,1,1,Sun,3,66,22.00,0,ReedJ.20
Ryne Robinson,WR,22.309,2007-09-09,NFL,CAR,@,STL,W 27-13,1,1,Sun,3,64,21.33,0,RobiRy00
Allen Rossum,CB,31.322,2007-09-09,NFL,PIT,@,CLE,W 34-7,1,1,Sun,2,44,22.00,0,RossAl99
Benny Sapp,CB,26.232,2007-09-09,NFL,KAN,@,HOU,L 3-20,1,1,Sun,2,46,23.00,0,SappBe20
Darren Sproles,RB-K,24.081,2007-09-09,NFL,SDG,,CHI,W 14-3,1,1,Sun,1,22,22.00,0,SproDa00
Tyson Thompson,RB,26.111,2007-09-09,NFL,DAL,,NYG,W 45-35,1,1,Sun,5,153,30.60,0,ThomTy00
Michael Turner,RB,25.208,2007-09-09,NFL,SDG,,CHI,W 14-3,1,1,Sun,1,15,15.00,0,TurnMi00
Leon Washington,RB,25.011,2007-09-09,NFL,NYJ,,NWE,L 14-38,1,1,Sun,5,114,22.80,0,WashLe00
Tramon Williams,CB,24.177,2007-09-09,NFL,GNB,,PHI,W 16-13,1,1,Sun,4,100,25.00,0,WillTr99
Josh Wilson,CB,22.182,2007-09-09,NFL,SEA,,TAM,W 20-6,1,1,Sun,1,3,3.00,0,WilsJo99
J.J. Arrington,RB,24.230,2007-09-10,NFL,ARI,@,SFO,L 17-20,1,1,Mon,2,34,17.00,0,ArriJ.00
Steve Breaston,WR,24.021,2007-09-10,NFL,ARI,@,SFO,L 17-20,1,1,Mon,3,63,21.00,0,BreaSt00
Maurice Hicks,RB,29.050,2007-09-10,NFL,SFO,,ARI,W 20-17,1,1,Mon,4,89,22.25,0,HickMa00
Tab Perry,WR,25.233,2007-09-10,NFL,CIN,,BAL,W 27-20,1,1,Mon,4,94,23.50,0,PerrTa00
B.J. Sams,DB/R,26.316,2007-09-10,NFL,BAL,@,CIN,L 20-27,1,1,Mon,5,140,28.00,0,SamsB.00
Aundrae Allison,WR,21.149,2007-09-16,NFL,MIN,@,DET,L 17-20,2,2,Sun,1,60,60.00,0,AlliAu00
Miles Austin,WR,23.078,2007-09-16,NFL,DAL,@,MIA,W 37-20,2,2,Sun,1,24,24.00,0,AustMi00
Chris Baker,TE,27.302,2007-09-16,NFL,NYJ,@,BAL,L 13-20,2,2,Sun,1,10,10.00,0,BakeCh00
Ahmad Bradshaw,RB,21.181,2007-09-16,NFL,NYG,,GNB,L 13-35,2,2,Sun,2,41,20.50,0,BradAh00
Steve Breaston,WR,24.027,2007-09-16,NFL,ARI,,SEA,W 23-20,2,2,Sun,1,19,19.00,0,BreaSt00
Brian Calhoun,RB,23.131,2007-09-16,NFL,DET,,MIN,W 20-17,2,2,Sun,3,49,16.33,0,CalhBr00
Chris Carr,CB,24.139,2007-09-16,NFL,OAK,@,DEN,L 20-23,2,2,Sun,3,61,20.33,0,CarrCh22
Michael Clayton,WR,24.338,2007-09-16,NFL,TAM,,NOR,W 31-14,2,2,Sun,1,23,23.00,0,ClayMi00
Jameel Cook,FB,28.220,2007-09-16,NFL,HOU,@,CAR,W 34-21,2,2,Sun,1,12,12.00,0,CookJa00
Josh Cribbs,WR,24.099,2007-09-16,NFL,CLE,,CIN,W 51-45,2,2,Sun,5,183,36.60,0,CribJo01
Tony Curtis,TE,24.217,2007-09-16,NFL,DAL,@,MIA,W 37-20,2,2,Sun,1,0,0.00,0,CurtTo00
Darnell Dinkins,TE,30.239,2007-09-16,NFL,CLE,,CIN,W 51-45,2,2,Sun,1,11,11.00,0,DinkDa00
Reuben Droughns,RB,29.026,2007-09-16,NFL,NYG,,GNB,L 13-35,2,2,Sun,3,64,21.33,0,DrouRe00
Eddie Drummond,WR,27.157,2007-09-16,NFL,KAN,@,CHI,L 10-20,2,2,Sun,5,96,19.20,0,DrumEd00
Yamon Figurs,WR/R,24.249,2007-09-16,NFL,BAL,,NYJ,W 20-13,2,2,Sun,2,89,44.50,0,FiguYa00
Lennie Friedman,OL,31.034,2007-09-16,NFL,CLE,,CIN,W 51-45,2,2,Sun,1,1,1.00,0,FrieLe20
Ted Ginn,WR,22.157,2007-09-16,NFL,MIA,,DAL,L 20-37,2,2,Sun,6,121,20.17,0,GinnTe00
Nick Goings,RB,29.233,2007-09-16,NFL,CAR,,HOU,L 21-34,2,2,Sun,5,101,20.20,0,GoinNi00
Michael Griffin,DB,22.255,2007-09-16,NFL,TEN,,IND,L 20-22,2,2,Sun,5,126,25.20,0,GrifMi99
Dante Hall,WR,29.015,2007-09-16,NFL,STL,,SFO,L 16-17,2,2,Sun,3,54,18.00,0,HallDa00
Devin Hester,KR/P,24.316,2007-09-16,NFL,CHI,,KAN,W 20-10,2,2,Sun,2,29,14.50,0,HestDe99
Maurice Hicks,RB,29.056,2007-09-16,NFL,SFO,@,STL,W 17-16,2,2,Sun,5,101,20.20,0,HickMa00
Ike Hilliard,WR,31.164,2007-09-16,NFL,TAM,,NOR,W 31-14,2,2,Sun,1,3,3.00,0,HillIk00
Ellis Hobbs,RCB,24.123,2007-09-16,NFL,NWE,,SDG,W 38-14,2,2,Sun,3,66,22.00,0,HobbEl20
Glenn Holt,WR,23.047,2007-09-16,NFL,CIN,@,CLE,L 45-51,2,2,Sun,6,177,29.50,0,HoltGl00
Mark Jones,WR,26.317,2007-09-16,NFL,TAM,,NOR,W 31-14,2,2,Sun,1,36,36.00,0,JoneMa01
Reggie Kelly,TE,30.206,2007-09-16,NFL,CIN,@,CLE,L 45-51,2,2,Sun,1,15,15.00,0,KellRe00
Antwan Lake,DT,28.068,2007-09-16,NFL,NOR,@,TAM,L 14-31,2,2,Sun,1,10,10.00,0,LakeAn20
Jerome Mathis,WR,24.052,2007-09-16,NFL,HOU,@,CAR,W 34-21,2,2,Sun,2,36,18.00,0,MathJe00
Justin McCareins,WR,28.289,2007-09-16,NFL,NYJ,@,BAL,L 13-20,2,2,Sun,1,12,12.00,0,McCaJu00
Terrence McGee,LCB,26.337,2007-09-16,NFL,BUF,@,PIT,L 3-26,2,2,Sun,6,170,28.33,0,McGeTe99
Justin Miller,CB-K,23.214,2007-09-16,NFL,NYJ,@,BAL,L 13-20,2,2,Sun,1,22,22.00,0,MillJu99
Lance Moore,WR,24.016,2007-09-16,NFL,NOR,@,TAM,L 14-31,2,2,Sun,3,50,16.67,0,MoorLa00
Ryan Neufeld,FB,31.298,2007-09-16,NFL,BUF,@,PIT,L 3-26,2,2,Sun,1,7,7.00,0,NeufRy00
Jerious Norwood,RB,24.049,2007-09-16,NFL,ATL,@,JAX,L 7-13,2,2,Sun,2,44,22.00,0,NorwJe00
Alvin Pearman,RB,25.037,2007-09-16,NFL,SEA,@,ARI,L 20-23,2,2,Sun,2,38,19.00,0,PearAl00
Tab Perry,WR,25.239,2007-09-16,NFL,CIN,@,CLE,L 45-51,2,2,Sun,3,51,17.00,0,PerrTa00
Allen Rossum,CB,31.329,2007-09-16,NFL,PIT,,BUF,W 26-3,2,2,Sun,2,58,29.00,0,RossAl99
T.J. Rushing,DB,24.100,2007-09-16,NFL,IND,@,TEN,W 22-20,2,2,Sun,4,106,26.50,0,RushT.20
Darren Sproles,RB-K,24.088,2007-09-16,NFL,SDG,@,NWE,L 14-38,2,2,Sun,1,20,20.00,0,SproDa00
Tyson Thompson,RB,26.118,2007-09-16,NFL,DAL,@,MIA,W 37-20,2,2,Sun,1,18,18.00,0,ThomTy00
Michael Turner,RB,25.215,2007-09-16,NFL,SDG,@,NWE,L 14-38,2,2,Sun,4,98,24.50,0,TurnMi00
Tramon Williams,CB,24.184,2007-09-16,NFL,GNB,@,NYG,W 35-13,2,2,Sun,2,68,34.00,0,WillTr99
Troy Williamson,WR,24.139,2007-09-16,NFL,MIN,@,DET,L 17-20,2,2,Sun,3,81,27.00,0,WillTr01
Wallace Wright,WR,23.227,2007-09-16,NFL,NYJ,@,BAL,L 13-20,2,2,Sun,1,28,28.00,0,WrigWa00
DeShawn Wynn,RB,23.342,2007-09-16,NFL,GNB,@,NYG,W 35-13,2,2,Sun,1,15,15.00,0,WynnDe00
Correll Buckhalter,RB,28.346,2007-09-17,NFL,PHI,,WAS,L 12-20,2,2,Mon,4,102,25.50,0,BuckCo00
Rock Cartwright,RB,27.288,2007-09-17,NFL,WAS,@,PHI,W 20-12,2,2,Mon,5,130,26.00,0,CartRo01
Montae Reagor,DT,30.080,2007-09-17,NFL,PHI,,WAS,L 12-20,2,2,Mon,1,14,14.00,0,ReagMo20
Aundrae Allison,WR,21.156,2007-09-23,NFL,MIN,@,KAN,L 10-13,3,3,Sun,3,60,20.00,0,AlliAu00
J.J. Arrington,RB,24.243,2007-09-23,NFL,ARI,@,BAL,L 23-26,3,3,Sun,3,63,21.00,0,ArriJ.00
Steve Breaston,WR,24.034,2007-09-23,NFL,ARI,@,BAL,L 23-26,3,3,Sun,1,33,33.00,0,BreaSt00
Correll Buckhalter,RB,28.352,2007-09-23,NFL,PHI,,DET,W 56-21,3,3,Sun,4,82,20.50,0,BuckCo00
Brian Calhoun,RB,23.138,2007-09-23,NFL,DET,@,PHI,L 21-56,3,3,Sun,5,121,24.20,0,CalhBr00
Chris Carr,CB,24.146,2007-09-23,NFL,OAK,,CLE,W 26-24,3,3,Sun,4,79,19.75,0,CarrCh22
Rock Cartwright,RB,27.294,2007-09-23,NFL,WAS,,NYG,L 17-24,3,3,Sun,5,140,28.00,0,CartRo01
Jerricho Cotchery,WR,25.099,2007-09-23,NFL,NYJ,,MIA,W 31-28,3,3,Sun,1,14,14.00,0,CotcJe00
Josh Cribbs,WR,24.106,2007-09-23,NFL,CLE,@,OAK,L 24-26,3,3,Sun,4,174,43.50,1,CribJo01
Najeh Davenport,RB,28.227,2007-09-23,NFL,PIT,,SFO,W 37-16,3,3,Sun,1,12,12.00,0,DaveNa00
Reuben Droughns,RB,29.033,2007-09-23,NFL,NYG,@,WAS,W 24-17,3,3,Sun,3,76,25.33,0,DrouRe00
Eddie Drummond,WR,27.164,2007-09-23,NFL,KAN,,MIN,W 13-10,3,3,Sun,2,55,27.50,0,DrumEd00
Yamon Figurs,WR/R,24.256,2007-09-23,NFL,BAL,,ARI,W 26-23,3,3,Sun,2,64,32.00,0,FiguYa00
Ted Ginn,WR,22.164,2007-09-23,NFL,MIA,@,NYJ,L 28-31,3,3,Sun,3,80,26.67,0,GinnTe00
Nick Goings,RB,29.240,2007-09-23,NFL,CAR,@,ATL,W 27-20,3,3,Sun,1,20,20.00,0,GoinNi00
Dante Hall,WR,29.022,2007-09-23,NFL,STL,@,TAM,L 3-24,3,3,Sun,3,47,15.67,0,HallDa00
Devin Hester,KR/P,24.323,2007-09-23,NFL,CHI,,DAL,L 10-34,3,3,Sun,5,86,17.20,0,HestDe99
Maurice Hicks,RB,29.063,2007-09-23,NFL,SFO,@,PIT,L 16-37,3,3,Sun,4,86,21.50,0,HickMa00
Domenik Hixon,WR,22.350,2007-09-23,NFL,DEN,,JAX,L 14-23,3,3,Sun,4,92,23.00,0,HixoDo00
Ellis Hobbs,RCB,24.130,2007-09-23,NFL,NWE,,BUF,W 38-7,3,3,Sun,1,33,33.00,0,HobbEl20
Glenn Holt,WR,23.054,2007-09-23,NFL,CIN,@,SEA,L 21-24,3,3,Sun,5,108,21.60,0,HoltGl00
Adam Jennings,WR,24.310,2007-09-23,NFL,ATL,,CAR,L 20-27,3,3,Sun,1,28,28.00,0,JennAd00
Mark Jones,WR,26.324,2007-09-23,NFL,TAM,,STL,W 24-3,3,3,Sun,1,36,36.00,0,JoneMa01
Maurice Jones-Drew,RB/K,22.184,2007-09-23,NFL,JAX,@,DEN,W 23-14,3,3,Sun,3,89,29.67,0,DrewMa00
Reggie Kelly,TE,30.213,2007-09-23,NFL,CIN,@,SEA,L 21-24,3,3,Sun,1,15,15.00,0,KellRe00
Luke Lawton,RB,27.028,2007-09-23,NFL,IND,@,HOU,W 30-24,3,3,Sun,1,22,22.00,0,LawtLu00
Danieal Manning,FS,25.045,2007-09-23,NFL,CHI,,DAL,L 10-34,3,3,Sun,1,20,20.00,0,MannDa21
Jerome Mathis,WR,24.059,2007-09-23,NFL,HOU,,IND,L 24-30,3,3,Sun,7,233,33.29,1,MathJe00
Travis Minor,RB,28.085,2007-09-23,NFL,STL,@,TAM,L 3-24,3,3,Sun,1,3,3.00,0,MinoTr00
Jerious Norwood,RB,24.056,2007-09-23,NFL,ATL,,CAR,L 20-27,3,3,Sun,5,145,29.00,0,NorwJe00
Alvin Pearman,RB,25.044,2007-09-23,NFL,SEA,,CIN,W 24-21,3,3,Sun,1,33,33.00,0,PearAl00
Ryne Robinson,WR,22.323,2007-09-23,NFL,CAR,@,ATL,W 27-20,3,3,Sun,1,17,17.00,0,RobiRy00
Allen Rossum,CB,31.336,2007-09-23,NFL,PIT,,SFO,W 37-16,3,3,Sun,2,120,60.00,1,RossAl99
T.J. Rushing,DB,24.107,2007-09-23,NFL,IND,@,HOU,W 30-24,3,3,Sun,4,106,26.50,0,RushT.20
Josh Scobey,RB,27.286,2007-09-23,NFL,BUF,@,NWE,L 7-38,3,3,Sun,5,112,22.40,0,ScobJo00
Brad Smith,QB,23.285,2007-09-23,NFL,NYJ,,MIA,W 31-28,3,3,Sun,2,54,27.00,0,SmitBr01
Darren Sproles,RB/K,24.095,2007-09-23,NFL,SDG,@,GNB,L 24-31,3,3,Sun,3,76,25.33,0,SproDa00
Tyson Thompson,RB,26.125,2007-09-23,NFL,DAL,@,CHI,W 34-10,3,3,Sun,2,13,6.50,0,ThomTy00
Delanie Walker,TE,23.042,2007-09-23,NFL,SFO,@,PIT,L 16-37,3,3,Sun,3,63,21.00,0,WalkHu00
Troy Walters,WR,30.282,2007-09-23,NFL,DET,@,PHI,L 21-56,3,3,Sun,1,29,29.00,0,WaltTr00
Leon Washington,RB-K,25.025,2007-09-23,NFL,NYJ,,MIA,W 31-28,3,3,Sun,2,111,55.50,1,WashLe00
Tramon Williams,CB,24.191,2007-09-23,NFL,GNB,,SDG,W 31-24,3,3,Sun,4,59,14.75,0,WillTr99
Ray Willis,T,25.041,2007-09-23,NFL,SEA,,CIN,W 24-21,3,3,Sun,1,0,0.00,0,WillRa22
Josh Wilson,CB,22.196,2007-09-23,NFL,SEA,,CIN,W 24-21,3,3,Sun,2,93,46.50,0,WilsJo99
Michael Griffin,DB,22.263,2007-09-24,NFL,TEN,@,NOR,W 31-14,3,3,Mon,1,48,48.00,0,GrifMi99
Lance Moore,WR,24.024,2007-09-24,NFL,NOR,,TEN,L 14-31,3,3,Mon,3,54,18.00,0,MoorLa00
Aaron Stecker,RB,31.315,2007-09-24,NFL,NOR,,TEN,L 14-31,3,3,Mon,3,79,26.33,0,StecAa00
Shaun Bodiford,WR,25.149,2007-09-30,NFL,GNB,@,MIN,W 23-16,4,4,Sun,1,22,22.00,0,BodiSh00
Steve Breaston,WR,24.041,2007-09-30,NFL,ARI,,PIT,W 21-14,4,4,Sun,2,55,27.50,0,BreaSt00
Brian Calhoun,RB,23.145,2007-09-30,NFL,DET,,CHI,W 37-27,4,4,Sun,1,18,18.00,0,CalhBr00
Chris Carr,CB,24.153,2007-09-30,NFL,OAK,@,MIA,W 35-17,4,4,Sun,4,84,21.00,0,CarrCh22
Jesse Chatman,RB,28.008,2007-09-30,NFL,MIA,,OAK,L 17-35,4,4,Sun,1,21,21.00,0,ChatJe00
Michael Clayton,WR,24.352,2007-09-30,NFL,TAM,@,CAR,W 20-7,4,4,Sun,1,19,19.00,0,ClayMi00
Josh Cribbs,WR,24.113,2007-09-30,NFL,CLE,,BAL,W 27-13,4,4,Sun,3,94,31.33,0,CribJo01
Najeh Davenport,RB,28.234,2007-09-30,NFL,PIT,@,ARI,L 14-21,4,4,Sun,1,22,22.00,0,DaveNa00
Reuben Droughns,RB,29.040,2007-09-30,NFL,NYG,,PHI,W 16-3,4,4,Sun,1,32,32.00,0,DrouRe00
Eddie Drummond,WR,27.171,2007-09-30,NFL,KAN,@,SDG,W 30-16,4,4,Sun,3,50,16.67,0,DrumEd00
Yamon Figurs,WR/R,24.263,2007-09-30,NFL,BAL,@,CLE,L 13-27,4,4,Sun,4,94,23.50,0,FiguYa00
Casey Fitzsimmons,TE,26.355,2007-09-30,NFL,DET,,CHI,W 37-27,4,4,Sun,1,41,41.00,1,FitzCa00
Ted Ginn,WR,22.171,2007-09-30,NFL,MIA,,OAK,L 17-35,4,4,Sun,3,58,19.33,0,GinnTe00
Nick Goings,RB,29.247,2007-09-30,NFL,CAR,,TAM,L 7-20,4,4,Sun,3,53,17.67,0,GoinNi00
Dante Hall,WR,29.029,2007-09-30,NFL,STL,@,DAL,L 7-35,4,4,Sun,5,151,30.20,0,HallDa00
Devin Hester,KR/P,24.330,2007-09-30,NFL,CHI,@,DET,L 27-37,4,4,Sun,7,219,31.29,1,HestDe99
Maurice Hicks,RB,29.070,2007-09-30,NFL,SFO,,SEA,L 3-23,4,4,Sun,4,92,23.00,0,HickMa00
Domenik Hixon,WR,22.357,2007-09-30,NFL,DEN,@,IND,L 20-38,4,4,Sun,5,110,22.00,0,HixoDo00
Kenton Keith,RB,27.078,2007-09-30,NFL,IND,,DEN,W 38-20,4,4,Sun,1,15,15.00,0,KeitKe00
Vonta Leach,FB,25.328,2007-09-30,NFL,HOU,@,ATL,L 16-26,4,4,Sun,1,14,14.00,0,LeacVo00
Terrence McGee,RCB,26.351,2007-09-30,NFL,BUF,,NYJ,W 17-14,4,4,Sun,3,60,20.00,0,McGeTe99
Brandon Middleton,WR,26.271,2007-09-30,NFL,DET,,CHI,W 37-27,4,4,Sun,3,70,23.33,0,MiddBr00
Jerious Norwood,RB,24.063,2007-09-30,NFL,ATL,,HOU,W 26-16,4,4,Sun,3,68,22.67,0,NorwJe00
Ben Obomanu,WR,23.335,2007-09-30,NFL,SEA,@,SFO,W 23-3,4,4,Sun,1,22,22.00,0,ObomBe00
Adrian Peterson,RB,22.193,2007-09-30,NFL,MIN,,GNB,L 16-23,4,4,Sun,3,98,32.67,0,PeteAd01
J.R. Reed,KR,25.231,2007-09-30,NFL,PHI,@,NYG,L 3-16,4,4,Sun,4,98,24.50,0,ReedJ.20
Allen Rossum,CB,31.343,2007-09-30,NFL,PIT,@,ARI,L 14-21,4,4,Sun,2,44,22.00,0,RossAl99
T.J. Rushing,DB,24.114,2007-09-30,NFL,IND,,DEN,W 38-20,4,4,Sun,4,112,28.00,0,RushT.20
Visanthe Shiancoe,TE,27.104,2007-09-30,NFL,MIN,,GNB,L 16-23,4,4,Sun,1,0,0.00,0,ShiaVi00
Darren Sproles,RB/K,24.102,2007-09-30,NFL,SDG,,KAN,L 16-30,4,4,Sun,6,161,26.83,0,SproDa00
Tyson Thompson,RB,26.132,2007-09-30,NFL,DAL,,STL,W 35-7,4,4,Sun,1,20,20.00,0,ThomTy00
Leon Washington,RB-K,25.032,2007-09-30,NFL,NYJ,@,BUF,L 14-17,4,4,Sun,2,54,27.00,0,WashLe00
DeAngelo Williams,RB,24.158,2007-09-30,NFL,CAR,,TAM,L 7-20,4,4,Sun,1,29,29.00,0,WillDe02
Tramon Williams,CB,24.198,2007-09-30,NFL,GNB,@,MIN,W 23-16,4,4,Sun,2,45,22.50,0,WillTr99
Jason Wright,RB,25.080,2007-09-30,NFL,CLE,,BAL,W 27-13,4,4,Sun,1,20,20.00,0,WrigJa01
Dexter Wynn,CB,26.217,2007-09-30,NFL,HOU,@,ATL,L 16-26,4,4,Sun,4,117,29.25,0,WynnDe20
Willie Andrews,DB,23.333,2007-10-01,NFL,NWE,@,CIN,W 34-13,4,4,Mon,1,24,24.00,0,AndrWi20
Ellis Hobbs,RCB,24.138,2007-10-01,NFL,NWE,@,CIN,W 34-13,4,4,Mon,3,79,26.33,0,HobbEl20
Glenn Holt,WR,23.062,2007-10-01,NFL,CIN,,NWE,L 13-34,4,4,Mon,6,129,21.50,0,HoltGl00
J.J. Arrington,RB,24.257,2007-10-07,NFL,ARI,@,STL,W 34-31,5,5,Sun,4,78,19.50,0,ArriJ.00
Steve Breaston,WR,24.048,2007-10-07,NFL,ARI,@,STL,W 34-31,5,5,Sun,2,55,27.50,0,BreaSt00
Rock Cartwright,RB,27.308,2007-10-07,NFL,WAS,,DET,W 34-3,4,5,Sun,2,46,23.00,0,CartRo01
Brian Clark,WR,23.285,2007-10-07,NFL,DEN,,SDG,L 3-41,5,5,Sun,3,70,23.33,0,ClarBr00
Patrick Cobbs,RB,24.249,2007-10-07,NFL,MIA,@,HOU,L 19-22,5,5,Sun,1,6,6.00,0,CobbPa00
Josh Cribbs,WR,24.120,2007-10-07,NFL,CLE,@,NWE,L 17-34,5,5,Sun,5,118,23.60,0,CribJo01
Reuben Droughns,RB,29.047,2007-10-07,NFL,NYG,,NYJ,W 35-24,5,5,Sun,3,62,20.67,0,DrouRe00
Eddie Drummond,WR,27.178,2007-10-07,NFL,KAN,,JAX,L 7-17,5,5,Sun,3,54,18.00,0,DrumEd00
John Gilmore,TE,28.016,2007-10-07,NFL,CHI,@,GNB,W 27-20,5,5,Sun,2,15,7.50,0,GilmJo00
Ted Ginn,WR,22.178,2007-10-07,NFL,MIA,@,HOU,L 19-22,5,5,Sun,5,176,35.20,0,GinnTe00
Michael Griffin,DB,22.276,2007-10-07,NFL,TEN,,ATL,W 20-13,4,5,Sun,3,75,25.00,0,GrifMi99
Marques Hagans,QB,24.282,2007-10-07,NFL,STL,,ARI,L 31-34,5,5,Sun,1,20,20.00,0,HagaMa00
Dante Hall,WR,29.036,2007-10-07,NFL,STL,,ARI,L 31-34,5,5,Sun,4,105,26.25,0,HallDa00
Maurice Hicks,RB,29.077,2007-10-07,NFL,SFO,,BAL,L 7-9,5,5,Sun,4,104,26.00,0,HickMa00
Ellis Hobbs,RCB,24.144,2007-10-07,NFL,NWE,,CLE,W 34-17,5,5,Sun,1,18,18.00,0,HobbEl20
Israel Idonije,DE,26.324,2007-10-07,NFL,CHI,@,GNB,W 27-20,5,5,Sun,2,2,1.00,0,IdonIs20
Mark Jones,WR,26.338,2007-10-07,NFL,TAM,@,IND,L 14-33,5,5,Sun,5,137,27.40,0,JoneMa01
Maurice Jones-Drew,RB,22.198,2007-10-07,NFL,JAX,@,KAN,W 17-7,4,5,Sun,1,29,29.00,0,DrewMa00
Stanley McClover,DE,22.295,2007-10-07,NFL,CAR,@,NOR,W 16-13,5,5,Sun,1,0,0.00,0,McClSt20
Gene Mruczkowski,G,27.123,2007-10-07,NFL,MIA,@,HOU,L 19-22,5,5,Sun,1,9,9.00,0,MrucGe20
Jerious Norwood,RB,24.070,2007-10-07,NFL,ATL,@,TEN,L 13-20,5,5,Sun,3,144,48.00,0,NorwJe00
Ben Obomanu,WR,23.342,2007-10-07,NFL,SEA,@,PIT,L 0-21,5,5,Sun,3,66,22.00,0,ObomBe00
Cory Ross,RB,25.015,2007-10-07,NFL,BAL,@,SFO,W 9-7,5,5,Sun,1,18,18.00,0,RossCo00
Sean Ryan,TE,27.194,2007-10-07,NFL,NYJ,@,NYG,L 24-35,5,5,Sun,1,18,18.00,0,RyanSe00
Brad Smith,WR,23.299,2007-10-07,NFL,NYJ,@,NYG,L 24-35,5,5,Sun,1,27,27.00,0,SmitBr01
Darren Sproles,RB/K,24.109,2007-10-07,NFL,SDG,@,DEN,W 41-3,5,5,Sun,2,49,24.50,0,SproDa00
Pierre Thomas,RB,22.293,2007-10-07,NFL,NOR,,CAR,L 13-16,4,5,Sun,4,100,25.00,0,ThomPi00
Craphonso Thorpe,WR,24.102,2007-10-07,NFL,IND,,TAM,W 33-14,5,5,Sun,3,58,19.33,0,ThorCr00
James Thrash,WR,32.162,2007-10-07,NFL,WAS,,DET,W 34-3,4,5,Sun,1,20,20.00,0,ThraJa00
Troy Walters,WR,30.296,2007-10-07,NFL,DET,@,WAS,L 3-34,5,5,Sun,4,89,22.25,0,WaltTr00
Leon Washington,RB,25.039,2007-10-07,NFL,NYJ,@,NYG,L 24-35,5,5,Sun,3,155,51.67,1,WashLe00
Wes Welker,WR,26.159,2007-10-07,NFL,NWE,,CLE,W 34-17,5,5,Sun,2,51,25.50,0,WelkWe00
DeAngelo Williams,RB,24.165,2007-10-07,NFL,CAR,@,NOR,W 16-13,5,5,Sun,3,39,13.00,0,WillDe02
Tramon Williams,CB,24.205,2007-10-07,NFL,GNB,,CHI,L 20-27,5,5,Sun,6,173,28.83,0,WillTr99
Jason Wright,RB,25.087,2007-10-07,NFL,CLE,@,NWE,L 17-34,5,5,Sun,1,19,19.00,0,WrigJa01
Dexter Wynn,CB,26.224,2007-10-07,NFL,HOU,,MIA,W 22-19,5,5,Sun,5,164,32.80,0,WynnDe20
Terrence McGee,RCB,26.359,2007-10-08,NFL,BUF,,DAL,L 24-25,5,5,Mon,3,144,48.00,1,McGeTe99
Roscoe Parrish,WR,25.084,2007-10-08,NFL,BUF,,DAL,L 24-25,5,5,Mon,1,21,21.00,0,ParrRo00
Tyson Thompson,RB,26.140,2007-10-08,NFL,DAL,@,BUF,W 25-24,5,5,Mon,4,83,20.75,0,ThomTy00
Deon Anderson,FB,24.260,2007-10-14,NFL,DAL,,NWE,L 27-48,6,6,Sun,1,10,10.00,0,AndeDe01
J.J. Arrington,RB,24.264,2007-10-14,NFL,ARI,,CAR,L 10-25,6,6,Sun,2,76,38.00,0,ArriJ.00
Steve Breaston,WR,24.055,2007-10-14,NFL,ARI,,CAR,L 10-25,6,6,Sun,5,123,24.60,0,BreaSt00
Correll Buckhalter,RB,29.008,2007-10-14,NFL,PHI,@,NYJ,W 16-9,5,6,Sun,2,35,17.50,0,BuckCo00
Chris Carr,CB,24.167,2007-10-14,NFL,OAK,@,SDG,L 14-28,5,6,Sun,4,74,18.50,0,CarrCh22
Rock Cartwright,RB,27.315,2007-10-14,NFL,WAS,@,GNB,L 14-17,5,6,Sun,4,109,27.25,0,CartRo01
Jesse Chatman,RB,28.022,2007-10-14,NFL,MIA,@,CLE,L 31-41,6,6,Sun,1,10,10.00,0,ChatJe00
Josh Cribbs,WR,24.127,2007-10-14,NFL,CLE,,MIA,W 41-31,6,6,Sun,5,141,28.20,0,CribJo01
Andre' Davis,WR,28.124,2007-10-14,NFL,HOU,@,JAX,L 17-37,6,6,Sun,1,15,15.00,0,DaviAn01
Rashied Davis,WR,28.082,2007-10-14,NFL,CHI,,MIN,L 31-34,6,6,Sun,1,20,20.00,0,DaviRa00
Eddie Drummond,WR,27.185,2007-10-14,NFL,KAN,,CIN,W 27-20,6,6,Sun,2,45,22.50,0,DrumEd00
Yamon Figurs,WR/R,24.277,2007-10-14,NFL,BAL,,STL,W 22-3,6,6,Sun,1,54,54.00,0,FiguYa00
Ted Ginn,WR,22.185,2007-10-14,NFL,MIA,@,CLE,L 31-41,6,6,Sun,5,122,24.40,0,GinnTe00
Michael Griffin,DB,22.283,2007-10-14,NFL,TEN,@,TAM,L 10-13,5,6,Sun,4,59,14.75,0,GrifMi99
Geoff Hangartner,C,25.175,2007-10-14,NFL,CAR,@,ARI,W 25-10,6,6,Sun,1,10,10.00,0,HangGe20
Devin Hester,KR/W,24.344,2007-10-14,NFL,CHI,,MIN,L 31-34,6,6,Sun,4,86,21.50,0,HestDe99
Ellis Hobbs,RCB,24.151,2007-10-14,NFL,NWE,@,DAL,W 48-27,6,6,Sun,4,90,22.50,0,HobbEl20
Glenn Holt,WR,23.075,2007-10-14,NFL,CIN,@,KAN,L 20-27,5,6,Sun,4,75,18.75,0,HoltGl00
Mark Jones,WR,26.345,2007-10-14,NFL,TAM,,TEN,W 13-10,6,6,Sun,1,33,33.00,0,JoneMa01
Maurice Jones-Drew,RB,22.205,2007-10-14,NFL,JAX,,HOU,W 37-17,5,6,Sun,4,76,19.00,0,DrewMa00
Brandon Manumaleuna,TE,27.283,2007-10-14,NFL,SDG,,OAK,W 28-14,6,6,Sun,1,6,6.00,0,ManuBr00
Justin Peelle,TE,28.213,2007-10-14,NFL,MIA,@,CLE,L 31-41,6,6,Sun,1,0,0.00,0,PeelJu00
Adrian Peterson,RB,28.105,2007-10-14,NFL,CHI,,MIN,L 31-34,6,6,Sun,1,14,14.00,0,PeteAd00
Adrian Peterson,RB,22.207,2007-10-14,NFL,MIN,@,CHI,W 34-31,5,6,Sun,4,128,32.00,0,PeteAd01
Darren Sproles,RB/K,24.116,2007-10-14,NFL,SDG,,OAK,W 28-14,6,6,Sun,1,18,18.00,0,SproDa00
Courtney Taylor,WR,23.190,2007-10-14,NFL,SEA,,NOR,L 17-28,6,6,Sun,1,27,27.00,0,TaylCo00
Pierre Thomas,RB,22.300,2007-10-14,NFL,NOR,@,SEA,W 28-17,5,6,Sun,1,17,17.00,0,ThomPi00
Tyson Thompson,RB,26.146,2007-10-14,NFL,DAL,,NWE,L 27-48,6,6,Sun,6,167,27.83,0,ThomTy00
Leon Washington,RB-K,25.046,2007-10-14,NFL,NYJ,,PHI,L 9-16,6,6,Sun,3,112,37.33,0,WashLe00
Wes Welker,WR,26.166,2007-10-14,NFL,NWE,@,DAL,W 48-27,6,6,Sun,2,55,27.50,0,WelkWe00
Brandon Williams,WR,23.232,2007-10-14,NFL,STL,@,BAL,L 3-22,6,6,Sun,5,112,22.40,0,WillBr01
DeAngelo Williams,RB,24.172,2007-10-14,NFL,CAR,@,ARI,W 25-10,6,6,Sun,1,21,21.00,0,WillDe02
Tramon Williams,CB,24.212,2007-10-14,NFL,GNB,,WAS,W 17-14,6,6,Sun,3,43,14.33,0,WillTr99
Troy Williamson,WR,24.167,2007-10-14,NFL,MIN,@,CHI,W 34-31,5,6,Sun,1,30,30.00,0,WillTr01
Josh Wilson,CB,22.217,2007-10-14,NFL,SEA,,NOR,L 17-28,6,6,Sun,4,92,23.00,0,WilsJo99
Dexter Wynn,CB,26.231,2007-10-14,NFL,HOU,@,JAX,L 17-37,6,6,Sun,5,67,13.40,0,WynnDe20
Reuben Droughns,RB,29.055,2007-10-15,NFL,NYG,@,ATL,W 31-10,6,6,Mon,3,70,23.33,0,DrouRe00
Ovie Mughelli,FB,27.127,2007-10-15,NFL,ATL,,NYG,L 10-31,6,6,Mon,1,18,18.00,0,MughOv00
Jerious Norwood,RB,24.078,2007-10-15,NFL,ATL,,NYG,L 10-31,6,6,Mon,5,87,17.40,0,NorwJe00
Mike Anderson,RB,34.030,2007-10-21,NFL,BAL,@,BUF,L 14-19,7,7,Sun,1,10,10.00,0,AndeMi00
Willie Andrews,DB,23.353,2007-10-21,NFL,NWE,@,MIA,W 49-28,7,7,Sun,1,77,77.00,1,AndrWi20
Steve Breaston,WR,24.062,2007-10-21,NFL,ARI,@,WAS,L 19-21,7,7,Sun,4,57,14.25,0,BreaSt00
Correll Buckhalter,RB,29.015,2007-10-21,NFL,PHI,,CHI,L 16-19,6,7,Sun,5,115,23.00,0,BuckCo00
Nate Burleson,WR,26.063,2007-10-21,NFL,SEA,,STL,W 33-6,7,7,Sun,2,117,58.50,1,BurlNa00
Chris Carr,CB,24.174,2007-10-21,NFL,OAK,,KAN,L 10-12,6,7,Sun,2,45,22.50,0,CarrCh22
Rock Cartwright,RB,27.322,2007-10-21,NFL,WAS,,ARI,W 21-19,6,7,Sun,1,80,80.00,0,CartRo01
Jerricho Cotchery,WR,25.127,2007-10-21,NFL,NYJ,@,CIN,L 31-38,7,7,Sun,1,32,32.00,0,CotcJe00
Torrie Cox,CB,26.357,2007-10-21,NFL,TAM,@,DET,L 16-23,7,7,Sun,1,27,27.00,0,CoxxTo21
Najeh Davenport,RB,28.255,2007-10-21,NFL,PIT,@,DEN,L 28-31,6,7,Sun,1,19,19.00,0,DaveNa00
Andre' Davis,WR,28.131,2007-10-21,NFL,HOU,,TEN,L 36-38,7,7,Sun,6,158,26.33,0,DaviAn01
Chris Davis,WR,23.271,2007-10-21,NFL,TEN,@,HOU,W 38-36,6,7,Sun,1,18,18.00,0,DaviCh02
Rashied Davis,WR,28.089,2007-10-21,NFL,CHI,@,PHI,W 19-16,7,7,Sun,3,24,8.00,0,DaviRa00
Reuben Droughns,RB,29.061,2007-10-21,NFL,NYG,,SFO,W 33-15,7,7,Sun,2,39,19.50,0,DrouRe00
Yamon Figurs,WR/R,24.284,2007-10-21,NFL,BAL,@,BUF,L 14-19,7,7,Sun,3,58,19.33,0,FiguYa00
Ted Ginn,WR,22.192,2007-10-21,NFL,MIA,,NWE,L 28-49,7,7,Sun,4,86,21.50,0,GinnTe00
Michael Griffin,DB,22.290,2007-10-21,NFL,TEN,@,HOU,W 38-36,6,7,Sun,2,55,27.50,0,GrifMi99
Maurice Hicks,RB,29.091,2007-10-21,NFL,SFO,@,NYG,L 15-33,6,7,Sun,6,135,22.50,0,HickMa00
Ellis Hobbs,RCB,24.158,2007-10-21,NFL,NWE,@,MIA,W 49-28,7,7,Sun,2,67,33.50,0,HobbEl20
Glenn Holt,WR,23.082,2007-10-21,NFL,CIN,,NYJ,W 38-31,6,7,Sun,5,109,21.80,0,HoltGl00
Jacoby Jones,WR,23.102,2007-10-21,NFL,HOU,,TEN,L 36-38,7,7,Sun,2,41,20.50,0,JoneJa03
Mark Jones,WR,26.352,2007-10-21,NFL,TAM,@,DET,L 16-23,7,7,Sun,2,44,22.00,0,JoneMa01
Greg Lewis,WR,27.251,2007-10-21,NFL,PHI,,CHI,L 16-19,6,7,Sun,1,3,3.00,0,LewiGr01
Michael Lewis,WR,35.341,2007-10-21,NFL,SFO,@,NYG,L 15-33,6,7,Sun,1,16,16.00,0,LewiMi00
Glenn Martinez,WR,25.325,2007-10-21,NFL,DEN,,PIT,W 31-28,6,7,Sun,1,31,31.00,0,MartGl00
Terrence McGee,RCB,27.007,2007-10-21,NFL,BUF,,BAL,W 19-14,6,7,Sun,3,66,22.00,0,McGeTe99
Jerious Norwood,RB,24.084,2007-10-21,NFL,ATL,@,NOR,L 16-22,7,7,Sun,2,38,19.00,0,NorwJe00
Adrian Peterson,RB,28.112,2007-10-21,NFL,CHI,@,PHI,W 19-16,7,7,Sun,1,2,2.00,0,PeteAd00
Adrian Peterson,RB,22.214,2007-10-21,NFL,MIN,@,DAL,L 14-24,6,7,Sun,3,65,21.67,0,PeteAd01
Dominic Rhodes,RB,28.277,2007-10-21,NFL,OAK,,KAN,L 10-12,6,7,Sun,2,45,22.50,0,RhodDo00
Michael Robinson,RB,24.257,2007-10-21,NFL,SFO,@,NYG,L 15-33,6,7,Sun,1,21,21.00,0,RobiMi00
Allen Rossum,KR,31.364,2007-10-21,NFL,PIT,@,DEN,L 28-31,6,7,Sun,3,48,16.00,0,RossAl99
Pierre Thomas,RB,22.307,2007-10-21,NFL,NOR,,ATL,W 22-16,6,7,Sun,3,78,26.00,0,ThomPi00
Tyson Thompson,RB,26.153,2007-10-21,NFL,DAL,,MIN,W 24-14,7,7,Sun,1,17,17.00,0,ThomTy00
James Thrash,WR,32.176,2007-10-21,NFL,WAS,,ARI,W 21-19,6,7,Sun,1,16,16.00,0,ThraJa00
Troy Walters,WR,30.310,2007-10-21,NFL,DET,,TAM,W 23-16,6,7,Sun,2,45,22.50,0,WaltTr00
Leon Washington,RB/K,25.053,2007-10-21,NFL,NYJ,@,CIN,L 31-38,7,7,Sun,5,118,23.60,0,WashLe00
Wes Welker,WR,26.173,2007-10-21,NFL,NWE,@,MIA,W 49-28,7,7,Sun,1,25,25.00,0,WelkWe00
Brandon Williams,WR,23.239,2007-10-21,NFL,STL,@,SEA,L 6-33,7,7,Sun,7,171,24.43,0,WillBr01
Troy Williamson,WR,24.174,2007-10-21,NFL,MIN,@,DAL,L 14-24,6,7,Sun,1,13,13.00,0,WillTr01
Selvin Young,RB,24.020,2007-10-21,NFL,DEN,,PIT,W 31-28,6,7,Sun,2,47,23.50,0,YounSe00
Maurice Jones-Drew,RB/K,22.213,2007-10-22,NFL,JAX,,IND,L 7-29,6,7,Mon,4,133,33.25,0,DrewMa00
T.J. Rushing,DB,24.136,2007-10-22,NFL,IND,@,JAX,W 29-7,6,7,Mon,3,56,18.67,0,RushT.20
George Wrighster,TE,26.204,2007-10-22,NFL,JAX,,IND,L 7-29,6,7,Mon,1,6,6.00,0,WrigGe00
Lorenzo Alexander,DT,24.150,2007-10-28,NFL,WAS,@,NWE,L 7-52,7,8,Sun,1,10,10.00,0,AlexLo99
Chris Baker,TE,27.344,2007-10-28,NFL,NYJ,,BUF,L 3-13,8,8,Sun,1,-1,-1.00,0,BakeCh00
Ladell Betts,RB,28.062,2007-10-28,NFL,WAS,@,NWE,L 7-52,7,8,Sun,5,108,21.60,0,BettLa00
Ahmad Bradshaw,RB,21.223,2007-10-28,NFL,NYG,@,MIA,W 13-10,8,8,Sun,1,35,35.00,0,BradAh00
Phillip Buchanon,RCB,27.039,2007-10-28,NFL,TAM,,JAX,L 23-24,8,8,Sun,1,16,16.00,0,BuchPh20
Correll Buckhalter,RB,29.022,2007-10-28,NFL,PHI,@,MIN,W 23-16,7,8,Sun,4,62,15.50,0,BuckCo00
Chris Carr,CB,24.181,2007-10-28,NFL,OAK,@,TEN,L 9-13,7,8,Sun,2,30,15.00,0,CarrCh22
Aveion Cason,RB,28.108,2007-10-28,NFL,DET,@,CHI,W 16-7,7,8,Sun,1,19,19.00,0,CasoAv00
Patrick Cobbs,RB,24.270,2007-10-28,NFL,MIA,,NYG,L 10-13,8,8,Sun,1,9,9.00,0,CobbPa00
Torrie Cox,CB,26.364,2007-10-28,NFL,TAM,,JAX,L 23-24,8,8,Sun,1,14,14.00,0,CoxxTo21
Casey Cramer,FB,25.296,2007-10-28,NFL,TEN,,OAK,W 13-9,7,8,Sun,1,13,13.00,0,CramCa00
Josh Cribbs,WR,24.141,2007-10-28,NFL,CLE,@,STL,W 27-20,7,8,Sun,2,57,28.50,0,CribJo01
Andre' Davis,WR,28.138,2007-10-28,NFL,HOU,@,SDG,L 10-35,8,8,Sun,5,98,19.60,0,DaviAn01
Chris Davis,WR,23.278,2007-10-28,NFL,TEN,,OAK,W 13-9,7,8,Sun,1,19,19.00,0,DaviCh02
Rashied Davis,WR,28.096,2007-10-28,NFL,CHI,,DET,L 7-16,8,8,Sun,1,14,14.00,0,DaviRa00
Darnell Dinkins,TE,30.281,2007-10-28,NFL,CLE,@,STL,W 27-20,7,8,Sun,1,19,19.00,0,DinkDa00
Reuben Droughns,RB,29.068,2007-10-28,NFL,NYG,@,MIA,W 13-10,8,8,Sun,1,31,31.00,0,DrouRe00
Lennie Friedman,OL,31.076,2007-10-28,NFL,CLE,@,STL,W 27-20,7,8,Sun,1,13,13.00,0,FrieLe20
Ted Ginn,WR,22.199,2007-10-28,NFL,MIA,,NYG,L 10-13,8,8,Sun,3,65,21.67,0,GinnTe00
Geoff Hangartner,C,25.189,2007-10-28,NFL,CAR,,IND,L 7-31,7,8,Sun,1,16,16.00,0,HangGe20
Devin Hester,KR/W,24.358,2007-10-28,NFL,CHI,,DET,L 7-16,8,8,Sun,1,20,20.00,0,HestDe99
Maurice Hicks,RB,29.098,2007-10-28,NFL,SFO,,NOR,L 10-31,7,8,Sun,4,97,24.25,0,HickMa00
Ellis Hobbs,RCB,24.165,2007-10-28,NFL,NWE,,WAS,W 52-7,8,8,Sun,1,16,16.00,0,HobbEl20
Glenn Holt,WR,23.089,2007-10-28,NFL,CIN,,PIT,L 13-24,7,8,Sun,5,141,28.20,0,HoltGl00
Jacoby Jones,WR,23.109,2007-10-28,NFL,HOU,@,SDG,L 10-35,8,8,Sun,1,19,19.00,0,JoneJa03
Michael Lewis,WR,35.348,2007-10-28,NFL,SFO,,NOR,L 10-31,7,8,Sun,1,18,18.00,0,LewiMi00
Chad Lucas,WR,25.355,2007-10-28,NFL,TAM,,JAX,L 23-24,8,8,Sun,2,35,17.50,0,LucaCh00
Terrence McGee,RCB,27.014,2007-10-28,NFL,BUF,@,NYJ,W 13-3,7,8,Sun,2,51,25.50,0,McGeTe99
Adrian Peterson,RB,22.221,2007-10-28,NFL,MIN,,PHI,L 16-23,7,8,Sun,2,11,5.50,0,PeteAd01
Dominic Rhodes,RB,28.284,2007-10-28,NFL,OAK,@,TEN,L 9-13,7,8,Sun,2,48,24.00,0,RhodDo00
Allen Rossum,CB,32.006,2007-10-28,NFL,PIT,@,CIN,W 24-13,7,8,Sun,3,71,23.67,0,RossAl99
T.J. Rushing,DB,24.142,2007-10-28,NFL,IND,@,CAR,W 31-7,7,8,Sun,1,28,28.00,0,RushT.20
Brad Smith,WR,23.320,2007-10-28,NFL,NYJ,,BUF,L 3-13,8,8,Sun,1,4,4.00,0,SmitBr01
Darren Sproles,RB/K,24.130,2007-10-28,NFL,SDG,,HOU,W 35-10,7,8,Sun,2,54,27.00,0,SproDa00
Scott Starks,CB,24.123,2007-10-28,NFL,JAX,@,TAM,W 24-23,7,8,Sun,2,33,16.50,0,StarSc20
Maurice Stovall,WR,22.249,2007-10-28,NFL,TAM,,JAX,L 23-24,8,8,Sun,1,22,22.00,0,StovMa00
Pierre Thomas,RB,22.314,2007-10-28,NFL,NOR,@,SFO,W 31-10,7,8,Sun,1,19,19.00,0,ThomPi00
LaBrandon Toefield,RB,27.034,2007-10-28,NFL,JAX,@,TAM,W 24-23,7,8,Sun,3,57,19.00,0,ToefLa00
Mike Vrabel,OLB,32.075,2007-10-28,NFL,NWE,,WAS,W 52-7,8,8,Sun,1,3,3.00,0,VrabMi20
Leon Washington,RB/K,25.060,2007-10-28,NFL,NYJ,,BUF,L 3-13,8,8,Sun,2,48,24.00,0,WashLe00
Brandon Williams,WR,23.246,2007-10-28,NFL,STL,,CLE,L 20-27,8,8,Sun,6,134,22.33,0,WillBr01
DeAngelo Williams,RB,24.186,2007-10-28,NFL,CAR,,IND,L 7-31,7,8,Sun,4,73,18.25,0,WillDe02
Troy Williamson,WR,24.181,2007-10-28,NFL,MIN,,PHI,L 16-23,7,8,Sun,4,99,24.75,0,WillTr01
George Wrighster,TE,26.210,2007-10-28,NFL,JAX,@,TAM,W 24-23,7,8,Sun,1,29,29.00,0,WrigGe00
Shaun Bodiford,WR,25.178,2007-10-29,NFL,GNB,@,DEN,W 19-13,7,8,Mon,1,19,19.00,0,BodiSh00
Andre Hall,RB,25.070,2007-10-29,NFL,DEN,,GNB,L 13-19,7,8,Mon,2,49,24.50,0,HallAn01
Tramon Williams,CB,24.227,2007-10-29,NFL,GNB,@,DEN,W 19-13,7,8,Mon,2,42,21.00,0,WillTr99
Aundrae Allison,WR,21.198,2007-11-04,NFL,MIN,,SDG,W 35-17,8,9,Sun,2,80,40.00,0,AlliAu00
Steve Breaston,WR,24.076,2007-11-04,NFL,ARI,@,TAM,L 10-17,8,9,Sun,4,81,20.25,0,BreaSt00
John Broussard,WR,23.321,2007-11-04,NFL,JAX,@,NOR,L 24-41,8,9,Sun,1,20,20.00,0,BrouJo00
Correll Buckhalter,RB,29.029,2007-11-04,NFL,PHI,,DAL,L 17-38,8,9,Sun,7,147,21.00,0,BuckCo00
Nate Burleson,WR,26.077,2007-11-04,NFL,SEA,@,CLE,L 30-33,8,9,Sun,4,75,18.75,0,BurlNa00
Chris Carr,CB,24.188,2007-11-04,NFL,OAK,,HOU,L 17-24,8,9,Sun,2,58,29.00,0,CarrCh22
Rock Cartwright,RB,27.336,2007-11-04,NFL,WAS,@,NYJ,W 23-20,8,9,Sun,4,104,26.00,0,CartRo01
Aveion Cason,RB,28.115,2007-11-04,NFL,DET,,DEN,W 44-7,8,9,Sun,1,33,33.00,0,CasoAv00
Josh Cribbs,WR,24.148,2007-11-04,NFL,CLE,,SEA,W 33-30,8,9,Sun,6,161,26.83,0,CribJo01
De Dorsey,HB,23.095,2007-11-04,NFL,CIN,@,BUF,L 21-33,8,9,Sun,1,0,0.00,0,DorsDe00
Eddie Drummond,WR,27.206,2007-11-04,NFL,KAN,,GNB,L 22-33,8,9,Sun,6,126,21.00,0,DrumEd00
Andre Hall,RB,25.076,2007-11-04,NFL,DEN,@,DET,L 7-44,8,9,Sun,4,116,29.00,0,HallAn01
Chris Henry,RB,22.151,2007-11-04,NFL,TEN,,CAR,W 20-7,8,9,Sun,1,46,46.00,0,HenrCh01
Ellis Hobbs,RCB,24.172,2007-11-04,NFL,NWE,@,IND,W 24-20,9,9,Sun,4,96,24.00,0,HobbEl20
Glenn Holt,WR,23.096,2007-11-04,NFL,CIN,@,BUF,L 21-33,8,9,Sun,5,176,35.20,1,HoltGl00
Adam Jennings,WR,24.352,2007-11-04,NFL,ATL,,SFO,W 20-16,8,9,Sun,1,28,28.00,0,JennAd00
Maurice Jones-Drew,RB/K,22.226,2007-11-04,NFL,JAX,@,NOR,L 24-41,8,9,Sun,3,142,47.33,1,DrewMa00
Michael Lewis,WR,35.355,2007-11-04,NFL,SFO,@,ATL,L 16-20,8,9,Sun,3,52,17.33,0,LewiMi00
Glenn Martinez,WR,25.339,2007-11-04,NFL,DEN,@,DET,L 7-44,8,9,Sun,2,41,20.50,0,MartGl00
Turk McBride,DE,22.158,2007-11-04,NFL,KAN,,GNB,L 22-33,8,9,Sun,1,6,6.00,0,McBrTu99
Terrence McGee,RCB,27.021,2007-11-04,NFL,BUF,,CIN,W 33-21,8,9,Sun,3,82,27.33,0,McGeTe99
Ryan Neufeld,TE,31.347,2007-11-04,NFL,BUF,,CIN,W 33-21,8,9,Sun,1,-1,-1.00,0,NeufRy00
Jerious Norwood,RB,24.098,2007-11-04,NFL,ATL,,SFO,W 20-16,8,9,Sun,4,96,24.00,0,NorwJe00
Dominic Rhodes,RB,28.291,2007-11-04,NFL,OAK,,HOU,L 17-24,8,9,Sun,3,56,18.67,0,RhodDo00
Koren Robinson,WR,27.230,2007-11-04,NFL,GNB,@,KAN,W 33-22,8,9,Sun,3,60,20.00,0,RobiKo00
Ryne Robinson,WR,23.000,2007-11-04,NFL,CAR,@,TEN,L 7-20,8,9,Sun,3,52,17.33,0,RobiRy00
T.J. Rushing,DB,24.149,2007-11-04,NFL,IND,,NWE,L 20-24,8,9,Sun,3,46,15.33,0,RushT.20
Benny Sapp,CB,26.288,2007-11-04,NFL,KAN,,GNB,L 22-33,8,9,Sun,1,11,11.00,0,SappBe20
Brad Smith,WR,23.327,2007-11-04,NFL,NYJ,,WAS,L 20-23,9,9,Sun,2,45,22.50,0,SmitBr01
Darren Sproles,RB/K,24.137,2007-11-04,NFL,SDG,@,MIN,L 17-35,8,9,Sun,4,122,30.50,0,SproDa00
Micheal Spurlock,WR,24.277,2007-11-04,NFL,TAM,,ARI,W 17-10,9,9,Sun,2,57,28.50,0,SpurMi00
Isaiah Stanback,WR,23.080,2007-11-04,NFL,DAL,@,PHI,W 38-17,8,9,Sun,3,78,26.00,0,StanIs00
Aaron Stecker,RB,31.356,2007-11-04,NFL,NOR,,JAX,W 41-24,8,9,Sun,2,36,18.00,0,StecAa00
Pierre Thomas,RB,22.321,2007-11-04,NFL,NOR,,JAX,W 41-24,8,9,Sun,3,61,20.33,0,ThomPi00
Ben Troupe,TE,25.064,2007-11-04,NFL,TEN,,CAR,W 20-7,8,9,Sun,1,12,12.00,0,TrouBe00
Troy Walters,WR,30.324,2007-11-04,NFL,DET,,DEN,W 44-7,8,9,Sun,1,9,9.00,0,WaltTr00
Leon Washington,RB/K,25.067,2007-11-04,NFL,NYJ,,WAS,L 20-23,9,9,Sun,3,125,41.67,1,WashLe00
Wes Welker,WR,26.187,2007-11-04,NFL,NWE,@,IND,W 24-20,9,9,Sun,1,26,26.00,0,WelkWe00
Josh Wilson,CB,22.238,2007-11-04,NFL,SEA,@,CLE,L 30-33,8,9,Sun,2,24,12.00,0,WilsJo99
Dexter Wynn,CB,26.252,2007-11-04,NFL,HOU,@,OAK,W 24-17,9,9,Sun,2,51,25.50,0,WynnDe20
Najeh Davenport,RB,28.270,2007-11-05,NFL,PIT,,BAL,W 38-7,8,9,Mon,1,17,17.00,0,DaveNa00
Yamon Figurs,WR/R,24.299,2007-11-05,NFL,BAL,@,PIT,L 7-38,8,9,Mon,3,71,23.67,0,FiguYa00
Allen Rossum,CB,32.014,2007-11-05,NFL,PIT,,BAL,W 38-7,8,9,Mon,1,29,29.00,0,RossAl99
Musa Smith,RB,25.158,2007-11-05,NFL,BAL,@,PIT,L 7-38,8,9,Mon,3,89,29.67,0,SmitMu00
Aundrae Allison,WR,21.205,2007-11-11,NFL,MIN,@,GNB,L 0-34,9,10,Sun,1,28,28.00,0,AlliAu00
Miles Austin,WR,23.134,2007-11-11,NFL,DAL,@,NYG,W 31-20,9,10,Sun,3,59,19.67,0,AustMi00
Ahmad Bradshaw,RB,21.237,2007-11-11,NFL,NYG,,DAL,L 20-31,9,10,Sun,4,49,12.25,0,BradAh00
Steve Breaston,WR,24.083,2007-11-11,NFL,ARI,,DET,W 31-21,9,10,Sun,2,69,34.50,0,BreaSt00
Chris Carr,CB,24.195,2007-11-11,NFL,OAK,,CHI,L 6-17,9,10,Sun,2,37,18.50,0,CarrCh22
Rock Cartwright,RB,27.343,2007-11-11,NFL,WAS,,PHI,L 25-33,9,10,Sun,6,141,23.50,0,CartRo01
Aveion Cason,RB,28.122,2007-11-11,NFL,DET,@,ARI,L 21-31,9,10,Sun,4,98,24.50,0,CasoAv00
Patrick Cobbs,RB,24.284,2007-11-11,NFL,MIA,,BUF,L 10-13,9,10,Sun,1,11,11.00,0,CobbPa00
Josh Cribbs,WR,24.155,2007-11-11,NFL,CLE,@,PIT,L 28-31,9,10,Sun,4,204,51.00,1,CribJo01
Najeh Davenport,RB,28.276,2007-11-11,NFL,PIT,,CLE,W 31-28,9,10,Sun,1,11,11.00,0,DaveNa00
Darnell Dinkins,TE,30.295,2007-11-11,NFL,CLE,@,PIT,L 28-31,9,10,Sun,3,17,5.67,0,DinkDa00
Reuben Droughns,RB,29.082,2007-11-11,NFL,NYG,,DAL,L 20-31,9,10,Sun,2,30,15.00,0,DrouRe00
Eddie Drummond,WR,27.213,2007-11-11,NFL,KAN,,DEN,L 11-27,9,10,Sun,4,73,18.25,0,DrumEd00
Tim Dwight,WR,32.121,2007-11-11,NFL,OAK,,CHI,L 6-17,9,10,Sun,1,30,30.00,0,DwigTi00
Ted Ginn,WR,22.213,2007-11-11,NFL,MIA,,BUF,L 10-13,9,10,Sun,2,29,14.50,0,GinnTe00
Andre Hall,RB,25.083,2007-11-11,NFL,DEN,@,KAN,W 27-11,9,10,Sun,4,103,25.75,0,HallAn01
Chris Henry,RB,22.158,2007-11-11,NFL,TEN,,JAX,L 13-28,9,10,Sun,5,65,13.00,0,HenrCh01
Devin Hester,KR,25.007,2007-11-11,NFL,CHI,@,OAK,W 17-6,9,10,Sun,2,34,17.00,0,HestDe99
Glenn Holt,WR,23.103,2007-11-11,NFL,CIN,@,BAL,W 21-7,9,10,Sun,1,23,23.00,0,HoltGl00
Adam Jennings,WR,24.359,2007-11-11,NFL,ATL,@,CAR,W 20-13,9,10,Sun,3,67,22.33,0,JennAd00
Nate Jones,CB,25.149,2007-11-11,NFL,DAL,@,NYG,W 31-20,9,10,Sun,1,27,27.00,0,JoneNa20
Maurice Jones-Drew,RB/K,22.233,2007-11-11,NFL,JAX,@,TEN,W 28-13,9,10,Sun,2,29,14.50,0,DrewMa00
Terrence McGee,RCB,27.028,2007-11-11,NFL,BUF,@,MIA,W 13-10,9,10,Sun,1,21,21.00,0,McGeTe99
Travis Minor,RB,28.134,2007-11-11,NFL,STL,@,NOR,W 37-29,9,10,Sun,1,21,21.00,0,MinoTr00
Lorenzo Neal,FB,36.319,2007-11-11,NFL,SDG,,IND,W 23-21,9,10,Sun,1,4,4.00,0,NealLo00
Roscoe Parrish,WR,25.118,2007-11-11,NFL,BUF,@,MIA,W 13-10,9,10,Sun,1,24,24.00,0,ParrRo00
Adrian Peterson,RB,28.133,2007-11-11,NFL,CHI,@,OAK,W 17-6,9,10,Sun,1,1,1.00,0,PeteAd00
J.R. Reed,S/KR,25.273,2007-11-11,NFL,PHI,@,WAS,W 33-25,9,10,Sun,6,94,15.67,0,ReedJ.20
Koren Robinson,WR,27.237,2007-11-11,NFL,GNB,,MIN,W 34-0,9,10,Sun,1,22,22.00,0,RobiKo00
Ryne Robinson,WR,23.007,2007-11-11,NFL,CAR,,ATL,L 13-20,9,10,Sun,3,77,25.67,0,RobiRy00
Dante Rosario,TE,23.017,2007-11-11,NFL,CAR,,ATL,L 13-20,9,10,Sun,1,14,14.00,0,RosaDa00
Cory Ross,RB,25.050,2007-11-11,NFL,BAL,,CIN,L 7-21,9,10,Sun,7,112,16.00,0,RossCo00
Allen Rossum,CB,32.020,2007-11-11,NFL,PIT,,CLE,W 31-28,9,10,Sun,4,75,18.75,0,RossAl99
Benny Sapp,CB,26.295,2007-11-11,NFL,KAN,,DEN,L 11-27,9,10,Sun,1,13,13.00,0,SappBe20
Darren Sproles,RB/K,24.144,2007-11-11,NFL,SDG,,IND,W 23-21,9,10,Sun,3,125,41.67,1,SproDa00
Anthony Thomas,RB,30.004,2007-11-11,NFL,BUF,@,MIA,W 13-10,9,10,Sun,2,26,13.00,0,ThomAn01
Pierre Thomas,RB,22.328,2007-11-11,NFL,NOR,,STL,L 29-37,9,10,Sun,8,233,29.13,0,ThomPi00
Craphonso Thorpe,WR,24.137,2007-11-11,NFL,IND,@,SDG,L 21-23,9,10,Sun,5,101,20.20,0,ThorCr00
Brandon Williams,WR,23.260,2007-11-11,NFL,STL,@,NOR,W 37-29,9,10,Sun,1,24,24.00,0,WillBr01
Troy Williamson,WR,24.195,2007-11-11,NFL,MIN,@,GNB,L 0-34,9,10,Sun,3,54,18.00,0,WillTr01
Maurice Hicks,RB,29.113,2007-11-12,NFL,SFO,@,SEA,L 0-24,9,10,Mon,4,102,25.50,0,HickMa00
C.J. Wallace,SS,22.209,2007-11-12,NFL,SEA,,SFO,W 24-0,9,10,Mon,1,0,0.00,0,WallC.99
Willie Andrews,DB,24.016,2007-11-18,NFL,NWE,@,BUF,W 56-10,10,11,Sun,1,15,15.00,0,AndrWi20
Miles Austin,WR,23.141,2007-11-18,NFL,DAL,,WAS,W 28-23,10,11,Sun,3,73,24.33,0,AustMi00
Jonathan Babineaux,DT,26.037,2007-11-18,NFL,ATL,,TAM,L 7-31,10,11,Sun,1,8,8.00,0,BabiJo20
David Bowens,LB,30.138,2007-11-18,NFL,NYJ,,PIT,W 19-16,10,11,Sun,1,4,4.00,0,BoweDa20
Ahmad Bradshaw,RB,21.244,2007-11-18,NFL,NYG,@,DET,W 16-10,10,11,Sun,2,97,48.50,0,BradAh00
Steve Breaston,WR,24.090,2007-11-18,NFL,ARI,@,CIN,W 35-27,10,11,Sun,6,122,20.33,0,BreaSt00
Phillip Buchanon,RCB,27.060,2007-11-18,NFL,TAM,@,ATL,W 31-7,10,11,Sun,1,-1,-1.00,0,BuchPh20
Nate Burleson,WR,26.091,2007-11-18,NFL,SEA,,CHI,W 30-23,10,11,Sun,3,78,26.00,0,BurlNa00
Rock Cartwright,RB,27.350,2007-11-18,NFL,WAS,@,DAL,L 23-28,10,11,Sun,5,145,29.00,0,CartRo01
Aveion Cason,RB,28.129,2007-11-18,NFL,DET,,NYG,L 10-16,10,11,Sun,3,67,22.33,0,CasoAv00
Matt Chatham,LB,30.143,2007-11-18,NFL,NYJ,,PIT,W 19-16,10,11,Sun,1,5,5.00,0,ChatMa20
Antonio Chatman,WR,28.279,2007-11-18,NFL,CIN,,ARI,L 27-35,10,11,Sun,2,49,24.50,0,ChatAn00
Patrick Cobbs,RB,24.291,2007-11-18,NFL,MIA,@,PHI,L 7-17,10,11,Sun,2,18,9.00,0,CobbPa00
Jerricho Cotchery,WR,25.155,2007-11-18,NFL,NYJ,,PIT,W 19-16,10,11,Sun,2,10,5.00,0,CotcJe00
Patrick Crayton,WR,28.225,2007-11-18,NFL,DAL,,WAS,W 28-23,10,11,Sun,1,9,9.00,0,CrayPa00
Josh Cribbs,WR,24.162,2007-11-18,NFL,CLE,@,BAL,W 33-30,10,11,Sun,7,245,35.00,0,CribJo01
Rashied Davis,WR,28.117,2007-11-18,NFL,CHI,@,SEA,L 23-30,10,11,Sun,2,31,15.50,0,DaviRa00
De Dorsey,HB,23.109,2007-11-18,NFL,CIN,,ARI,L 27-35,10,11,Sun,1,20,20.00,0,DorsDe00
Donald Driver,WR,32.289,2007-11-18,NFL,GNB,,CAR,W 31-17,10,11,Sun,1,4,4.00,0,DrivDo00
Jeff Dugan,TE,26.224,2007-11-18,NFL,MIN,,OAK,W 29-22,10,11,Sun,1,18,18.00,0,DugaJe00
Yamon Figurs,WR/R,24.312,2007-11-18,NFL,BAL,,CLE,L 30-33,10,11,Sun,5,120,24.00,0,FiguYa00
Ted Ginn,WR,22.220,2007-11-18,NFL,MIA,@,PHI,L 7-17,10,11,Sun,2,52,26.00,0,GinnTe00
Charles Gordon,CB,23.123,2007-11-18,NFL,MIN,,OAK,W 29-22,10,11,Sun,1,27,27.00,0,GordCh20
Dante Hall,WR,29.078,2007-11-18,NFL,STL,@,SFO,W 13-9,10,11,Sun,3,57,19.00,0,HallDa00
Devin Hester,KR/P,25.014,2007-11-18,NFL,CHI,@,SEA,L 23-30,10,11,Sun,4,116,29.00,0,HestDe99
Maurice Hicks,RB,29.119,2007-11-18,NFL,SFO,,STL,L 9-13,10,11,Sun,3,69,23.00,0,HickMa00
Ellis Hobbs,RCB,24.186,2007-11-18,NFL,NWE,@,BUF,W 56-10,10,11,Sun,1,17,17.00,0,HobbEl20
Glenn Holt,WR,23.110,2007-11-18,NFL,CIN,,ARI,L 27-35,10,11,Sun,2,61,30.50,0,HoltGl00
Chad Jackson,WR,22.257,2007-11-18,NFL,NWE,@,BUF,W 56-10,10,11,Sun,1,15,15.00,0,JackCh00
Fred Jackson,QB,26.271,2007-11-18,NFL,BUF,,NWE,L 10-56,10,11,Sun,1,16,16.00,0,JackFr02
Nate Jones,CB,25.156,2007-11-18,NFL,DAL,,WAS,W 28-23,10,11,Sun,1,14,14.00,0,JoneNa20
Maurice Jones-Drew,RB/K,22.240,2007-11-18,NFL,JAX,,SDG,W 24-17,10,11,Sun,4,71,17.75,0,DrewMa00
Justin McCareins,WR,28.352,2007-11-18,NFL,NYJ,,PIT,W 19-16,10,11,Sun,1,3,3.00,0,McCaJu00
Terrence McGee,RCB,27.035,2007-11-18,NFL,BUF,,NWE,L 10-56,10,11,Sun,8,147,18.38,0,McGeTe99
Mewelde Moore,RB,25.117,2007-11-18,NFL,MIN,,OAK,W 29-22,10,11,Sun,1,20,20.00,0,MoorMe00
Jerious Norwood,RB,24.112,2007-11-18,NFL,ATL,,TAM,L 7-31,10,11,Sun,5,110,22.00,0,NorwJe00
J.R. Reed,S/KR,25.280,2007-11-18,NFL,PHI,,MIA,W 17-7,10,11,Sun,2,52,26.00,0,ReedJ.20
Dominic Rhodes,RB,28.305,2007-11-18,NFL,OAK,@,MIN,L 22-29,10,11,Sun,6,107,17.83,0,RhodDo00
Koren Robinson,WR,27.244,2007-11-18,NFL,GNB,,CAR,W 31-17,10,11,Sun,3,101,33.67,0,RobiKo00
Ryne Robinson,WR,23.014,2007-11-18,NFL,CAR,@,GNB,L 17-31,10,11,Sun,5,89,17.80,0,RobiRy00
Cory Ross,RB,25.057,2007-11-18,NFL,BAL,,CLE,L 30-33,10,11,Sun,1,18,18.00,0,RossCo00
Allen Rossum,CB,32.027,2007-11-18,NFL,PIT,@,NYJ,L 16-19,10,11,Sun,3,62,20.67,0,RossAl99
Blaine Saipaia,G,29.085,2007-11-18,NFL,DET,,NYG,L 10-16,10,11,Sun,1,12,12.00,0,SaipBl20
Darren Sproles,RB/K,24.151,2007-11-18,NFL,SDG,@,JAX,L 17-24,10,11,Sun,2,15,7.50,0,SproDa00
Micheal Spurlock,WR,24.291,2007-11-18,NFL,TAM,@,ATL,W 31-7,10,11,Sun,1,21,21.00,0,SpurMi00
Aaron Stecker,RB,32.005,2007-11-18,NFL,NOR,@,HOU,L 10-23,10,11,Sun,1,22,22.00,0,StecAa00
Craig Terrill,DT,27.144,2007-11-18,NFL,SEA,,CHI,W 30-23,10,11,Sun,1,0,0.00,0,TerrCr20
Pierre Thomas,RB,22.335,2007-11-18,NFL,NOR,@,HOU,L 10-23,10,11,Sun,5,113,22.60,0,ThomPi00
Craphonso Thorpe,WR,24.144,2007-11-18,NFL,IND,,KAN,W 13-10,10,11,Sun,3,57,19.00,0,ThorCr00
Leon Washington,RB/K,25.081,2007-11-18,NFL,NYJ,,PIT,W 19-16,10,11,Sun,1,12,12.00,0,WashLe00
Jeff Webb,WR,25.291,2007-11-18,NFL,KAN,@,IND,L 10-13,10,11,Sun,3,62,20.67,0,WebbJe00
Troy Williamson,WR,24.202,2007-11-18,NFL,MIN,,OAK,W 29-22,10,11,Sun,3,65,21.67,0,WillTr01
Garrett Wolfe,RB,23.093,2007-11-18,NFL,CHI,@,SEA,L 23-30,10,11,Sun,1,27,27.00,0,WolfGa00
Dexter Wynn,CB,26.266,2007-11-18,NFL,HOU,,NOR,W 23-10,10,11,Sun,3,59,19.67,0,WynnDe20
Andre Hall,RB,25.091,2007-11-19,NFL,DEN,,TEN,W 34-20,10,11,Mon,1,26,26.00,0,HallAn01
Chris Henry,RB,22.166,2007-11-19,NFL,TEN,@,DEN,L 20-34,10,11,Mon,3,86,28.67,0,HenrCh01
Ben Troupe,TE,25.079,2007-11-19,NFL,TEN,@,DEN,L 20-34,10,11,Mon,1,9,9.00,0,TrouBe00
Miles Austin,WR,23.145,2007-11-22,NFL,DAL,,NYJ,W 34-3,11,12,Thu,2,51,25.50,0,AustMi00
Chris Baker,TE,28.004,2007-11-22,NFL,NYJ,@,DAL,L 3-34,11,12,Thu,1,9,9.00,0,BakeCh00
Aveion Cason,RB,28.133,2007-11-22,NFL,DET,,GNB,L 26-37,11,12,Thu,6,188,31.33,0,CasoAv00
Casey Fitzsimmons,TE,27.043,2007-11-22,NFL,DET,,GNB,L 26-37,11,12,Thu,1,15,15.00,0,FitzCa00
Jerious Norwood,RB,24.116,2007-11-22,NFL,ATL,,IND,L 13-31,11,12,Thu,6,158,26.33,0,NorwJe00
Koren Robinson,WR,27.248,2007-11-22,NFL,GNB,@,DET,W 37-26,11,12,Thu,3,73,24.33,0,RobiKo00
Brad Smith,WR,23.345,2007-11-22,NFL,NYJ,@,DAL,L 3-34,11,12,Thu,2,38,19.00,0,SmitBr01
Craphonso Thorpe,WR,24.148,2007-11-22,NFL,IND,@,ATL,W 31-13,11,12,Thu,4,102,25.50,0,ThorCr00
Leon Washington,RB,25.085,2007-11-22,NFL,NYJ,@,DAL,L 3-34,11,12,Thu,4,97,24.25,0,WashLe00
Tramon Williams,CB,24.251,2007-11-22,NFL,GNB,@,DET,W 37-26,11,12,Thu,1,33,33.00,0,WillTr99
Mike Anderson,RB,34.065,2007-11-25,NFL,BAL,@,SDG,L 14-32,11,12,Sun,1,0,0.00,0,AndeMi00
Chris Barclay,RB,24.041,2007-11-25,NFL,TEN,@,CIN,L 6-35,11,12,Sun,5,108,21.60,0,BarcCh00
Ahmad Bradshaw,RB,21.251,2007-11-25,NFL,NYG,,MIN,L 17-41,11,12,Sun,8,176,22.00,0,BradAh00
Steve Breaston,WR,24.097,2007-11-25,NFL,ARI,,SFO,L 31-37,11,12,Sun,7,153,21.86,0,BreaSt00
Correll Buckhalter,RB,29.050,2007-11-25,NFL,PHI,@,NWE,L 28-31,11,12,Sun,4,87,21.75,0,BuckCo00
Nate Burleson,WR,26.098,2007-11-25,NFL,SEA,@,STL,W 24-19,11,12,Sun,2,51,25.50,0,BurlNa00
Chris Carr,CB,24.209,2007-11-25,NFL,OAK,@,KAN,W 20-17,11,12,Sun,1,27,27.00,0,CarrCh22
Rock Cartwright,RB,27.357,2007-11-25,NFL,WAS,@,TAM,L 13-19,11,12,Sun,3,69,23.00,0,CartRo01
Kirk Chambers,OL,28.251,2007-11-25,NFL,BUF,@,JAX,L 14-36,11,12,Sun,1,6,6.00,0,ChamKi20
Michael Clayton,WR,25.043,2007-11-25,NFL,TAM,,WAS,W 19-13,11,12,Sun,1,20,20.00,0,ClayMi00
Josh Cribbs,WR,24.169,2007-11-25,NFL,CLE,,HOU,W 27-17,11,12,Sun,2,54,27.00,0,CribJo01
Rashied Davis,WR,28.124,2007-11-25,NFL,CHI,,DEN,W 37-34,11,12,Sun,2,30,15.00,0,DaviRa00
John Eubanks,CB,24.135,2007-11-25,NFL,WAS,@,TAM,L 13-19,11,12,Sun,1,14,14.00,0,EubaJo20
Yamon Figurs,WR/R,24.319,2007-11-25,NFL,BAL,@,SDG,L 14-32,11,12,Sun,6,152,25.33,0,FiguYa00
John Gilmore,TE,28.065,2007-11-25,NFL,CHI,,DEN,W 37-34,11,12,Sun,1,10,10.00,0,GilmJo00
Charles Gordon,CB,23.130,2007-11-25,NFL,MIN,@,NYG,W 41-17,11,12,Sun,1,21,21.00,0,GordCh20
Andre Hall,RB,25.097,2007-11-25,NFL,DEN,@,CHI,L 34-37,11,12,Sun,1,14,14.00,0,HallAn01
Dante Hall,WR,29.085,2007-11-25,NFL,STL,,SEA,L 19-24,11,12,Sun,6,169,28.17,0,HallDa00
Devin Hester,KR/P,25.021,2007-11-25,NFL,CHI,,DEN,W 37-34,11,12,Sun,5,151,30.20,1,HestDe99
Maurice Hicks,RB,29.126,2007-11-25,NFL,SFO,@,ARI,W 37-31,11,12,Sun,3,79,26.33,0,HickMa00
Ellis Hobbs,RCB,24.193,2007-11-25,NFL,NWE,,PHI,W 31-28,11,12,Sun,4,112,28.00,0,HobbEl20
Glenn Holt,WR,23.117,2007-11-25,NFL,CIN,,TEN,W 35-6,11,12,Sun,3,86,28.67,0,HoltGl00
Jacoby Jones,WR,23.137,2007-11-25,NFL,HOU,@,CLE,L 17-27,11,12,Sun,1,18,18.00,0,JoneJa03
Maurice Jones-Drew,RB/K,22.247,2007-11-25,NFL,JAX,,BUF,W 36-14,11,12,Sun,2,53,26.50,0,DrewMa00
Vonta Leach,FB,26.019,2007-11-25,NFL,HOU,@,CLE,L 17-27,11,12,Sun,1,12,12.00,0,LeacVo00
Calvin Lowry,S,24.285,2007-11-25,NFL,TEN,@,CIN,L 6-35,11,12,Sun,1,15,15.00,0,LowrCa20
Glenn Martinez,WR,25.360,2007-11-25,NFL,DEN,@,CHI,L 34-37,11,12,Sun,6,94,15.67,0,MartGl00
Turk McBride,DE,22.179,2007-11-25,NFL,KAN,,OAK,L 17-20,11,12,Sun,1,14,14.00,0,McBrTu99
Terrence McGee,RCB,27.042,2007-11-25,NFL,BUF,@,JAX,L 14-36,11,12,Sun,5,93,18.60,0,McGeTe99
Kindal Moorehead,DT,29.042,2007-11-25,NFL,CAR,,NOR,L 6-31,11,12,Sun,2,32,16.00,0,MoorKi20
J.R. Reed,SS,25.287,2007-11-25,NFL,PHI,@,NWE,L 28-31,11,12,Sun,2,50,25.00,0,ReedJ.20
Dominic Rhodes,RB,28.312,2007-11-25,NFL,OAK,@,KAN,W 20-17,11,12,Sun,3,56,18.67,0,RhodDo00
Darren Sproles,RB/K,24.158,2007-11-25,NFL,SDG,,BAL,W 32-14,11,12,Sun,2,59,29.50,0,SproDa00
Micheal Spurlock,WR,24.298,2007-11-25,NFL,TAM,,WAS,W 19-13,11,12,Sun,2,47,23.50,0,SpurMi00
Pierre Thomas,RB,22.342,2007-11-25,NFL,NOR,@,CAR,W 31-6,11,12,Sun,2,43,21.50,0,ThomPi00
Jeff Webb,WR,25.298,2007-11-25,NFL,KAN,,OAK,L 17-20,11,12,Sun,3,64,21.33,0,WebbJe00
DeAngelo Williams,RB,24.214,2007-11-25,NFL,CAR,,NOR,L 6-31,11,12,Sun,4,69,17.25,0,WillDe02
Troy Williamson,WR,24.209,2007-11-25,NFL,MIN,@,NYG,W 41-17,11,12,Sun,2,45,22.50,0,WillTr01
Josh Wilson,CB,22.259,2007-11-25,NFL,SEA,@,STL,W 24-19,11,12,Sun,2,115,57.50,1,WilsJo99
Dexter Wynn,XCB,26.273,2007-11-25,NFL,HOU,@,CLE,L 17-27,11,12,Sun,3,65,21.67,0,WynnDe20
Marty Booker,WR,31.118,2007-11-26,NFL,MIA,@,PIT,L 0-3,11,12,Mon,1,3,3.00,0,BookMa00
Ted Ginn,WR,22.228,2007-11-26,NFL,MIA,@,PIT,L 0-3,11,12,Mon,1,23,23.00,0,GinnTe00
Allen Rossum,CB,32.035,2007-11-26,NFL,PIT,,MIA,W 3-0,11,12,Mon,1,21,21.00,0,RossAl99
Miles Austin,WR,23.152,2007-11-29,NFL,DAL,,GNB,W 37-27,12,13,Thu,6,166,27.67,0,AustMi00
Koren Robinson,WR,27.255,2007-11-29,NFL,GNB,@,DAL,L 27-37,12,13,Thu,4,92,23.00,0,RobiKo00
Tramon Williams,CB,24.258,2007-11-29,NFL,GNB,@,DAL,L 27-37,12,13,Thu,4,73,18.25,0,WillTr99
Aundrae Allison,WR,21.226,2007-12-02,NFL,MIN,,DET,W 42-10,12,13,Sun,3,144,48.00,1,AlliAu00
Chris Barclay,RB,24.048,2007-12-02,NFL,TEN,,HOU,W 28-20,12,13,Sun,3,64,21.33,0,BarcCh00
Marty Booker,WR,31.124,2007-12-02,NFL,MIA,,NYJ,L 13-40,12,13,Sun,1,0,0.00,0,BookMa00
David Bowens,LB,30.152,2007-12-02,NFL,NYJ,@,MIA,W 40-13,12,13,Sun,1,9,9.00,0,BoweDa20
Ahmad Bradshaw,RB,21.258,2007-12-02,NFL,NYG,@,CHI,W 21-16,12,13,Sun,3,55,18.33,0,BradAh00
Steve Breaston,WR,24.104,2007-12-02,NFL,ARI,,CLE,W 27-21,12,13,Sun,4,117,29.25,0,BreaSt00
Correll Buckhalter,RB,29.057,2007-12-02,NFL,PHI,,SEA,L 24-28,12,13,Sun,3,94,31.33,0,BuckCo00
Nate Burleson,WR,26.105,2007-12-02,NFL,SEA,@,PHI,W 28-24,12,13,Sun,4,63,15.75,0,BurlNa00
Chris Carr,CB,24.216,2007-12-02,NFL,OAK,,DEN,W 34-20,12,13,Sun,3,85,28.33,0,CarrCh22
Rock Cartwright,RB,27.364,2007-12-02,NFL,WAS,,BUF,L 16-17,12,13,Sun,5,134,26.80,0,CartRo01
Aveion Cason,RB,28.143,2007-12-02,NFL,DET,@,MIN,L 10-42,12,13,Sun,6,161,26.83,0,CasoAv00
Michael Clayton,WR,25.050,2007-12-02,NFL,TAM,@,NOR,W 27-23,12,13,Sun,4,89,22.25,0,ClayMi00
Josh Cribbs,WR,24.176,2007-12-02,NFL,CLE,@,ARI,L 21-27,12,13,Sun,3,31,10.33,0,CribJo01
Antonio Cromartie,RCB,23.231,2007-12-02,NFL,SDG,@,KAN,W 24-10,12,13,Sun,1,22,22.00,0,CromAn20
Andre' Davis,WR,28.173,2007-12-02,NFL,HOU,@,TEN,L 20-28,12,13,Sun,3,67,22.33,0,DaviAn01
Rashied Davis,WR,28.131,2007-12-02,NFL,CHI,,NYG,L 16-21,12,13,Sun,1,10,10.00,0,DaviRa00
Darnell Dinkins,TE,30.316,2007-12-02,NFL,CLE,@,ARI,L 21-27,12,13,Sun,2,15,7.50,0,DinkDa00
Reuben Droughns,RB,29.103,2007-12-02,NFL,NYG,@,CHI,W 21-16,12,13,Sun,1,17,17.00,0,DrouRe00
John Eubanks,CB,24.142,2007-12-02,NFL,WAS,,BUF,L 16-17,12,13,Sun,1,0,0.00,0,EubaJo20
Mike Furrey,WR,30.204,2007-12-02,NFL,DET,@,MIN,L 10-42,12,13,Sun,1,10,10.00,0,FurrMi00
Ted Ginn,WR,22.234,2007-12-02,NFL,MIA,,NYJ,L 13-40,12,13,Sun,8,198,24.75,0,GinnTe00
Michael Griffin,FS,22.332,2007-12-02,NFL,TEN,,HOU,W 28-20,12,13,Sun,1,24,24.00,0,GrifMi99
Devin Hester,KR/P,25.028,2007-12-02,NFL,CHI,,NYG,L 16-21,12,13,Sun,1,19,19.00,0,HestDe99
Maurice Hicks,RB,29.133,2007-12-02,NFL,SFO,@,CAR,L 14-31,12,13,Sun,6,142,23.67,0,HickMa00
Glenn Holt,WR,23.124,2007-12-02,NFL,CIN,@,PIT,L 10-24,12,13,Sun,4,80,20.00,0,HoltGl00
Taylor Jacobs,WR,26.186,2007-12-02,NFL,DEN,@,OAK,L 20-34,12,13,Sun,3,35,11.67,0,JacoTa00
Maurice Jones-Drew,RB/K,22.254,2007-12-02,NFL,JAX,@,IND,L 25-28,12,13,Sun,2,42,21.00,0,DrewMa00
Reggie Kelly,TE,30.283,2007-12-02,NFL,CIN,@,PIT,L 10-24,12,13,Sun,1,8,8.00,0,KellRe00
Derek Landri,DT,24.072,2007-12-02,NFL,JAX,@,IND,L 25-28,12,13,Sun,1,0,0.00,0,LandDe99
Luke Lawton,RB,27.098,2007-12-02,NFL,IND,,JAX,W 28-25,12,13,Sun,1,18,18.00,0,LawtLu00
Reno Mahe,RB,27.182,2007-12-02,NFL,PHI,,SEA,L 24-28,12,13,Sun,1,19,19.00,0,MaheRe00
Turk McBride,DE,22.186,2007-12-02,NFL,KAN,,SDG,L 10-24,12,13,Sun,1,14,14.00,0,McBrTu99
Terrence McGee,RCB,27.049,2007-12-02,NFL,BUF,@,WAS,W 17-16,12,13,Sun,3,38,12.67,0,McGeTe99
Lance Moore,WR,24.093,2007-12-02,NFL,NOR,,TAM,L 23-27,12,13,Sun,5,83,16.60,0,MoorLa00
Ovie Mughelli,FB,27.175,2007-12-02,NFL,ATL,@,STL,L 16-28,12,13,Sun,1,10,10.00,0,MughOv00
Ryan Neufeld,TE,32.010,2007-12-02,NFL,BUF,@,WAS,W 17-16,12,13,Sun,1,0,0.00,0,NeufRy00
Jerious Norwood,RB,24.126,2007-12-02,NFL,ATL,@,STL,L 16-28,12,13,Sun,3,66,22.00,0,NorwJe00
Roscoe Parrish,WR,25.139,2007-12-02,NFL,BUF,@,WAS,W 17-16,12,13,Sun,1,15,15.00,0,ParrRo00
David Patten,WR,33.105,2007-12-02,NFL,NOR,,TAM,L 23-27,12,13,Sun,2,20,10.00,0,PattDa00
J.R. Reed,SS,25.294,2007-12-02,NFL,PHI,,SEA,L 24-28,12,13,Sun,1,31,31.00,0,ReedJ.20
Ryne Robinson,WR,23.028,2007-12-02,NFL,CAR,,SFO,W 31-14,12,13,Sun,2,41,20.50,0,RobiRy00
Allen Rossum,CB,32.041,2007-12-02,NFL,PIT,,CIN,W 24-10,12,13,Sun,2,26,13.00,0,RossAl99
T.J. Rushing,DB,24.177,2007-12-02,NFL,IND,,JAX,W 28-25,12,13,Sun,1,22,22.00,0,RushT.20
Cecil Sapp,FB,28.344,2007-12-02,NFL,DEN,@,OAK,L 20-34,12,13,Sun,2,30,15.00,0,SappCe00
Bobby Sippio,WR,26.363,2007-12-02,NFL,KAN,,SDG,L 10-24,12,13,Sun,1,6,6.00,0,SippBo00
Darren Sproles,RB/K,24.165,2007-12-02,NFL,SDG,@,KAN,W 24-10,12,13,Sun,2,40,20.00,0,SproDa00
Scott Starks,CB,24.158,2007-12-02,NFL,JAX,@,IND,L 25-28,12,13,Sun,1,20,20.00,0,StarSc20
Jonathan Wade,CB,23.250,2007-12-02,NFL,STL,,ATL,W 28-16,12,13,Sun,1,19,19.00,0,WadeJo99
Kevin Walter,WR,26.120,2007-12-02,NFL,HOU,@,TEN,L 20-28,12,13,Sun,1,7,7.00,0,WaltKe00
Leon Washington,RB/K,25.095,2007-12-02,NFL,NYJ,@,MIA,W 40-13,12,13,Sun,3,65,21.67,0,WashLe00
Jeff Webb,WR,25.305,2007-12-02,NFL,KAN,,SDG,L 10-24,12,13,Sun,3,57,19.00,0,WebbJe00
Brandon Williams,WR,23.281,2007-12-02,NFL,STL,,ATL,W 28-16,12,13,Sun,3,67,22.33,0,WillBr01
Josh Wilson,CB,22.266,2007-12-02,NFL,SEA,@,PHI,W 28-24,12,13,Sun,1,17,17.00,0,WilsJo99
Dwayne Wright,RB,24.183,2007-12-02,NFL,BUF,@,WAS,W 17-16,12,13,Sun,1,0,0.00,0,WrigDw01
Jason Wright,RB,25.143,2007-12-02,NFL,CLE,@,ARI,L 21-27,12,13,Sun,1,10,10.00,0,WrigJa01
Selvin Young,RB,24.062,2007-12-02,NFL,DEN,@,OAK,L 20-34,12,13,Sun,1,9,9.00,0,YounSe00
Heath Evans,RB,28.338,2007-12-03,NFL,NWE,@,BAL,W 27-24,12,13,Mon,1,13,13.00,0,EvanHe00
Yamon Figurs,WR/R,24.327,2007-12-03,NFL,BAL,,NWE,L 24-27,12,13,Mon,5,104,20.80,0,FiguYa00
Ellis Hobbs,RCB,24.201,2007-12-03,NFL,NWE,@,BAL,W 27-24,12,13,Mon,3,60,20.00,0,HobbEl20
Rock Cartwright,RB,28.003,2007-12-06,NFL,WAS,,CHI,W 24-16,13,14,Thu,3,51,17.00,0,CartRo01
Devin Hester,KR/P,25.032,2007-12-06,NFL,CHI,@,WAS,L 16-24,13,14,Thu,4,60,15.00,0,HestDe99
Todd Yoder,TE,29.263,2007-12-06,NFL,WAS,,CHI,W 24-16,13,14,Thu,1,8,8.00,0,YodeTo00
Aundrae Allison,WR,21.233,2007-12-09,NFL,MIN,@,SFO,W 27-7,13,14,Sun,1,22,22.00,0,AlliAu00
Miles Austin,WR,23.162,2007-12-09,NFL,DAL,@,DET,W 28-27,13,14,Sun,3,112,37.33,0,AustMi00
Chris Barclay,RB,24.055,2007-12-09,NFL,TEN,,SDG,L 17-23,13,14,Sun,4,93,23.25,0,BarcCh00
Ahmad Bradshaw,RB,21.265,2007-12-09,NFL,NYG,@,PHI,W 16-13,13,14,Sun,3,74,24.67,0,BradAh00
Steve Breaston,WR,24.111,2007-12-09,NFL,ARI,@,SEA,L 21-42,13,14,Sun,6,153,25.50,0,BreaSt00
Correll Buckhalter,RB,29.064,2007-12-09,NFL,PHI,,NYG,L 13-16,13,14,Sun,1,9,9.00,0,BuckCo00
Nate Burleson,WR,26.112,2007-12-09,NFL,SEA,,ARI,W 42-21,13,14,Sun,3,43,14.33,0,BurlNa00
Chris Carr,CB,24.223,2007-12-09,NFL,OAK,@,GNB,L 7-38,13,14,Sun,6,105,17.50,0,CarrCh22
Aveion Cason,RB,28.150,2007-12-09,NFL,DET,,DAL,L 27-28,13,14,Sun,3,81,27.00,0,CasoAv00
Michael Clayton,WR,25.057,2007-12-09,NFL,TAM,@,HOU,L 14-28,13,14,Sun,1,21,21.00,0,ClayMi00
Josh Cribbs,WR,24.183,2007-12-09,NFL,CLE,@,NYJ,W 24-18,13,14,Sun,2,51,25.50,0,CribJo01
Antonio Cromartie,RCB,23.238,2007-12-09,NFL,SDG,@,TEN,W 23-17,13,14,Sun,2,45,22.50,0,CromAn20
Tony Curtis,TE,24.301,2007-12-09,NFL,DAL,@,DET,W 28-27,13,14,Sun,1,11,11.00,0,CurtTo00
Andre' Davis,WR,28.180,2007-12-09,NFL,HOU,,TAM,W 28-14,13,14,Sun,2,115,57.50,1,DaviAn01
Reuben Droughns,RB,29.110,2007-12-09,NFL,NYG,@,PHI,W 16-13,13,14,Sun,1,16,16.00,0,DrouRe00
Nick Eason,DE,27.194,2007-12-09,NFL,PIT,@,NWE,L 13-34,13,14,Sun,1,10,10.00,0,EasoNi20
Steve Fifita,DT,25.207,2007-12-09,NFL,MIA,@,BUF,L 17-38,13,14,Sun,1,0,0.00,0,FifiSt99
Yamon Figurs,WR/R,24.333,2007-12-09,NFL,BAL,,IND,L 20-44,13,14,Sun,7,196,28.00,1,FiguYa00
Ted Ginn,WR,22.241,2007-12-09,NFL,MIA,@,BUF,L 17-38,13,14,Sun,3,51,17.00,0,GinnTe00
Justin Griffith,FB,27.141,2007-12-09,NFL,OAK,@,GNB,L 7-38,13,14,Sun,1,11,11.00,0,GrifJu00
Derek Hagan,WR,23.079,2007-12-09,NFL,MIA,@,BUF,L 17-38,13,14,Sun,2,25,12.50,0,HagaDe00
Marques Hagans,WR,24.345,2007-12-09,NFL,STL,@,CIN,L 10-19,13,14,Sun,6,110,18.33,0,HagaMa00
Andre Hall,RB,25.111,2007-12-09,NFL,DEN,,KAN,W 41-7,13,14,Sun,1,19,19.00,0,HallAn01
Maurice Hicks,RB,29.140,2007-12-09,NFL,SFO,,MIN,L 7-27,13,14,Sun,5,170,34.00,0,HickMa00
Glenn Holt,WR,23.131,2007-12-09,NFL,CIN,,STL,W 19-10,13,14,Sun,3,67,22.33,0,HoltGl00
Chad Jackson,WR,22.278,2007-12-09,NFL,NWE,,PIT,W 34-13,13,14,Sun,4,70,17.50,0,JackCh00
Fred Jackson,RB,26.292,2007-12-09,NFL,BUF,,MIA,W 38-17,13,14,Sun,1,11,11.00,0,JackFr02
Nate Jones,CB,25.177,2007-12-09,NFL,DAL,@,DET,W 28-27,13,14,Sun,2,32,16.00,0,JoneNa20
Maurice Jones-Drew,RB/K,22.261,2007-12-09,NFL,JAX,,CAR,W 37-6,13,14,Sun,2,39,19.50,0,DrewMa00
Joe Jurevicius,WR,32.351,2007-12-09,NFL,CLE,@,NYJ,W 24-18,13,14,Sun,1,9,9.00,0,JureJo00
Luke Lawton,RB,27.105,2007-12-09,NFL,IND,@,BAL,W 44-20,13,14,Sun,1,20,20.00,0,LawtLu00
Glenn Martinez,WR,26.009,2007-12-09,NFL,DEN,,KAN,W 41-7,13,14,Sun,1,23,23.00,0,MartGl00
Reagan Maui'a,,23.156,2007-12-09,NFL,MIA,@,BUF,L 17-38,13,14,Sun,1,4,4.00,0,MauiRe00
Turk McBride,DE,22.193,2007-12-09,NFL,KAN,@,DEN,L 7-41,13,14,Sun,1,6,6.00,0,McBrTu99
Terrence McGee,RCB,27.056,2007-12-09,NFL,BUF,,MIA,W 38-17,13,14,Sun,1,38,38.00,0,McGeTe99
Brandon Middleton,WR,26.341,2007-12-09,NFL,DET,,DAL,L 27-28,13,14,Sun,1,13,13.00,0,MiddBr00
J.R. Reed,S,25.301,2007-12-09,NFL,PHI,,NYG,L 13-16,13,14,Sun,3,65,21.67,0,ReedJ.20
Koren Robinson,WR,27.265,2007-12-09,NFL,GNB,,OAK,W 38-7,13,14,Sun,2,30,15.00,0,RobiKo00
Ryne Robinson,WR,23.035,2007-12-09,NFL,CAR,@,JAX,L 6-37,13,14,Sun,3,68,22.67,0,RobiRy00
Dante Rosario,TE,23.045,2007-12-09,NFL,CAR,@,JAX,L 6-37,13,14,Sun,1,25,25.00,0,RosaDa00
Allen Rossum,CB,32.048,2007-12-09,NFL,PIT,@,NWE,L 13-34,13,14,Sun,6,123,20.50,0,RossAl99
T.J. Rushing,DB,24.184,2007-12-09,NFL,IND,@,BAL,W 44-20,13,14,Sun,3,52,17.33,0,RushT.20
Blaine Saipaia,G,29.106,2007-12-09,NFL,DET,,DAL,L 27-28,13,14,Sun,1,11,11.00,0,SaipBl20
Benny Sapp,CB,26.323,2007-12-09,NFL,KAN,@,DEN,L 7-41,13,14,Sun,5,84,16.80,0,SappBe20
Brad Smith,WR,23.362,2007-12-09,NFL,NYJ,,CLE,L 18-24,13,14,Sun,1,15,15.00,0,SmitBr01
Micheal Spurlock,WR,24.312,2007-12-09,NFL,TAM,@,HOU,L 14-28,13,14,Sun,4,112,28.00,0,SpurMi00
Michael Turner,RB,25.299,2007-12-09,NFL,SDG,@,TEN,W 23-17,13,14,Sun,1,26,26.00,0,TurnMi00
Leon Washington,RB/K,25.102,2007-12-09,NFL,NYJ,,CLE,L 18-24,13,14,Sun,4,45,11.25,0,WashLe00
Jeff Webb,WR,25.312,2007-12-09,NFL,KAN,@,DEN,L 7-41,13,14,Sun,1,21,21.00,0,WebbJe00
George Wilson,FS,26.270,2007-12-09,NFL,BUF,,MIA,W 38-17,13,14,Sun,1,0,0.00,0,WilsGe01
Jerious Norwood,RB,24.134,2007-12-10,NFL,ATL,,NOR,L 14-34,13,14,Mon,3,73,24.33,0,NorwJe00
Pierre Thomas,RB,22.357,2007-12-10,NFL,NOR,@,ATL,W 34-14,13,14,Mon,1,19,19.00,0,ThomPi00
Andre' Davis,WR,28.184,2007-12-13,NFL,HOU,,DEN,W 31-13,14,15,Thu,4,116,29.00,0,DaviAn01
Glenn Martinez,WR,26.013,2007-12-13,NFL,DEN,@,HOU,L 13-31,14,15,Thu,4,106,26.50,0,MartGl00
Maurice Hicks,RB,29.146,2007-12-15,NFL,SFO,,CIN,W 20-13,14,15,Sat,3,69,23.00,0,HickMa00
Glenn Holt,WR,23.137,2007-12-15,NFL,CIN,@,SFO,L 13-20,14,15,Sat,5,79,15.80,0,HoltGl00
Michael Robinson,RB,24.312,2007-12-15,NFL,SFO,,CIN,W 20-13,14,15,Sat,1,30,30.00,0,RobiMi00
Chris Barclay,RB,24.062,2007-12-16,NFL,TEN,@,KAN,W 26-17,14,15,Sun,2,39,19.50,0,BarcCh00
Ahmad Bradshaw,RB,21.272,2007-12-16,NFL,NYG,,WAS,L 10-22,14,15,Sun,4,102,25.50,0,BradAh00
Steve Breaston,WR,24.118,2007-12-16,NFL,ARI,@,NOR,L 24-31,14,15,Sun,4,92,23.00,0,BreaSt00
Nate Burleson,WR,26.119,2007-12-16,NFL,SEA,@,CAR,L 10-13,14,15,Sun,2,44,22.00,0,BurlNa00
Chris Carr,FS,24.230,2007-12-16,NFL,OAK,,IND,L 14-21,14,15,Sun,5,147,29.40,0,CarrCh22
Rock Cartwright,RB,28.013,2007-12-16,NFL,WAS,@,NYG,W 22-10,14,15,Sun,3,55,18.33,0,CartRo01
Aveion Cason,RB,28.157,2007-12-16,NFL,DET,@,SDG,L 14-51,14,15,Sun,9,150,16.67,0,CasoAv00
Josh Cribbs,WR,24.190,2007-12-16,NFL,CLE,,BUF,W 8-0,14,15,Sun,1,26,26.00,0,CribJo01
Najeh Davenport,RB,28.311,2007-12-16,NFL,PIT,,JAX,L 22-29,14,15,Sun,2,42,21.00,0,DaveNa00
Eddie Drummond,WR,27.248,2007-12-16,NFL,KAN,,TEN,L 17-26,14,15,Sun,1,39,39.00,0,DrumEd00
Yamon Figurs,WR/R,24.340,2007-12-16,NFL,BAL,@,MIA,L 16-22,14,15,Sun,1,14,14.00,0,FiguYa00
Casey Fitzsimmons,TE,27.067,2007-12-16,NFL,DET,@,SDG,L 14-51,14,15,Sun,1,6,6.00,0,FitzCa00
Ted Ginn,WR,22.248,2007-12-16,NFL,MIA,,BAL,W 22-16,14,15,Sun,5,112,22.40,0,GinnTe00
Geoff Hangartner,RG,25.238,2007-12-16,NFL,CAR,,SEA,W 13-10,14,15,Sun,1,16,16.00,0,HangGe20
Ellis Hobbs,RCB,24.214,2007-12-16,NFL,NWE,,NYJ,W 20-10,14,15,Sun,3,59,19.67,0,HobbEl20
Adam Jennings,WR,25.029,2007-12-16,NFL,ATL,@,TAM,L 3-37,14,15,Sun,4,93,23.25,0,JennAd00
Nate Jones,CB,25.184,2007-12-16,NFL,DAL,,PHI,L 6-10,14,15,Sun,2,49,24.50,0,JoneNa20
Maurice Jones-Drew,RB/K,22.268,2007-12-16,NFL,JAX,@,PIT,W 29-22,14,15,Sun,2,37,18.50,0,DrewMa00
Jim Leonhard,FS,25.050,2007-12-16,NFL,BUF,@,CLE,L 0-8,14,15,Sun,2,32,16.00,0,LeonJi23
Richard Marshall,CB,23.004,2007-12-16,NFL,CAR,,SEA,W 13-10,14,15,Sun,1,0,0.00,0,MarsRi20
Terrence McGee,RCB,27.063,2007-12-16,NFL,BUF,@,CLE,L 0-8,14,15,Sun,1,18,18.00,0,McGeTe99
Pat McQuistan,T,24.230,2007-12-16,NFL,DAL,,PHI,L 6-10,14,15,Sun,1,12,12.00,0,McQuPa20
Jerious Norwood,RB,24.140,2007-12-16,NFL,ATL,@,TAM,L 3-37,14,15,Sun,2,32,16.00,0,NorwJe00
J.R. Reed,S,25.308,2007-12-16,NFL,PHI,@,DAL,W 10-6,14,15,Sun,3,79,26.33,0,ReedJ.20
Koren Robinson,WR,27.272,2007-12-16,NFL,GNB,@,STL,W 33-14,14,15,Sun,3,130,43.33,0,RobiKo00
Allen Rossum,CB,32.055,2007-12-16,NFL,PIT,,JAX,L 22-29,14,15,Sun,2,18,9.00,0,RossAl99
T.J. Rushing,DB,24.191,2007-12-16,NFL,IND,@,OAK,W 21-14,14,15,Sun,3,73,24.33,0,RushT.20
Benny Sapp,CB,26.330,2007-12-16,NFL,KAN,,TEN,L 17-26,14,15,Sun,6,97,16.17,0,SappBe20
Darren Sproles,RB/K,24.179,2007-12-16,NFL,SDG,,DET,W 51-14,14,15,Sun,3,63,21.00,0,SproDa00
Micheal Spurlock,WR,24.319,2007-12-16,NFL,TAM,,ATL,W 37-3,14,15,Sun,2,98,49.00,1,SpurMi00
Derek Stanley,WR,22.111,2007-12-16,NFL,STL,,GNB,L 14-33,14,15,Sun,6,121,20.17,0,StanDe00
Scott Starks,CB,24.172,2007-12-16,NFL,JAX,@,PIT,W 29-22,14,15,Sun,1,18,18.00,0,StarSc20
Pierre Thomas,RB,22.363,2007-12-16,NFL,NOR,,ARI,W 31-24,14,15,Sun,5,103,20.60,0,ThomPi00
Leon Washington,RB/K,25.109,2007-12-16,NFL,NYJ,@,NWE,L 10-20,14,15,Sun,5,130,26.00,0,WashLe00
Aundrae Allison,WR,21.241,2007-12-17,NFL,MIN,,CHI,W 20-13,14,15,Mon,4,70,17.50,0,AlliAu00
Rashied Davis,WR,28.146,2007-12-17,NFL,CHI,@,MIN,L 13-20,14,15,Mon,1,34,34.00,0,DaviRa00
Devin Hester,KR/P,25.043,2007-12-17,NFL,CHI,@,MIN,L 13-20,14,15,Mon,3,44,14.67,0,HestDe99
Allen Rossum,CB,32.059,2007-12-20,NFL,PIT,@,STL,W 41-24,15,16,Thu,5,146,29.20,0,RossAl99
Derek Stanley,WR,22.115,2007-12-20,NFL,STL,,PIT,L 24-41,15,16,Thu,8,229,28.63,0,StanDe00
Miles Austin,WR,23.175,2007-12-22,NFL,DAL,@,CAR,W 20-13,15,16,Sat,3,66,22.00,0,AustMi00
Patrick Crayton,WR,28.259,2007-12-22,NFL,DAL,@,CAR,W 20-13,15,16,Sat,1,4,4.00,0,CrayPa00
Jeff King,TE,24.306,2007-12-22,NFL,CAR,,DAL,L 13-20,15,16,Sat,1,16,16.00,0,KingJe00
Ryne Robinson,WR,23.048,2007-12-22,NFL,CAR,,DAL,L 13-20,15,16,Sat,3,87,29.00,0,RobiRy00
Aundrae Allison,WR,21.247,2007-12-23,NFL,MIN,,WAS,L 21-32,15,16,Sun,5,110,22.00,0,AlliAu00
Willie Andrews,DB,24.051,2007-12-23,NFL,NWE,,MIA,W 28-7,15,16,Sun,1,33,33.00,0,AndrWi20
Will Blackmon,CB,23.057,2007-12-23,NFL,GNB,@,CHI,L 7-35,15,16,Sun,1,3,3.00,0,BlacWi20
Ahmad Bradshaw,RB,21.279,2007-12-23,NFL,NYG,@,BUF,W 38-21,15,16,Sun,4,99,24.75,0,BradAh00
Tyler Brayton,DE,28.033,2007-12-23,NFL,OAK,@,JAX,L 11-49,15,16,Sun,1,6,6.00,0,BrayTy20
Steve Breaston,WR,24.125,2007-12-23,NFL,ARI,,ATL,W 30-27,15,16,Sun,6,122,20.33,0,BreaSt00
Correll Buckhalter,RB,29.078,2007-12-23,NFL,PHI,@,NOR,W 38-23,15,16,Sun,1,34,34.00,0,BuckCo00
Nate Burleson,WR,26.126,2007-12-23,NFL,SEA,,BAL,W 27-6,15,16,Sun,1,17,17.00,0,BurlNa00
Chris Carr,CB,24.237,2007-12-23,NFL,OAK,@,JAX,L 11-49,15,16,Sun,7,150,21.43,0,CarrCh22
Rock Cartwright,RB,28.020,2007-12-23,NFL,WAS,@,MIN,W 32-21,15,16,Sun,2,44,22.00,0,CartRo01
Aveion Cason,RB,28.164,2007-12-23,NFL,DET,,KAN,W 25-20,15,16,Sun,3,90,30.00,0,CasoAv00
Jameel Cook,FB,28.318,2007-12-23,NFL,HOU,@,IND,L 15-38,15,16,Sun,1,21,21.00,0,CookJa00
Terrance Copper,WR,25.286,2007-12-23,NFL,NOR,,PHI,L 23-38,15,16,Sun,1,25,25.00,0,CoppTe00
Josh Cribbs,WR,24.197,2007-12-23,NFL,CLE,@,CIN,L 14-19,15,16,Sun,4,115,28.75,0,CribJo01
Andre' Davis,WR,28.194,2007-12-23,NFL,HOU,@,IND,L 15-38,15,16,Sun,6,165,27.50,0,DaviAn01
Eddie Drummond,WR,27.255,2007-12-23,NFL,KAN,@,DET,L 20-25,15,16,Sun,5,97,19.40,0,DrumEd00
Bobby Engram,WR,34.350,2007-12-23,NFL,SEA,,BAL,W 27-6,15,16,Sun,1,12,12.00,0,EngrBo00
Kevin Faulk,RB,31.201,2007-12-23,NFL,NWE,,MIA,W 28-7,15,16,Sun,1,20,20.00,0,FaulKe00
Yamon Figurs,WR/R,24.347,2007-12-23,NFL,BAL,@,SEA,L 6-27,15,16,Sun,6,122,20.33,0,FiguYa00
Mike Furrey,WR,30.225,2007-12-23,NFL,DET,,KAN,W 25-20,15,16,Sun,1,15,15.00,0,FurrMi00
Ted Ginn,WR,22.255,2007-12-23,NFL,MIA,@,NWE,L 7-28,15,16,Sun,4,79,19.75,0,GinnTe00
Otis Grigsby,DE,27.034,2007-12-23,NFL,MIN,,WAS,L 21-32,15,16,Sun,1,2,2.00,0,GrigOt99
Chris Henry,RB,22.200,2007-12-23,NFL,TEN,,NYJ,W 10-6,15,16,Sun,1,23,23.00,0,HenrCh01
Devin Hester,KR/P,25.049,2007-12-23,NFL,CHI,,GNB,W 35-7,15,16,Sun,1,-1,-1.00,0,HestDe99
Maurice Hicks,RB,29.154,2007-12-23,NFL,SFO,,TAM,W 21-19,15,16,Sun,4,75,18.75,0,HickMa00
Glenn Holt,WR,23.145,2007-12-23,NFL,CIN,,CLE,W 19-14,15,16,Sun,2,58,29.00,0,HoltGl00
Luke Lawton,RB,27.119,2007-12-23,NFL,IND,,HOU,W 38-15,15,16,Sun,1,13,13.00,0,LawtLu00
Ruvell Martin,WR,25.135,2007-12-23,NFL,GNB,@,CHI,L 7-35,15,16,Sun,1,6,6.00,0,MartRu00
Terrence McGee,RCB,27.070,2007-12-23,NFL,BUF,,NYG,L 21-38,15,16,Sun,1,23,23.00,0,McGeTe99
Mike Montgomery,DE,24.127,2007-12-23,NFL,GNB,@,CHI,L 7-35,15,16,Sun,1,0,0.00,0,MontMi20
Lance Moore,WR,24.114,2007-12-23,NFL,NOR,,PHI,L 23-38,15,16,Sun,3,66,22.00,0,MoorLa00
Sean Morey,WR,31.300,2007-12-23,NFL,ARI,,ATL,W 30-27,15,16,Sun,1,40,40.00,0,MoreSe00
Jerious Norwood,RB,24.147,2007-12-23,NFL,ATL,@,ARI,L 27-30,15,16,Sun,5,133,26.60,0,NorwJe00
Roscoe Parrish,WR,25.160,2007-12-23,NFL,BUF,,NYG,L 21-38,15,16,Sun,2,42,21.00,0,ParrRo00
Antwaan Randle El,WR,28.128,2007-12-23,NFL,WAS,@,MIN,W 32-21,15,16,Sun,1,17,17.00,0,RandAn00
J.R. Reed,S,25.315,2007-12-23,NFL,PHI,@,NOR,W 38-23,15,16,Sun,4,105,26.25,0,ReedJ.20
Darrell Reid,LDE,25.186,2007-12-23,NFL,IND,,HOU,W 38-15,15,16,Sun,1,15,15.00,0,ReidDa20
Koren Robinson,WR,27.279,2007-12-23,NFL,GNB,@,CHI,L 7-35,15,16,Sun,4,42,10.50,0,RobiKo00
T.J. Rushing,DB,24.198,2007-12-23,NFL,IND,,HOU,W 38-15,15,16,Sun,1,13,13.00,0,RushT.20
Micheal Spurlock,WR,24.326,2007-12-23,NFL,TAM,@,SFO,L 19-21,15,16,Sun,3,68,22.67,0,SpurMi00
Scott Starks,CB,24.179,2007-12-23,NFL,JAX,,OAK,W 49-11,15,16,Sun,1,10,10.00,0,StarSc20
Pierre Thomas,RB,23.005,2007-12-23,NFL,NOR,,PHI,L 23-38,15,16,Sun,3,79,26.33,0,ThomPi00
Leon Washington,RB,25.116,2007-12-23,NFL,NYJ,@,TEN,L 6-10,15,16,Sun,3,66,22.00,0,WashLe00
Andre Hall,RB,25.126,2007-12-24,NFL,DEN,@,SDG,L 3-23,15,16,Mon,4,105,26.25,0,HallAn01
Glenn Martinez,WR,26.024,2007-12-24,NFL,DEN,@,SDG,L 3-23,15,16,Mon,1,35,35.00,0,MartGl00
Darren Sproles,RB/K,24.187,2007-12-24,NFL,SDG,,DEN,W 23-3,15,16,Mon,2,44,22.00,0,SproDa00
Kevin Faulk,RB,31.207,2007-12-29,NFL,NWE,@,NYG,W 38-35,16,17,Sat,1,27,27.00,0,FaulKe00
Domenik Hixon,WR,23.082,2007-12-29,NFL,NYG,,NWE,L 35-38,16,17,Sat,8,221,27.63,1,HixoDo00
Ellis Hobbs,RCB,24.227,2007-12-29,NFL,NWE,@,NYG,W 38-35,16,17,Sat,2,42,21.00,0,HobbEl20
Wes Welker,WR,26.242,2007-12-29,NFL,NWE,@,NYG,W 38-35,16,17,Sat,1,19,19.00,0,WelkWe00
Miles Austin,WR,23.183,2007-12-30,NFL,DAL,@,WAS,L 6-27,16,17,Sun,3,61,20.33,0,AustMi00
Chris Barclay,RB,24.076,2007-12-30,NFL,NOR,@,CHI,L 25-33,16,17,Sun,5,98,19.60,0,BarcCh00
Dre' Bly,RCB,30.222,2007-12-30,NFL,DEN,,MIN,W 22-19,16,17,Sun,1,23,23.00,0,BlyxDr00
David Bowens,OLB,30.180,2007-12-30,NFL,NYJ,,KAN,W 13-10,16,17,Sun,1,17,17.00,0,BoweDa20
Steve Breaston,WR,24.132,2007-12-30,NFL,ARI,,STL,W 48-19,16,17,Sun,5,77,15.40,0,BreaSt00
Correll Buckhalter,RB,29.085,2007-12-30,NFL,PHI,,BUF,W 17-9,16,17,Sun,1,15,15.00,0,BuckCo00
Nate Burleson,WR,26.133,2007-12-30,NFL,SEA,@,ATL,L 41-44,16,17,Sun,4,67,16.75,0,BurlNa00
Chris Carr,CB,24.244,2007-12-30,NFL,OAK,,SDG,L 17-30,16,17,Sun,7,190,27.14,0,CarrCh22
Rock Cartwright,RB,28.027,2007-12-30,NFL,WAS,,DAL,W 27-6,16,17,Sun,2,41,20.50,0,CartRo01
Aveion Cason,RB,28.171,2007-12-30,NFL,DET,@,GNB,L 13-34,16,17,Sun,6,154,25.67,0,CasoAv00
Terrance Copper,WR,25.293,2007-12-30,NFL,NOR,@,CHI,L 25-33,16,17,Sun,1,24,24.00,0,CoppTe00
Josh Cribbs,WR,24.204,2007-12-30,NFL,CLE,,SFO,W 20-7,16,17,Sun,2,57,28.50,0,CribJo01
Kenneth Darby,RB,25.004,2007-12-30,NFL,TAM,,CAR,L 23-31,16,17,Sun,2,11,5.50,0,DarbKe00
Andre' Davis,WR,28.201,2007-12-30,NFL,HOU,,JAX,W 42-28,16,17,Sun,5,234,46.80,2,DaviAn01
Buster Davis,LB,24.071,2007-12-30,NFL,DET,@,GNB,L 13-34,16,17,Sun,1,1,1.00,0,DaviBu99
Rashied Davis,WR,28.159,2007-12-30,NFL,CHI,,NOR,W 33-25,16,17,Sun,1,5,5.00,0,DaviRa00
Eddie Drummond,WR,27.262,2007-12-30,NFL,KAN,@,NYJ,L 10-13,16,17,Sun,3,71,23.67,0,DrumEd00
Yamon Figurs,WR/R,24.354,2007-12-30,NFL,BAL,,PIT,W 27-21,16,17,Sun,1,0,0.00,0,FiguYa00
Ted Ginn,WR,22.262,2007-12-30,NFL,MIA,,CIN,L 25-38,16,17,Sun,6,111,18.50,0,GinnTe00
Andre Hall,RB,25.132,2007-12-30,NFL,DEN,,MIN,W 22-19,16,17,Sun,2,43,21.50,0,HallAn01
Chris Henry,RB,22.207,2007-12-30,NFL,TEN,@,IND,W 16-10,16,17,Sun,3,52,17.33,0,HenrCh01
Devin Hester,KR/P,25.056,2007-12-30,NFL,CHI,,NOR,W 33-25,16,17,Sun,3,42,14.00,0,HestDe99
Maurice Hicks,RB,29.161,2007-12-30,NFL,SFO,@,CLE,L 7-20,16,17,Sun,4,92,23.00,0,HickMa00
Glenn Holt,WR,23.152,2007-12-30,NFL,CIN,@,MIA,W 38-25,16,17,Sun,3,63,21.00,0,HoltGl00
Fred Jackson,RB,26.313,2007-12-30,NFL,BUF,@,PHI,L 9-17,16,17,Sun,1,19,19.00,0,JackFr02
Adam Jennings,WR,25.043,2007-12-30,NFL,ATL,,SEA,W 44-41,16,17,Sun,3,114,38.00,0,JennAd00
Dane Looker,WR,31.269,2007-12-30,NFL,STL,@,ARI,L 19-48,16,17,Sun,1,19,19.00,0,LookDa00
Terrence McGee,RCB,27.077,2007-12-30,NFL,BUF,@,PHI,L 9-17,16,17,Sun,1,19,19.00,0,McGeTe99
Kindal Moorehead,DT,29.077,2007-12-30,NFL,CAR,@,TAM,W 31-23,16,17,Sun,2,14,7.00,0,MoorKi20
Santana Moss,WR,28.212,2007-12-30,NFL,WAS,,DAL,W 27-6,16,17,Sun,1,12,12.00,0,MossSa00
Jerious Norwood,RB,24.154,2007-12-30,NFL,ATL,,SEA,W 44-41,16,17,Sun,4,123,30.75,0,NorwJe00
Chad Owens,WR,25.271,2007-12-30,NFL,JAX,@,HOU,L 28-42,16,17,Sun,5,94,18.80,0,OwenCh00
Roscoe Parrish,WR,25.167,2007-12-30,NFL,BUF,@,PHI,L 9-17,16,17,Sun,1,24,24.00,0,ParrRo00
Adrian Peterson,RB,22.284,2007-12-30,NFL,MIN,@,DEN,L 19-22,16,17,Sun,3,88,29.33,0,PeteAd01
Duke Preston,OL,25.201,2007-12-30,NFL,BUF,@,PHI,L 9-17,16,17,Sun,1,12,12.00,0,PresDu20
J.R. Reed,FS,25.322,2007-12-30,NFL,PHI,,BUF,W 17-9,16,17,Sun,3,61,20.33,0,ReedJ.20
Willie Reid,WR,25.102,2007-12-30,NFL,PIT,@,BAL,L 21-27,16,17,Sun,6,127,21.17,0,ReidWi00
Koren Robinson,WR,27.286,2007-12-30,NFL,GNB,,DET,W 34-13,16,17,Sun,2,46,23.00,0,RobiKo00
Ryne Robinson,WR,23.056,2007-12-30,NFL,CAR,@,TAM,W 31-23,16,17,Sun,3,103,34.33,0,RobiRy00
T.J. Rushing,DB,24.205,2007-12-30,NFL,IND,,TEN,L 10-16,16,17,Sun,4,100,25.00,0,RushT.20
Isaac Smolko,TE,24.305,2007-12-30,NFL,JAX,@,HOU,L 28-42,16,17,Sun,1,12,12.00,0,SmolIs00
Darren Sproles,RB/K,24.193,2007-12-30,NFL,SDG,@,OAK,W 30-17,16,17,Sun,3,140,46.67,0,SproDa00
Micheal Spurlock,WR,24.333,2007-12-30,NFL,TAM,,CAR,L 23-31,16,17,Sun,2,41,20.50,0,SpurMi00
Derek Stanley,WR,22.125,2007-12-30,NFL,STL,@,ARI,L 19-48,16,17,Sun,6,159,26.50,0,StanDe00
Leon Washington,RB/K,25.123,2007-12-30,NFL,NYJ,,KAN,W 13-10,16,17,Sun,2,39,19.50,0,WashLe00
Tramon Williams,CB,24.289,2007-12-30,NFL,GNB,,DET,W 34-13,16,17,Sun,2,48,24.00,0,WillTr99
Josh Wilson,CB,22.294,2007-12-30,NFL,SEA,@,ATL,L 41-44,16,17,Sun,2,38,19.00,0,WilsJo99
Wallace Wright,WR,23.332,2007-12-30,NFL,NYJ,,KAN,W 13-10,16,17,Sun,1,3,3.00,0,WrigWa00
Nate Burleson,WR,26.139,2008-01-05,NFL,SEA,,WAS,W 35-14,17,18,Sat,2,19,9.50,0,BurlNa00
Rock Cartwright,RB,28.033,2008-01-05,NFL,WAS,@,SEA,L 14-35,17,18,Sat,6,176,29.33,0,CartRo01
Najeh Davenport,RB,28.331,2008-01-05,NFL,PIT,,JAX,L 29-31,17,18,Sat,5,83,16.60,0,DaveNa00
Greg Jones,FB,26.241,2008-01-05,NFL,JAX,@,PIT,W 31-29,17,18,Sat,1,0,0.00,0,JoneGr01
Maurice Jones-Drew,RB/K,22.288,2008-01-05,NFL,JAX,@,PIT,W 31-29,17,18,Sat,1,96,96.00,0,DrewMa00
Montell Owens,FB,23.246,2008-01-05,NFL,JAX,@,PIT,W 31-29,17,18,Sat,2,15,7.50,0,OwenMo01
Mike Sellers,FB,32.168,2008-01-05,NFL,WAS,@,SEA,L 14-35,17,18,Sat,1,13,13.00,0,SellMi00
Scott Starks,CB,24.192,2008-01-05,NFL,JAX,@,PIT,W 31-29,17,18,Sat,2,29,14.50,0,StarSc20
Reuben Droughns,RB,29.138,2008-01-06,NFL,NYG,@,TAM,W 24-14,17,18,Sun,1,17,17.00,0,DrouRe00
Chris Henry,RB,22.214,2008-01-06,NFL,TEN,@,SDG,L 6-17,17,18,Sun,4,71,17.75,0,HenrCh01
Domenik Hixon,WR,23.090,2008-01-06,NFL,NYG,@,TAM,W 24-14,17,18,Sun,2,37,18.50,0,HixoDo00
Darren Sproles,RB/K,24.200,2008-01-06,NFL,SDG,,TEN,W 17-6,17,18,Sun,2,40,20.00,0,SproDa00
Micheal Spurlock,WR,24.340,2008-01-06,NFL,TAM,,NYG,L 14-24,17,18,Sun,5,106,21.20,0,SpurMi00
Willie Andrews,DB,24.071,2008-01-12,NFL,NWE,,JAX,W 31-20,17,19,Sat,1,13,13.00,0,AndrWi20
Nate Burleson,WR,26.146,2008-01-12,NFL,SEA,@,GNB,L 20-42,18,19,Sat,6,106,17.67,0,BurlNa00
Chad Jackson,WR,22.312,2008-01-12,NFL,NWE,,JAX,W 31-20,17,19,Sat,4,78,19.50,0,JackCh00
Maurice Jones-Drew,RB/K,22.295,2008-01-12,NFL,JAX,@,NWE,L 20-31,18,19,Sat,5,61,12.20,0,DrewMa00
Tramon Williams,CB,24.302,2008-01-12,NFL,GNB,,SEA,W 42-20,17,19,Sat,5,111,22.20,0,WillTr99
Josh Wilson,CB,22.307,2008-01-12,NFL,SEA,@,GNB,L 20-42,18,19,Sat,1,-1,-1.00,0,WilsJo99
Miles Austin,WR,23.197,2008-01-13,NFL,DAL,,NYG,L 17-21,17,19,Sun,3,67,22.33,0,AustMi00
Ahmad Bradshaw,RB,21.300,2008-01-13,NFL,NYG,@,DAL,W 21-17,18,19,Sun,1,13,13.00,0,BradAh00
Domenik Hixon,WR,23.097,2008-01-13,NFL,NYG,@,DAL,W 21-17,18,19,Sun,3,93,31.00,0,HixoDo00
Nate Jones,CB,25.212,2008-01-13,NFL,DAL,,NYG,L 17-21,17,19,Sun,1,21,21.00,0,JoneNa20
T.J. Rushing,DB,24.219,2008-01-13,NFL,IND,,SDG,L 24-28,17,19,Sun,5,129,25.80,0,RushT.20
Darren Sproles,RB/K,24.207,2008-01-13,NFL,SDG,@,IND,W 28-24,18,19,Sun,4,99,24.75,0,SproDa00
Willie Andrews,DB,24.079,2008-01-20,NFL,NWE,,SDG,W 21-12,18,20,Sun,1,10,10.00,0,AndrWi20
Domenik Hixon,WR,23.104,2008-01-20,NFL,NYG,@,GNB,W 23-20,19,20,Sun,5,121,24.20,0,HixoDo00
Ellis Hobbs,RCB,24.249,2008-01-20,NFL,NWE,,SDG,W 21-12,18,20,Sun,2,39,19.50,0,HobbEl20
Laurence Maroney,RB,22.349,2008-01-20,NFL,NWE,,SDG,W 21-12,18,20,Sun,2,43,21.50,0,MaroLa00
Koren Robinson,WR,27.307,2008-01-20,NFL,GNB,,NYG,L 20-23,18,20,Sun,4,54,13.50,0,RobiKo00
Darren Sproles,RB/K,24.214,2008-01-20,NFL,SDG,@,NWE,L 12-21,19,20,Sun,4,84,21.00,0,SproDa00
Tramon Williams,CB,24.310,2008-01-20,NFL,GNB,,NYG,L 20-23,18,20,Sun,1,49,49.00,0,WillTr99
Domenik Hixon,WR,23.118,2008-02-03,NFL,NYG,N,NWE,W 17-14,20,21,Sun,2,39,19.50,0,HixoDo00
Laurence Maroney,RB,22.363,2008-02-03,NFL,NWE,N,NYG,L 14-17,19,21,Sun,4,94,23.50,0,MaroLa00
