Player,Pos,Age,Date,LG,Team,Loc,Opponent,WL,G,Week,Day,Fmb,Fumble Forced,FR,FR Yds,FR TD,unique_id
Michael Bennett,LDE,28.295,2014-09-04,NFL,SEA,,GNB,W 36-16,1,1,Thu,0,1,0,0,0,BennMi99
Clay Matthews,LOLB,28.113,2014-09-04,NFL,GNB,@,SEA,L 16-36,1,1,Thu,0,1,0,0,0,MattCl99
Andre Branch,DE,25.055,2014-09-07,NFL,JAX,@,PHI,L 17-34,1,1,Sun,0,2,0,0,0,BranAn00
Vontaze Burfict,WLB,23.348,2014-09-07,NFL,CIN,@,BAL,W 23-16,1,1,Sun,0,1,1,0,0,BurfVo00
Jairus Byrd,FS,27.335,2014-09-07,NFL,NOR,@,ATL,L 34-37,1,1,Sun,0,1,0,0,0,ByrdJa99
T.J. Carrie,CB,24.041,2014-09-07,NFL,OAK,@,NYJ,L 14-19,1,1,Sun,0,1,1,0,0,CarrTr00
Quinton Carter,S,26.049,2014-09-07,NFL,DEN,,IND,W 31-24,1,1,Sun,0,1,0,0,0,CartQu01
Chris Clemons,RDE,32.311,2014-09-07,NFL,JAX,@,PHI,L 17-34,1,1,Sun,0,1,0,0,0,ClemCh23
Trent Cole,OLB,31.337,2014-09-07,NFL,PHI,,JAX,W 34-17,1,1,Sun,0,1,0,0,0,ColeTr20
Jamie Collins,LB,24.322,2014-09-07,NFL,NWE,@,MIA,L 20-33,1,1,Sun,0,1,0,0,0,CollJa00
Quinton Coples,OLB,24.077,2014-09-07,NFL,NYJ,,OAK,W 19-14,1,1,Sun,0,1,0,0,0,CoplQu00
Jerrell Freeman,WLB,28.129,2014-09-07,NFL,IND,@,DEN,L 24-31,1,1,Sun,0,1,0,0,0,FreeJe00
Greg Hardy,RE,26.041,2014-09-07,NFL,CAR,@,TAM,W 20-14,1,1,Sun,0,1,0,0,0,HardGr99
Tom Johnson,DT,30.008,2014-09-07,NFL,MIN,@,STL,W 34-6,1,1,Sun,0,1,0,0,0,JohnTo01
Ryan Kerrigan,LOLB,26.022,2014-09-07,NFL,WAS,@,HOU,L 6-17,1,1,Sun,0,1,0,0,0,KerrRy00
Luke Kuechly,MLB,23.140,2014-09-07,NFL,CAR,@,TAM,W 20-14,1,1,Sun,0,1,0,0,0,KuecLu00
Leodis McKelvin,LCB,29.006,2014-09-07,NFL,BUF,@,CHI,W 23-20,1,1,Sun,0,1,0,0,0,McKeLe99
Sio Moore,WLB,24.128,2014-09-07,NFL,OAK,@,NYJ,L 14-19,1,1,Sun,0,1,0,0,0,MoorSi00
William Moore,S,29.112,2014-09-07,NFL,ATL,,NOR,W 37-34,1,1,Sun,0,1,0,0,0,MoorWi99
Loucheiz Purifoy,CB,21.265,2014-09-07,NFL,IND,@,DEN,L 24-31,1,1,Sun,0,1,0,0,0,PuriLo01
Logan Ryan,CB,23.210,2014-09-07,NFL,NWE,@,MIA,L 20-33,1,1,Sun,0,1,0,0,0,RyanLo00
Anthony Sherman,FB,25.270,2014-09-07,NFL,KAN,,TEN,L 10-26,1,1,Sun,0,1,0,0,0,SherAn00
Dan Skuta,LB,28.139,2014-09-07,NFL,SFO,@,DAL,W 28-17,1,1,Sun,0,1,0,0,0,SkutDa00
D.J. Swearinger,SS,23.006,2014-09-07,NFL,HOU,,WAS,W 17-6,1,1,Sun,0,1,0,0,0,SweaDJ00
Cameron Wake,LDE,32.220,2014-09-07,NFL,MIA,,NWE,W 33-20,1,1,Sun,0,2,0,0,0,WakeCa00
Jeremiah Attaochu,OLB,21.234,2014-09-08,NFL,SDG,@,ARI,L 17-18,1,1,Mon,0,1,0,0,0,AttaJe00
Marcus Gilchrist,SS,25.274,2014-09-08,NFL,SDG,@,ARI,L 17-18,1,1,Mon,0,1,0,0,0,GilcMa00
Antrel Rolle,SS,31.266,2014-09-08,NFL,NYG,@,DET,L 14-35,1,1,Mon,0,1,0,0,0,RollAn20
C.J. Mosley,ILB,22.084,2014-09-11,NFL,BAL,,PIT,W 26-6,2,2,Thu,0,1,1,6,0,MoslC.00
Daryl Smith,ILB,32.181,2014-09-11,NFL,BAL,,PIT,W 26-6,2,2,Thu,0,1,0,0,0,SmitDa24
Jared Allen,RE,32.164,2014-09-14,NFL,CHI,@,SFO,W 28-20,2,2,Sun,0,1,0,0,0,AlleJa22
Kyle Arrington,CB,28.033,2014-09-14,NFL,NWE,@,MIN,W 30-7,2,2,Sun,0,1,0,0,0,ArriKy00
Chase Blackburn,SLB,31.096,2014-09-14,NFL,CAR,,DET,W 24-7,2,2,Sun,0,1,0,0,0,BlacCh21
Antoine Cason,LCB,28.067,2014-09-14,NFL,CAR,,DET,W 24-7,2,2,Sun,0,2,1,0,0,CasoAn99
Kavell Conner,ILB,27.203,2014-09-14,NFL,SDG,,SEA,W 30-21,2,2,Sun,0,1,0,0,0,ConnKa99
Kenny Demens,LB,24.222,2014-09-14,NFL,ARI,@,NYG,W 25-14,2,2,Sun,0,1,0,0,0,DemeKe00
Melvin Ingram,OLB,25.141,2014-09-14,NFL,SDG,,SEA,W 30-21,2,2,Sun,0,1,0,0,0,IngrMe00
Johnathan Joseph,RCB,30.151,2014-09-14,NFL,HOU,@,OAK,W 30-14,2,2,Sun,0,2,1,49,0,JoseJo20
Kendrick Lewis,FS,26.090,2014-09-14,NFL,HOU,@,OAK,W 30-14,2,2,Sun,0,1,0,0,0,LewiKe00
Brandon Marshall,WLB,25.004,2014-09-14,NFL,DEN,,KAN,W 24-17,2,2,Sun,0,1,0,0,0,MarsBr01
Byron Maxwell,RCB,26.203,2014-09-14,NFL,SEA,@,SDG,L 21-30,2,2,Sun,0,1,0,0,0,MaxwBy00
Sterling Moore,CB,24.223,2014-09-14,NFL,DAL,@,TEN,W 26-10,2,2,Sun,0,1,0,0,0,MoorSt00
Jordan Poyer,DB,23.142,2014-09-14,NFL,CLE,,NOR,W 26-24,2,2,Sun,0,1,0,0,0,PoyeJo00
Scott Solomon,DL,25.313,2014-09-14,NFL,TAM,,STL,L 17-19,2,2,Sun,0,1,0,0,0,SoloSc00
D.J. Swearinger,SS,23.013,2014-09-14,NFL,HOU,@,OAK,W 30-14,2,2,Sun,0,1,1,0,0,SweaDJ00
Trent Cole,OLB,31.345,2014-09-15,NFL,PHI,@,IND,W 30-27,2,2,Mon,0,1,0,0,0,ColeTr20
Fletcher Cox,DE,23.276,2014-09-15,NFL,PHI,@,IND,W 30-27,2,2,Mon,0,1,0,0,0,CoxxFl00
Lavonte David,WLB,24.238,2014-09-18,NFL,TAM,@,ATL,L 14-56,3,3,Thu,0,1,1,0,0,DaviLa00
Malliciah Goodman,DE,24.257,2014-09-18,NFL,ATL,,TAM,W 56-14,3,3,Thu,0,1,0,0,0,GoodMa01
Leonard Johnson,CB,24.172,2014-09-18,NFL,TAM,@,ATL,L 14-56,3,3,Thu,0,1,0,0,0,JohnLe03
Alterraun Verner,CB,25.279,2014-09-18,NFL,TAM,@,ATL,L 14-56,3,3,Thu,0,1,0,0,0,VernAl99
Paul Worrilow,LB,24.140,2014-09-18,NFL,ATL,,TAM,W 56-14,3,3,Thu,0,1,0,0,0,WorrPa00
Bashaud Breeland,CB,22.234,2014-09-21,NFL,WAS,@,PHI,L 34-37,3,3,Sun,0,1,0,0,0,BreeBa00
Kam Chancellor,SS,26.171,2014-09-21,NFL,SEA,,DEN,W 26-20,3,3,Sun,0,1,0,0,0,ChanKa99
Nick Fairley,DT,26.241,2014-09-21,NFL,DET,,GNB,W 19-7,3,3,Sun,0,1,0,0,0,FairNi00
Brandon Graham,LB,26.171,2014-09-21,NFL,PHI,,WAS,W 37-34,3,3,Sun,0,1,0,0,0,GrahBr99
Brent Grimes,CB,31.064,2014-09-21,NFL,MIA,,KAN,L 15-34,3,3,Sun,0,1,0,0,0,GrimBr20
Tamba Hali,ROLB,30.322,2014-09-21,NFL,KAN,@,MIA,W 34-15,3,3,Sun,0,1,0,0,0,HaliTa20
DeAngelo Hall,LCB,30.306,2014-09-21,NFL,WAS,@,PHI,L 34-37,3,3,Sun,0,1,1,17,0,HallDe99
D'Qwell Jackson,MIKE,30.360,2014-09-21,NFL,IND,@,JAX,W 44-17,3,3,Sun,0,1,0,0,0,JackDQ20
Jelani Jenkins,LB,22.192,2014-09-21,NFL,MIA,,KAN,L 15-34,3,3,Sun,0,1,0,0,0,JenkJe00
Jarvis Jones,ROLB,24.343,2014-09-21,NFL,PIT,@,CAR,W 37-19,3,3,Sun,0,1,0,0,0,JoneJa05
Kendrick Lewis,FS,26.097,2014-09-21,NFL,HOU,@,NYG,L 17-30,3,3,Sun,0,1,0,0,0,LewiKe00
Corey Liuget,RE,24.187,2014-09-21,NFL,SDG,@,BUF,W 22-10,3,3,Sun,0,1,0,0,0,LiugCo00
Jared Odrick,DT,26.264,2014-09-21,NFL,MIA,,KAN,L 15-34,3,3,Sun,0,1,0,0,0,OdriJa99
Alec Ogletree,LLB,22.361,2014-09-21,NFL,STL,,DAL,L 31-34,3,3,Sun,0,1,0,0,0,OgleAl00
Julius Peppers,ROLB,34.246,2014-09-21,NFL,GNB,@,DET,L 7-19,3,3,Sun,0,1,1,0,0,PeppJu99
Shamarko Thomas,S,23.210,2014-09-21,NFL,PIT,@,CAR,W 37-19,3,3,Sun,0,1,0,0,0,ThomSh00
DeMarcus Ware,RDE,32.052,2014-09-21,NFL,DEN,@,SEA,L 20-26,3,3,Sun,0,1,0,0,0,WareDe99
Michael Wilhoite,ILB,27.288,2014-09-21,NFL,SFO,@,ARI,L 14-23,3,3,Sun,0,1,0,0,0,WilhMi00
Isaiah Frey,LCB,24.169,2014-09-22,NFL,CHI,@,NYJ,W 27-19,3,3,Mon,0,1,0,0,0,FreyIs00
Kyle Fuller,RCB,22.218,2014-09-22,NFL,CHI,@,NYJ,W 27-19,3,3,Mon,0,2,0,0,0,FullKy00
David Harris,MIKE,30.244,2014-09-22,NFL,NYJ,,CHI,L 19-27,3,3,Mon,0,1,0,0,0,HarrDa99
Tim Jennings,LCB,30.272,2014-09-22,NFL,CHI,@,NYJ,W 27-19,3,3,Mon,0,1,0,0,0,JennTi20
Mathias Kiwanuka,LDE,31.201,2014-09-25,NFL,NYG,@,WAS,W 45-14,4,4,Thu,0,1,0,0,0,KiwaMa20
Trumaine McBride,CB,29.001,2014-09-25,NFL,NYG,@,WAS,W 45-14,4,4,Thu,0,1,1,0,0,McBrTr99
Antoine Bethea,SS,30.063,2014-09-28,NFL,SFO,,PHI,W 26-21,4,4,Sun,0,1,0,0,0,BethAn20
Chris Culliver,RCB,26.042,2014-09-28,NFL,SFO,,PHI,W 26-21,4,4,Sun,0,1,0,0,0,CullCh00
Lavonte David,WLB,24.248,2014-09-28,NFL,TAM,@,PIT,W 27-24,4,4,Sun,0,1,0,0,0,DaviLa00
Justin Durant,WLB,29.008,2014-09-28,NFL,DAL,,NOR,W 38-17,4,4,Sun,0,1,0,0,0,DuraJu99
Davon House,DB,25.080,2014-09-28,NFL,GNB,@,CHI,W 38-17,4,4,Sun,0,1,0,0,0,HousDa00
James Ihedigbo,SS,30.299,2014-09-28,NFL,DET,@,NYJ,W 24-17,4,4,Sun,0,1,0,0,0,IhedJa00
Jarret Johnson,OLB,33.045,2014-09-28,NFL,SDG,,JAX,W 33-14,4,4,Sun,0,1,0,0,0,JohnJa23
Michael Johnson,RE,27.233,2014-09-28,NFL,TAM,@,PIT,W 27-24,4,4,Sun,0,1,0,0,0,JohnMi98
Brian Leonhardt,TE,24.179,2014-09-28,NFL,OAK,,MIA,L 14-38,4,4,Sun,0,1,0,0,0,LeonBr01
Rolando McClain,LB,25.076,2014-09-28,NFL,DAL,,NOR,W 38-17,4,4,Sun,0,1,0,0,0,McClRo00
Carlos Rogers,LCB,33.088,2014-09-28,NFL,OAK,,MIA,L 14-38,4,4,Sun,0,1,0,0,0,RogeCa20
Brandon Spikes,MLB,27.025,2014-09-28,NFL,BUF,@,HOU,L 17-23,4,4,Sun,0,1,0,0,0,SpikBr99
D.J. Swearinger,SS,23.027,2014-09-28,NFL,HOU,,BUF,W 23-17,4,4,Sun,0,1,0,0,0,SweaDJ00
Justin Tuck,DE,31.183,2014-09-28,NFL,OAK,,MIA,L 14-38,4,4,Sun,0,1,0,0,0,TuckJu20
Brandon Williams,NT,25.219,2014-09-28,NFL,BAL,,CAR,W 38-10,4,4,Sun,0,1,1,0,0,WillBr02
Tamba Hali,ROLB,30.330,2014-09-29,NFL,KAN,,NWE,W 41-14,4,4,Mon,0,1,1,0,0,HaliTa20
Justin Houston,LOLB,25.260,2014-09-29,NFL,KAN,,NWE,W 41-14,4,4,Mon,0,1,0,0,0,HousJu00
Morgan Burnett,SS,25.262,2014-10-02,NFL,GNB,,MIN,W 42-10,5,5,Thu,0,1,0,0,0,BurnMo99
Mike Adams,SS,33.195,2014-10-05,NFL,IND,,BAL,W 20-13,5,5,Sun,0,1,0,0,0,AdamMi21
Kyle Arrington,CB,28.054,2014-10-05,NFL,NWE,,CIN,W 43-17,5,5,Sun,0,1,1,9,1,ArriKy00
Brandon Bolden,RB,24.252,2014-10-05,NFL,NWE,,CIN,W 43-17,5,5,Sun,0,1,0,0,0,BoldBr00
Antoine Cason,CB,28.088,2014-10-05,NFL,CAR,,CHI,W 31-24,5,5,Sun,0,1,1,0,0,CasoAn99
Trent Cole,OLB,32.000,2014-10-05,NFL,PHI,,STL,W 34-28,5,5,Sun,0,1,0,0,0,ColeTr20
Vinny Curry,DE,26.097,2014-10-05,NFL,PHI,,STL,W 34-28,5,5,Sun,0,1,0,0,0,CurrVi00
Marcell Dareus,DT,24.206,2014-10-05,NFL,BUF,@,DET,W 17-14,5,5,Sun,0,1,0,0,0,DareMa00
Brian Dixon,DB,24.162,2014-10-05,NFL,NOR,,TAM,W 37-31,5,5,Sun,0,1,0,0,0,DixoBr01
Matt Elam,SS,23.033,2014-10-05,NFL,BAL,@,IND,L 13-20,5,5,Sun,0,1,0,0,0,ElamMa00
Isaiah Frey,CB,24.182,2014-10-05,NFL,CHI,@,CAR,L 24-31,5,5,Sun,0,1,1,0,0,FreyIs00
Brandon Graham,LB,26.185,2014-10-05,NFL,PHI,,STL,W 34-28,5,5,Sun,0,1,0,0,0,GrahBr99
Jerry Hughes,RDE,26.053,2014-10-05,NFL,BUF,@,DET,W 17-14,5,5,Sun,0,1,0,0,0,HughJe99
James Ihedigbo,S,30.306,2014-10-05,NFL,DET,,BUF,L 14-17,5,5,Sun,0,1,0,0,0,IhedJa00
James-Michael Johnson,RILB,25.046,2014-10-05,NFL,KAN,@,SFO,L 17-22,5,5,Sun,0,1,0,0,0,JohnJa04
Abry Jones,DT,23.027,2014-10-05,NFL,JAX,,PIT,L 9-17,5,5,Sun,0,1,0,0,0,JoneAb00
A.J. Klein,SLB,23.067,2014-10-05,NFL,CAR,,CHI,W 31-24,5,5,Sun,0,1,0,0,0,KleiAJ00
Kendrick Lewis,FS,26.111,2014-10-05,NFL,HOU,@,DAL,L 17-20,5,5,Sun,0,1,0,0,0,LewiKe00
Ricardo Mathews,DE,27.067,2014-10-05,NFL,SDG,,NYJ,W 31-0,5,5,Sun,0,1,0,0,0,MathRi99
Trumaine McBride,CB,29.011,2014-10-05,NFL,NYG,,ATL,W 30-20,5,5,Sun,0,1,0,0,0,McBrTr99
Jeromy Miles,S,27.077,2014-10-05,NFL,BAL,@,IND,L 13-20,5,5,Sun,0,1,0,0,0,MileJe00
Alec Ogletree,LLB,23.010,2014-10-05,NFL,STL,@,PHI,L 28-34,4,5,Sun,0,1,0,0,0,OgleAl00
Senorise Perry,RB,23.016,2014-10-05,NFL,CHI,@,CAR,L 24-31,5,5,Sun,0,1,0,0,0,PerrSe00
Darrelle Revis,LCB,29.083,2014-10-05,NFL,NWE,,CIN,W 43-17,5,5,Sun,0,1,0,0,0,ReviDa99
Kawann Short,DT,25.245,2014-10-05,NFL,CAR,,CHI,W 31-24,5,5,Sun,0,1,1,0,0,ShorKa00
Justin Smith,RDT,35.005,2014-10-05,NFL,SFO,,KAN,W 22-17,5,5,Sun,0,1,0,0,0,SmitJu20
Darian Stewart,FS,26.062,2014-10-05,NFL,BAL,@,IND,L 13-20,5,5,Sun,0,1,0,0,0,StewDa00
Jeff Tarpinian,LB,26.354,2014-10-05,NFL,HOU,@,DAL,L 17-20,5,5,Sun,0,1,0,0,0,TarpJe00
Eric Weems,WR,29.093,2014-10-05,NFL,ATL,@,NYG,L 20-30,5,5,Sun,0,1,1,0,0,WeemEr00
Willie Young,DE,29.016,2014-10-05,NFL,CHI,@,CAR,L 24-31,5,5,Sun,0,1,0,0,0,YounWi99
K.J. Wright,OLB,25.075,2014-10-06,NFL,SEA,@,WAS,W 27-17,4,5,Mon,0,1,0,0,0,WrigK.00
Vontae Davis,RCB,26.135,2014-10-09,NFL,IND,@,HOU,W 33-28,6,6,Thu,0,1,0,0,0,DaviVo99
Bjoern Werner,LB,24.040,2014-10-09,NFL,IND,@,HOU,W 33-28,6,6,Thu,0,1,0,0,0,WernBj00
Ezekiel Ansah,DE,25.136,2014-10-12,NFL,DET,@,MIN,W 17-3,6,6,Sun,0,1,0,0,0,AnsaEz00
Connor Barwin,OLB,27.362,2014-10-12,NFL,PHI,,NYG,W 27-0,6,6,Sun,0,1,0,0,0,BarwCo99
Will Blackmon,CB,29.350,2014-10-12,NFL,JAX,@,TEN,L 14-16,6,6,Sun,0,1,0,0,0,BlacWi20
Elvis Dumervil,OLB,30.266,2014-10-12,NFL,BAL,@,TAM,W 48-17,6,6,Sun,0,1,0,0,0,DumeEl20
Bradley Fletcher,CB,28.109,2014-10-12,NFL,PHI,,NYG,W 27-0,6,6,Sun,0,1,0,0,0,FletBr99
Kyle Fuller,CB,22.238,2014-10-12,NFL,CHI,@,ATL,W 27-13,6,6,Sun,0,1,0,0,0,FullKy00
Brandon Graham,LB,26.192,2014-10-12,NFL,PHI,,NYG,W 27-0,6,6,Sun,0,1,0,0,0,GrahBr99
Chandler Jones,RE,24.227,2014-10-12,NFL,NWE,@,BUF,W 37-22,6,6,Sun,0,1,1,0,0,JoneCh03
Ryan Kerrigan,LOLB,26.057,2014-10-12,NFL,WAS,@,ARI,L 20-30,6,6,Sun,0,1,0,0,0,KerrRy00
Clay Matthews,ROLB,28.151,2014-10-12,NFL,GNB,@,MIA,W 27-24,6,6,Sun,0,1,0,0,0,MattCl99
Devin McCourty,S,27.060,2014-10-12,NFL,NWE,@,BUF,W 37-22,6,6,Sun,0,1,0,0,0,McCoDe99
Jason McCourty,CB,27.060,2014-10-12,NFL,TEN,,JAX,W 16-14,6,6,Sun,0,1,0,0,0,McCoJa99
Mike Mitchell,FS,27.124,2014-10-12,NFL,PIT,@,CLE,L 10-31,6,6,Sun,0,1,0,0,0,MitcMi99
Jerraud Powers,DB,27.085,2014-10-12,NFL,ARI,,WAS,W 30-20,5,6,Sun,0,1,0,0,0,PoweJe99
Sheldon Richardson,DT,23.317,2014-10-12,NFL,NYJ,,DEN,L 17-31,6,6,Sun,0,1,0,0,0,RichSh00
Olivier Vernon,RE,24.005,2014-10-12,NFL,MIA,,GNB,L 24-27,5,6,Sun,0,1,0,0,0,VernOl00
Rodney McLeod,FS,24.112,2014-10-13,NFL,STL,,SFO,L 17-31,5,6,Mon,0,1,0,0,0,McLeRo00
Dan Skuta,OLB,28.175,2014-10-13,NFL,SFO,@,STL,W 31-17,6,6,Mon,0,1,0,0,0,SkutDa00
Dwayne Allen,TE,24.237,2014-10-19,NFL,IND,,CIN,W 27-0,7,7,Sun,0,1,0,0,0,AlleDw00
Jasper Brinkley,MLB,29.099,2014-10-19,NFL,MIN,@,BUF,L 16-17,7,7,Sun,0,1,0,0,0,BrinJa99
Barry Church,SS,26.250,2014-10-19,NFL,DAL,,NYG,W 31-21,7,7,Sun,0,1,0,0,0,ChurBa99
Carlos Dunlap,LDE,25.233,2014-10-19,NFL,CIN,@,IND,L 0-27,6,7,Sun,0,1,1,0,0,DunlCa99
Justin Durant,WLB,29.029,2014-10-19,NFL,DAL,,NYG,W 31-21,7,7,Sun,0,1,1,0,0,DuraJu99
Cortland Finnegan,CB,30.259,2014-10-19,NFL,MIA,@,CHI,W 27-14,6,7,Sun,0,1,0,0,0,FinnCo20
Chad Greenway,WLB,31.280,2014-10-19,NFL,MIN,@,BUF,L 16-17,7,7,Sun,0,1,0,0,0,GreeCh99
Everson Griffen,RE,26.301,2014-10-19,NFL,MIN,@,BUF,L 16-17,7,7,Sun,0,1,0,0,0,GrifEv99
Tamba Hali,ROLB,30.350,2014-10-19,NFL,KAN,@,SDG,W 23-20,6,7,Sun,0,1,0,0,0,HaliTa20
Charles Johnson,LDE,28.101,2014-10-19,NFL,CAR,@,GNB,L 17-38,7,7,Sun,0,1,0,0,0,JohnCh98
Pernell McPhee,OLB,25.306,2014-10-19,NFL,BAL,,ATL,W 29-7,7,7,Sun,0,1,0,0,0,McPhPe00
Derrick Morgan,OLB,25.286,2014-10-19,NFL,TEN,@,WAS,L 17-19,7,7,Sun,0,1,0,0,0,MorgDe99
C.J. Mosley,DT,31.074,2014-10-19,NFL,DET,,NOR,W 24-23,7,7,Sun,0,1,0,0,0,MoslC.20
Harrison Smith,FS,25.259,2014-10-19,NFL,MIN,@,BUF,L 16-17,7,7,Sun,0,1,0,0,0,SmitHa00
Malcolm Smith,LB,25.106,2014-10-19,NFL,SEA,@,STL,L 26-28,6,7,Sun,0,1,0,0,0,SmitMa02
Telvin Smith,LB,23.191,2014-10-19,NFL,JAX,,CLE,W 24-6,7,7,Sun,0,1,0,0,0,SmitTe01
Cameron Wake,LDE,32.262,2014-10-19,NFL,MIA,@,CHI,W 27-14,6,7,Sun,0,1,1,0,0,WakeCa00
Whitney Mercilus,LB,24.091,2014-10-20,NFL,HOU,@,PIT,L 23-30,7,7,Mon,0,1,0,0,0,MercWh00
Mike Mitchell,FS,27.132,2014-10-20,NFL,PIT,,HOU,W 30-23,7,7,Mon,0,1,0,0,0,MitcMi99
Jason Worilds,LOLB,26.231,2014-10-20,NFL,PIT,,HOU,W 30-23,7,7,Mon,0,1,0,0,0,WoriJa99
Eric Weddle,FS,29.292,2014-10-23,NFL,SDG,@,DEN,L 21-35,8,8,Thu,0,1,0,0,0,WeddEr99
Nate Allen,S,26.330,2014-10-26,NFL,PHI,@,ARI,L 20-24,7,8,Sun,0,1,1,0,0,AlleNa99
Ezekiel Ansah,DE,25.150,2014-10-26,NFL,DET,@,ATL,W 22-21,8,8,Sun,0,1,0,0,0,AnsaEz00
Geno Atkins,DT,26.212,2014-10-26,NFL,CIN,,BAL,W 27-24,7,8,Sun,0,1,0,0,0,AtkiGe99
Anthony Barr,SLB,22.222,2014-10-26,NFL,MIN,@,TAM,W 19-13,8,8,Sun,0,1,1,27,1,BarrAn00
Nigel Bradham,SLB,25.052,2014-10-26,NFL,BUF,@,NYJ,W 43-23,8,8,Sun,0,1,0,0,0,BradNi00
Corbin Bryant,DT,26.295,2014-10-26,NFL,BUF,@,NYJ,W 43-23,8,8,Sun,0,1,0,0,0,BryaCo00
Darius Butler,CB,28.222,2014-10-26,NFL,IND,@,PIT,L 34-51,8,8,Sun,0,1,0,0,0,ButlDa99
Aaron Donald,LDT,23.156,2014-10-26,NFL,STL,@,KAN,L 7-34,7,8,Sun,0,1,0,0,0,DonaAa00
Kasim Edebali,OLB,25.070,2014-10-26,NFL,NOR,,GNB,W 44-23,7,8,Sun,0,1,0,0,0,EdebKa00
Letroy Guion,NT,27.127,2014-10-26,NFL,GNB,@,NOR,L 23-44,8,8,Sun,0,1,0,0,0,GuioLe99
Jelani Jenkins,LB,22.227,2014-10-26,NFL,MIA,@,JAX,W 27-13,7,8,Sun,0,1,0,0,0,JenkJe00
Jason Jones,DE,28.156,2014-10-26,NFL,DET,@,ATL,W 22-21,8,8,Sun,0,1,0,0,0,JoneJa99
Paul Kruger,OLB,28.253,2014-10-26,NFL,CLE,,OAK,W 23-13,7,8,Sun,0,1,0,0,0,KrugPa99
Rashean Mathis,RCB,34.060,2014-10-26,NFL,DET,@,ATL,W 22-21,8,8,Sun,0,1,0,0,0,MathRa99
Zach Moore,DL,24.051,2014-10-26,NFL,NWE,,CHI,W 51-23,8,8,Sun,0,1,0,0,0,MoorZa00
Haloti Ngata,DT,30.278,2014-10-26,NFL,BAL,@,CIN,L 24-27,8,8,Sun,0,1,0,0,0,NgatHa20
Jamize Olawale,FB,25.192,2014-10-26,NFL,OAK,@,CLE,L 13-23,7,8,Sun,0,1,0,0,0,OlawJa00
Troy Polamalu,FS,33.190,2014-10-26,NFL,PIT,,IND,W 51-34,8,8,Sun,0,1,0,0,0,PolaTr99
Robert Quinn,RDE,24.161,2014-10-26,NFL,STL,@,KAN,L 7-34,7,8,Sun,0,1,0,0,0,QuinRo00
Frostee Rucker,DT,31.042,2014-10-26,NFL,ARI,,PHI,W 24-20,7,8,Sun,0,1,0,0,0,RuckFr99
Daryl Smith,ILB,32.226,2014-10-26,NFL,BAL,@,CIN,L 24-27,8,8,Sun,0,1,1,39,0,SmitDa24
Malcolm Smith,LB,25.113,2014-10-26,NFL,SEA,@,CAR,W 13-9,7,8,Sun,0,1,0,0,0,SmitMa02
Andy Studebaker,OLB,29.040,2014-10-26,NFL,IND,@,PIT,L 34-51,8,8,Sun,0,1,1,0,0,StudAn99
J.J. Watt,RDE,25.218,2014-10-26,NFL,HOU,@,TEN,W 30-16,8,8,Sun,0,1,0,0,0,WattJ.00
Donte Whitner,SS,29.094,2014-10-26,NFL,CLE,,OAK,W 23-13,7,8,Sun,0,1,0,0,0,WhitDo20
Mario Williams,LDE,29.268,2014-10-26,NFL,BUF,@,NYJ,W 43-23,8,8,Sun,0,1,0,0,0,WillMa22
Paul Worrilow,LB,24.178,2014-10-26,NFL,ATL,,DET,L 21-22,8,8,Sun,0,1,0,0,0,WorrPa00
Bashaud Breeland,LCB,22.270,2014-10-27,NFL,WAS,@,DAL,W 20-17,8,8,Mon,0,1,0,0,0,BreeBa00
Brandon Meriweather,SS,30.286,2014-10-27,NFL,WAS,@,DAL,W 20-17,8,8,Mon,0,2,1,0,0,MeriBr99
Jeremy Mincey,RDE,30.317,2014-10-27,NFL,DAL,,WAS,L 17-20,8,8,Mon,0,1,0,0,0,MincJe99
Antoine Cason,LCB,28.113,2014-10-30,NFL,CAR,,NOR,L 10-28,9,9,Thu,0,1,0,0,0,CasoAn99
Junior Galette,OLB,26.217,2014-10-30,NFL,NOR,@,CAR,W 28-10,8,9,Thu,0,1,0,0,0,GaleJu00
Wes Horton,RE,24.317,2014-10-30,NFL,CAR,,NOR,L 10-28,9,9,Thu,0,1,0,0,0,HortWe00
Charles Johnson,LDE,28.112,2014-10-30,NFL,CAR,,NOR,L 10-28,9,9,Thu,0,1,0,0,0,JohnCh98
Antonio Allen,CB,26.040,2014-11-02,NFL,NYJ,@,KAN,L 10-24,9,9,Sun,0,1,0,0,0,AlleAn02
Cliff Avril,RDE,28.208,2014-11-02,NFL,SEA,,OAK,W 30-24,8,9,Sun,0,1,0,0,0,AvriCl99
Chris Davis,CB,23.363,2014-11-02,NFL,SDG,@,MIA,L 0-37,9,9,Sun,0,1,0,0,0,DaviCh05
Ryan Davis,DE,25.251,2014-11-02,NFL,JAX,@,CIN,L 23-33,9,9,Sun,0,1,0,0,0,DaviRy00
Jermaine Kearse,WR,24.269,2014-11-02,NFL,SEA,,OAK,W 30-24,8,9,Sun,0,1,0,0,0,KearJe01
Mychal Kendricks,ILB,24.035,2014-11-02,NFL,PHI,@,HOU,W 31-21,8,9,Sun,0,1,0,0,0,KendMy00
Arthur Moats,ROLB,26.233,2014-11-02,NFL,PIT,,BAL,W 43-23,9,9,Sun,0,1,0,0,0,MoatAr00
Robert Quinn,RDE,24.168,2014-11-02,NFL,STL,@,SFO,W 13-10,8,9,Sun,0,1,0,0,0,QuinRo00
Bradley Roby,CB,22.185,2014-11-02,NFL,DEN,@,NWE,L 21-43,8,9,Sun,0,1,0,0,0,RobyBr00
Orlando Scandrick,RCB,27.265,2014-11-02,NFL,DAL,,ARI,L 17-28,9,9,Sun,0,1,0,0,0,ScanOr99
Richard Sherman,LCB,26.217,2014-11-02,NFL,SEA,,OAK,W 30-24,8,9,Sun,0,1,0,0,0,SherRi00
Olivier Vernon,RE,24.026,2014-11-02,NFL,MIA,,SDG,W 37-0,8,9,Sun,0,1,0,0,0,VernOl00
K.J. Wright,OLB,25.102,2014-11-02,NFL,SEA,,OAK,W 30-24,8,9,Sun,0,1,0,0,0,WrigK.00
Robert Ayers,DE,29.058,2014-11-03,NFL,NYG,,IND,L 24-40,8,9,Mon,0,1,0,0,0,AyerRo99
Josh Chapman,NT,25.146,2014-11-03,NFL,IND,@,NYG,W 40-24,9,9,Mon,0,1,0,0,0,ChapJo00
Zach Kerr,NT,24.066,2014-11-03,NFL,IND,@,NYG,W 40-24,9,9,Mon,0,1,0,0,0,KerrZa00
Jonathan Newsome,OLB,23.285,2014-11-03,NFL,IND,@,NYG,W 40-24,9,9,Mon,0,1,0,0,0,NewsJo00
Tashaun Gipson,FS,24.091,2014-11-06,NFL,CLE,@,CIN,W 24-3,9,10,Thu,0,1,0,0,0,GipsTa00
James Wright,WR,22.310,2014-11-06,NFL,CIN,,CLE,L 3-24,9,10,Thu,0,1,0,0,0,WrigJa03
Ezekiel Ansah,DE,25.164,2014-11-09,NFL,DET,,MIA,W 20-16,9,10,Sun,0,1,0,0,0,AnsaEz00
Jarrett Boykin,WR,25.005,2014-11-09,NFL,GNB,,CHI,W 55-14,9,10,Sun,0,1,0,0,0,BoykJa00
Nigel Bradham,SLB,25.066,2014-11-09,NFL,BUF,,KAN,L 13-17,9,10,Sun,0,1,0,0,0,BradNi00
Lance Briggs,LB,33.362,2014-11-09,NFL,CHI,@,GNB,L 14-55,9,10,Sun,0,1,0,0,0,BrigLa99
Ahmad Brooks,OLB,30.240,2014-11-09,NFL,SFO,@,NOR,W 27-24,9,10,Sun,0,1,0,0,0,BrooAh21
Jack Crawford,DE,26.063,2014-11-09,NFL,DAL,@,JAX,W 31-17,10,10,Sun,0,1,0,0,0,CrawJa00
Quintin Demps,FS,29.133,2014-11-09,NFL,NYG,@,SEA,L 17-38,9,10,Sun,0,1,0,0,0,DempQu99
Stephon Gilmore,RCB,24.051,2014-11-09,NFL,BUF,,KAN,L 13-17,9,10,Sun,0,1,0,0,0,GilmSt00
Malliciah Goodman,LB,24.309,2014-11-09,NFL,ATL,@,TAM,W 27-17,9,10,Sun,0,1,0,0,0,GoodMa01
Malik Jackson,DE,24.302,2014-11-09,NFL,DEN,@,OAK,W 41-17,9,10,Sun,0,1,0,0,0,JackMa02
Khalil Mack,SLB,23.260,2014-11-09,NFL,OAK,,DEN,L 17-41,9,10,Sun,0,1,0,0,0,MackKh00
Kareem Martin,DE,22.263,2014-11-09,NFL,ARI,,STL,W 31-14,9,10,Sun,0,1,0,0,0,MartKa00
Jameel McClain,MLB,29.107,2014-11-09,NFL,NYG,@,SEA,L 17-38,9,10,Sun,0,1,0,0,0,McClJa01
Albert McClellan,ILB,28.158,2014-11-09,NFL,BAL,,TEN,W 21-7,10,10,Sun,0,1,0,0,0,McClAl00
Haloti Ngata,DT,30.292,2014-11-09,NFL,BAL,,TEN,W 21-7,10,10,Sun,0,1,0,0,0,NgatHa20
Alec Ogletree,LLB,23.045,2014-11-09,NFL,STL,@,ARI,L 14-31,9,10,Sun,0,1,0,0,0,OgleAl00
Ron Parker,SS,27.084,2014-11-09,NFL,KAN,@,BUF,W 17-13,9,10,Sun,0,1,0,0,0,ParkRo01
Julius Peppers,LOLB,34.295,2014-11-09,NFL,GNB,,CHI,W 55-14,9,10,Sun,0,1,1,0,0,PeppJu99
Jason Pierre-Paul,RDE,25.312,2014-11-09,NFL,NYG,@,SEA,L 17-38,9,10,Sun,0,1,0,0,0,PierJa99
George Selvie,LDE,27.248,2014-11-09,NFL,DAL,@,JAX,W 31-17,10,10,Sun,0,1,0,0,0,SelvGe99
Anthony Sherman,FB,25.333,2014-11-09,NFL,KAN,@,BUF,W 17-13,9,10,Sun,0,1,1,0,0,SherAn00
J.T. Thomas,MLB,26.086,2014-11-09,NFL,JAX,,DAL,L 17-31,10,10,Sun,0,1,0,0,0,ThomJ.02
Tyrunn Walker,DE,24.236,2014-11-09,NFL,NOR,,SFO,L 24-27,9,10,Sun,0,1,0,0,0,WalkTy00
Muhammad Wilkerson,DE,25.018,2014-11-09,NFL,NYJ,,PIT,W 20-13,10,10,Sun,0,1,0,0,0,WilkMu00
Vinny Curry,DE,26.133,2014-11-10,NFL,PHI,,CAR,W 45-21,9,10,Mon,0,1,1,0,0,CurrVi00
Brandon Graham,LB,26.221,2014-11-10,NFL,PHI,,CAR,W 45-21,9,10,Mon,0,1,0,0,0,GrahBr99
Casey Matthews,ILB,25.298,2014-11-10,NFL,PHI,,CAR,W 45-21,9,10,Mon,0,1,0,0,0,MattCa00
Jerry Hughes,RDE,26.092,2014-11-13,NFL,BUF,@,MIA,L 9-22,10,11,Thu,0,1,0,0,0,HughJe99
Da'Norris Searcy,DS,25.362,2014-11-13,NFL,BUF,@,MIA,L 9-22,10,11,Thu,0,1,0,0,0,SearDa00
Jarrett Boykin,WR,25.012,2014-11-16,NFL,GNB,,PHI,W 53-20,10,11,Sun,0,1,0,0,0,BoykJa00
Calais Campbell,DE,28.076,2014-11-16,NFL,ARI,,DET,W 14-6,10,11,Sun,0,1,0,0,0,CampCa99
Jamie Collins,LB,25.027,2014-11-16,NFL,NWE,@,IND,W 42-20,10,11,Sun,0,1,0,0,0,CollJa00
Vinny Curry,DE,26.139,2014-11-16,NFL,PHI,@,GNB,L 20-53,10,11,Sun,0,1,0,0,0,CurrVi00
Brian Cushing,MIKE,27.296,2014-11-16,NFL,HOU,@,CLE,W 23-7,10,11,Sun,0,1,0,0,0,CushBr99
Thomas Davis,WLB,31.239,2014-11-16,NFL,CAR,,ATL,L 17-19,11,11,Sun,0,1,0,0,0,DaviTh20
Jayson DiManche,LB,24.055,2014-11-16,NFL,CIN,@,NOR,W 27-10,10,11,Sun,0,1,0,0,0,DiMaJa00
Carlos Dunlap,LDE,25.261,2014-11-16,NFL,CIN,@,NOR,W 27-10,10,11,Sun,0,1,0,0,0,DunlCa99
Junior Galette,OLB,26.234,2014-11-16,NFL,NOR,,CIN,L 10-27,10,11,Sun,0,1,0,0,0,GaleJu00
Leonard Johnson,CB,24.231,2014-11-16,NFL,TAM,@,WAS,W 27-7,10,11,Sun,0,1,0,0,0,JohnLe03
Ray McDonald,LDT,30.057,2014-11-16,NFL,SFO,@,NYG,W 16-10,10,11,Sun,0,1,0,0,0,McDoRa99
Trent Murphy,ROLB,23.329,2014-11-16,NFL,WAS,,TAM,L 7-27,10,11,Sun,0,1,0,0,0,MurpTr00
Jacquies Smith,DE,24.243,2014-11-16,NFL,TAM,@,WAS,W 27-7,10,11,Sun,0,1,0,0,0,SmitJa01
Earl Thomas,FS,25.193,2014-11-16,NFL,SEA,@,KAN,L 20-24,10,11,Sun,0,2,0,0,0,ThomEa99
DeMarcus Ware,RDE,32.108,2014-11-16,NFL,DEN,@,STL,L 7-22,10,11,Sun,0,1,0,0,0,WareDe99
J.J. Watt,RDE,25.239,2014-11-16,NFL,HOU,@,CLE,W 23-7,10,11,Sun,0,1,1,0,0,WattJ.00
Corey White,RCB,24.191,2014-11-16,NFL,NOR,,CIN,L 10-27,10,11,Sun,0,1,0,0,0,WhitCo01
Albert Wilson,WR,22.127,2014-11-16,NFL,KAN,,SEA,W 24-20,10,11,Sun,0,1,0,0,0,WilsAl02
Larry Asante,SS,26.258,2014-11-20,NFL,OAK,,KAN,W 24-20,11,12,Thu,0,1,0,0,0,AsanLa99
Kurt Coleman,S,26.142,2014-11-20,NFL,KAN,@,OAK,L 20-24,11,12,Thu,0,1,0,0,0,ColeKu99
Anthony Barr,SLB,22.250,2014-11-23,NFL,MIN,,GNB,L 21-24,11,12,Sun,0,1,0,0,0,BarrAn00
Connor Barwin,OLB,28.039,2014-11-23,NFL,PHI,,TEN,W 43-24,11,12,Sun,0,1,0,0,0,BarwCo99
David Bass,DE,24.073,2014-11-23,NFL,CHI,,TAM,W 21-13,11,12,Sun,0,1,0,0,0,BassDa00
Red Bryant,RDE,30.219,2014-11-23,NFL,JAX,@,IND,L 3-23,11,12,Sun,0,1,0,0,0,BryaRe99
Chris Clemons,DE,33.023,2014-11-23,NFL,JAX,@,IND,L 3-23,11,12,Sun,0,1,0,0,0,ClemCh23
Ryan Davis,DE,25.272,2014-11-23,NFL,JAX,@,IND,L 3-23,11,12,Sun,0,1,0,0,0,DaviRy00
Dwayne Gratz,RCB,24.260,2014-11-23,NFL,JAX,@,IND,L 3-23,11,12,Sun,0,1,0,0,0,GratDw00
Chris Harris,RCB,25.158,2014-11-23,NFL,DEN,,MIA,W 39-36,11,12,Sun,0,1,0,0,0,HarrCh01
Cooper Helfet,TE,25.174,2014-11-23,NFL,SEA,,ARI,W 19-3,11,12,Sun,0,1,0,0,0,HelfCo00
Demontre Hurst,CB,23.244,2014-11-23,NFL,CHI,,TAM,W 21-13,11,12,Sun,0,1,0,0,0,HursDe00
Janoris Jenkins,RCB,26.025,2014-11-23,NFL,STL,@,SDG,L 24-27,11,12,Sun,0,1,0,0,0,JenkJa03
Arthur Jones,DT,28.146,2014-11-23,NFL,IND,,JAX,W 23-3,11,12,Sun,0,1,0,0,0,JoneAr22
Mychal Kendricks,ILB,24.056,2014-11-23,NFL,PHI,,TEN,W 43-24,11,12,Sun,0,1,0,0,0,KendMy00
Mathias Kiwanuka,LDE,31.260,2014-11-23,NFL,NYG,,DAL,L 28-31,11,12,Sun,0,1,0,0,0,KiwaMa20
Paul Kruger,OLB,28.281,2014-11-23,NFL,CLE,@,ATL,W 26-24,11,12,Sun,0,1,0,0,0,KrugPa99
Jeremy Lane,CB,24.132,2014-11-23,NFL,SEA,,ARI,W 19-3,11,12,Sun,0,1,0,0,0,LaneJe00
Corey Liuget,DT,24.250,2014-11-23,NFL,SDG,,STL,W 27-24,11,12,Sun,0,1,0,0,0,LiugCo00
Bennie Logan,NT,24.330,2014-11-23,NFL,PHI,,TEN,W 43-24,11,12,Sun,0,1,0,0,0,LogaBe00
Gerald McCoy,DT,26.271,2014-11-23,NFL,TAM,@,CHI,L 13-21,11,12,Sun,0,1,0,0,0,McCoGe99
Brandon Meriweather,SS,30.313,2014-11-23,NFL,WAS,@,SFO,L 13-17,11,12,Sun,0,1,0,0,0,MeriBr99
Rahim Moore,FS,24.285,2014-11-23,NFL,DEN,,MIA,W 39-36,11,12,Sun,0,1,0,0,0,MoorRa00
Trent Murphy,ROLB,23.336,2014-11-23,NFL,WAS,@,SFO,L 13-17,11,12,Sun,0,1,0,0,0,MurpTr00
Stephen Paea,DT,26.196,2014-11-23,NFL,CHI,,TAM,W 21-13,11,12,Sun,0,1,0,0,0,PaeaSt00
Chris Smith,DE,22.285,2014-11-23,NFL,JAX,@,IND,L 3-23,11,12,Sun,0,1,0,0,0,SmitCh03
Justin Smith,RDT,35.054,2014-11-23,NFL,SFO,,WAS,W 17-13,11,12,Sun,0,1,0,0,0,SmitJu20
Aqib Talib,LCB,28.283,2014-11-23,NFL,DEN,,MIA,W 39-36,11,12,Sun,0,1,0,0,0,TaliAq99
Damien Williams,RB,22.234,2014-11-23,NFL,MIA,@,DEN,L 36-39,11,12,Sun,0,1,0,0,0,WillDa05
Pierre Warren,FS,22.100,2014-11-24,NFL,NOR,,BAL,L 27-34,11,12,Mon,0,1,1,0,0,WarrPi00
Brandon Williams,NT,25.276,2014-11-24,NFL,BAL,@,NOR,W 34-27,11,12,Mon,0,1,0,0,0,WillBr02
Jared Allen,DE,32.238,2014-11-27,NFL,CHI,@,DET,L 17-34,12,13,Thu,0,1,1,0,0,AlleJa22
Brandon Boykin,CB,24.137,2014-11-27,NFL,PHI,@,DAL,W 33-10,12,13,Thu,0,1,0,0,0,BoykBr00
Tyrone Crawford,DT,25.005,2014-11-27,NFL,DAL,,PHI,L 10-33,12,13,Thu,0,1,0,0,0,CrawTy00
Ricardo Lockette,WR,28.190,2014-11-27,NFL,SEA,@,SFO,W 19-3,12,13,Thu,0,1,0,0,0,LockRi00
Senorise Perry,RB,23.069,2014-11-27,NFL,CHI,@,DET,L 17-34,12,13,Thu,0,1,0,0,0,PerrSe00
Bene Benwikere,CB,23.088,2014-11-30,NFL,CAR,@,MIN,L 13-31,12,13,Sun,0,1,0,0,0,BenwBe00
Chris Canty,DE,32.020,2014-11-30,NFL,BAL,,SDG,L 33-34,12,13,Sun,0,1,0,0,0,CantCh21
Chris Clemons,LDE,33.030,2014-11-30,NFL,JAX,,NYG,W 25-24,12,13,Sun,0,1,1,0,0,ClemCh23
Jamie Collins,LB,25.041,2014-11-30,NFL,NWE,@,GNB,L 21-26,12,13,Sun,0,1,0,0,0,CollJa00
Thomas Davis,WLB,31.253,2014-11-30,NFL,CAR,@,MIN,L 13-31,12,13,Sun,0,1,0,0,0,DaviTh20
Dwayne Gratz,RCB,24.267,2014-11-30,NFL,JAX,,NYG,W 25-24,12,13,Sun,0,1,0,0,0,GratDw00
Geno Hayes,OLB,27.112,2014-11-30,NFL,JAX,,NYG,W 25-24,12,13,Sun,0,1,0,0,0,HayeGe98
William Hayes,DE,29.212,2014-11-30,NFL,STL,,OAK,W 52-0,12,13,Sun,0,1,0,0,0,HayeWi99
Justin Houston,LOLB,25.322,2014-11-30,NFL,KAN,,DEN,L 16-29,12,13,Sun,0,1,0,0,0,HousJu00
Jerry Hughes,RDE,26.109,2014-11-30,NFL,BUF,,CLE,W 26-10,12,13,Sun,0,1,1,18,1,HughJe99
Charles Johnson,LDE,28.143,2014-11-30,NFL,CAR,@,MIN,L 13-31,12,13,Sun,0,1,0,0,0,JohnCh98
Ryan Kerrigan,LOLB,26.106,2014-11-30,NFL,WAS,@,IND,L 27-49,12,13,Sun,0,1,0,0,0,KerrRy00
Jason McCourty,CB,27.109,2014-11-30,NFL,TEN,@,HOU,L 21-45,12,13,Sun,0,1,1,62,1,McCoJa99
Rahim Moore,FS,24.292,2014-11-30,NFL,DEN,@,KAN,W 29-16,12,13,Sun,0,1,0,0,0,MoorRa00
William Moore,S,29.196,2014-11-30,NFL,ATL,,ARI,W 29-18,12,13,Sun,0,1,0,0,0,MoorWi99
Jonathan Newsome,OLB,23.312,2014-11-30,NFL,IND,,WAS,W 49-27,12,13,Sun,0,1,0,0,0,NewsJo00
Robert Quinn,RDE,24.196,2014-11-30,NFL,STL,,OAK,W 52-0,12,13,Sun,0,2,0,0,0,QuinRo00
Perry Riley,LB,26.211,2014-11-30,NFL,WAS,@,IND,L 27-49,12,13,Sun,0,1,0,0,0,RilePe00
Greg Toler,LCB,29.332,2014-11-30,NFL,IND,,WAS,W 49-27,12,13,Sun,0,1,0,0,0,ToleGr99
Erik Walden,SLB,29.101,2014-11-30,NFL,IND,,WAS,W 49-27,12,13,Sun,0,1,0,0,0,WaldEr99
J.J. Watt,RDE,25.253,2014-11-30,NFL,HOU,,TEN,W 45-21,12,13,Sun,0,1,1,14,0,WattJ.00
Anthony Spencer,DE,30.315,2014-12-04,NFL,DAL,@,CHI,W 41-28,13,14,Thu,0,1,0,0,0,SpenAn99
Jahleel Addae,S,24.317,2014-12-07,NFL,SDG,,NWE,L 14-23,13,14,Sun,0,1,0,0,0,AddaJa00
David Bruton,S,27.137,2014-12-07,NFL,DEN,,BUF,W 24-17,13,14,Sun,0,1,0,0,0,BrutDa99
Deone Bucannon,S,22.099,2014-12-07,NFL,ARI,,KAN,W 17-14,13,14,Sun,0,1,0,0,0,BucaDe00
Jonathan Casillas,LB,27.187,2014-12-07,NFL,NWE,@,SDG,W 23-14,13,14,Sun,0,1,0,0,0,CasiJo99
Elvis Dumervil,OLB,30.322,2014-12-07,NFL,BAL,@,MIA,W 28-13,13,14,Sun,0,1,0,0,0,DumeEl20
Larry English,DE,28.319,2014-12-07,NFL,TAM,@,DET,L 17-34,13,14,Sun,0,1,0,0,0,EnglLa99
Joe Haden,LCB,25.237,2014-12-07,NFL,CLE,,IND,L 24-25,13,14,Sun,0,1,0,0,0,HadeJo99
Darrius Heyward-Bey,WR,27.284,2014-12-07,NFL,PIT,@,CIN,W 42-21,13,14,Sun,0,1,0,0,0,HeywDa00
Justin Houston,LOLB,25.329,2014-12-07,NFL,KAN,@,ARI,L 14-17,13,14,Sun,0,1,0,0,0,HousJu00
Jaiquawn Jarrett,S,25.077,2014-12-07,NFL,NYJ,@,MIN,L 24-30,13,14,Sun,0,1,0,0,0,JarrJa00
Mychal Kendricks,ILB,24.070,2014-12-07,NFL,PHI,,SEA,L 14-24,13,14,Sun,0,1,0,0,0,KendMy00
Devon Kennard,SLB,23.166,2014-12-07,NFL,NYG,@,TEN,W 36-7,13,14,Sun,0,1,0,0,0,KennDe00
Ryan Kerrigan,LOLB,26.113,2014-12-07,NFL,WAS,,STL,L 0-24,13,14,Sun,0,1,0,0,0,KerrRy00
Paul Kruger,OLB,28.295,2014-12-07,NFL,CLE,,IND,L 24-25,13,14,Sun,0,1,1,0,0,KrugPa99
Curtis Lofton,ILB,28.188,2014-12-07,NFL,NOR,,CAR,L 10-41,13,14,Sun,0,1,0,0,0,LoftCu99
Eric Martin,LB,23.139,2014-12-07,NFL,CLE,,IND,L 24-25,13,14,Sun,1,1,0,0,0,MartEr02
Sherrod Martin,S,30.056,2014-12-07,NFL,JAX,,HOU,L 13-27,13,14,Sun,0,1,0,0,0,MartSh99
Rodney McLeod,FS,24.167,2014-12-07,NFL,STL,@,WAS,W 24-0,13,14,Sun,0,1,0,0,0,McLeRo00
Arthur Moats,ROLB,26.268,2014-12-07,NFL,PIT,@,CIN,W 42-21,13,14,Sun,0,1,1,0,0,MoatAr00
Marlon Moore,WR,27.095,2014-12-07,NFL,CLE,,IND,L 24-25,13,14,Sun,0,1,0,0,0,MoorMa02
Josh Norman,RCB,26.357,2014-12-07,NFL,CAR,@,NOR,W 41-10,13,14,Sun,0,1,0,0,0,NormJo01
Jason Pierre-Paul,RDE,25.340,2014-12-07,NFL,NYG,@,TEN,W 36-7,13,14,Sun,0,1,0,0,0,PierJa99
Bilal Powell,RB,26.041,2014-12-07,NFL,NYJ,@,MIN,L 24-30,13,14,Sun,0,1,0,0,0,PoweBi00
Robert Quinn,RDE,24.203,2014-12-07,NFL,STL,@,WAS,W 24-0,13,14,Sun,0,1,0,0,0,QuinRo00
Bradley Roby,CB,22.220,2014-12-07,NFL,DEN,,BUF,W 24-17,13,14,Sun,0,1,0,0,0,RobyBr00
Andrew Sendejo,S,27.089,2014-12-07,NFL,MIN,,NYJ,W 30-24,13,14,Sun,0,1,0,0,0,SendAn00
Marcus Sherels,CB,27.068,2014-12-07,NFL,MIN,,NYJ,W 30-24,13,14,Sun,0,1,0,0,0,SherMa20
Duke Williams,0,24.053,2014-12-07,NFL,BUF,@,DEN,L 17-24,13,14,Sun,0,1,0,0,0,WillDu00
K.J. Wright,OLB,25.137,2014-12-07,NFL,SEA,@,PHI,W 24-14,13,14,Sun,0,1,0,0,0,WrigK.00
Dwight Lowery,S,28.319,2014-12-08,NFL,ATL,@,GNB,L 37-43,13,14,Mon,0,1,0,0,0,LoweDw99
Justin Bethel,CB,24.177,2014-12-11,NFL,ARI,@,STL,W 12-6,14,15,Thu,0,1,0,0,0,BethJu00
Janoris Jenkins,RCB,26.043,2014-12-11,NFL,STL,,ARI,L 6-12,14,15,Thu,0,1,0,0,0,JenkJa03
Frostee Rucker,DT,31.088,2014-12-11,NFL,ARI,@,STL,W 12-6,14,15,Thu,0,1,0,0,0,RuckFr99
Mario Addison,DE,27.099,2014-12-14,NFL,CAR,,TAM,W 19-17,14,15,Sun,0,1,0,0,0,AddiMa00
Will Allen,S,32.180,2014-12-14,NFL,PIT,@,ATL,W 27-20,14,15,Sun,0,1,0,0,0,AlleWi21
A.J. Bouye,CB,23.120,2014-12-14,NFL,HOU,@,IND,L 10-17,14,15,Sun,0,1,1,0,0,BouyA.00
Vinny Curry,DE,26.167,2014-12-14,NFL,PHI,,DAL,L 27-38,14,15,Sun,0,1,0,0,0,CurrVi00
Lavonte David,WLB,24.325,2014-12-14,NFL,TAM,@,CAR,L 17-19,14,15,Sun,0,1,0,0,0,DaviLa00
Kony Ealy,DE,22.358,2014-12-14,NFL,CAR,,TAM,W 19-17,14,15,Sun,0,1,0,0,0,EalyKo00
Johnathan Hankins,RDT,22.260,2014-12-14,NFL,NYG,,WAS,W 24-13,14,15,Sun,0,1,0,0,0,HankJo00
Roman Harper,SS,32.003,2014-12-14,NFL,CAR,,TAM,W 19-17,14,15,Sun,0,1,0,0,0,HarpRo21
Dont'a Hightower,LB,24.277,2014-12-14,NFL,NWE,,MIA,W 41-13,14,15,Sun,0,1,0,0,0,HighDo01
Melvin Ingram,OLB,25.232,2014-12-14,NFL,SDG,,DEN,L 10-22,14,15,Sun,0,1,0,0,0,IngrMe00
Chandler Jones,DE,24.290,2014-12-14,NFL,NWE,,MIA,W 41-13,14,15,Sun,0,1,0,0,0,JoneCh03
Colin Jones,S,27.048,2014-12-14,NFL,CAR,,TAM,W 19-17,14,15,Sun,0,1,0,0,0,JoneCo01
Jason Jones,DE,28.205,2014-12-14,NFL,DET,,MIN,W 16-14,14,15,Sun,0,1,0,0,0,JoneJa99
Devon Kennard,SLB,23.173,2014-12-14,NFL,NYG,,WAS,W 24-13,14,15,Sun,0,1,0,0,0,KennDe00
Christian Kirksey,WILL,22.105,2014-12-14,NFL,CLE,,CIN,L 0-30,14,15,Sun,0,1,0,0,0,KirkCh00
Julius Peppers,LOLB,34.330,2014-12-14,NFL,GNB,@,BUF,L 13-21,14,15,Sun,0,1,0,0,0,PeppJu99
Jason Pierre-Paul,RDE,25.347,2014-12-14,NFL,NYG,,WAS,W 24-13,14,15,Sun,0,1,0,0,0,PierJa99
Brandian Ross,SS,25.077,2014-12-14,NFL,OAK,@,KAN,L 13-31,14,15,Sun,0,1,0,0,0,RossBr00
Kelvin Sheppard,LB,26.346,2014-12-14,NFL,MIA,@,NWE,L 13-41,14,15,Sun,0,1,0,0,0,ShepKe00
J.T. Thomas,MLB,26.121,2014-12-14,NFL,JAX,@,BAL,L 12-20,14,15,Sun,0,1,0,0,0,ThomJ.02
Alterraun Verner,CB,26.001,2014-12-14,NFL,TAM,@,CAR,L 17-19,14,15,Sun,0,1,0,0,0,VernAl99
J.J. Wilcox,FS,23.303,2014-12-14,NFL,DAL,@,PHI,W 38-27,14,15,Sun,0,1,0,0,0,WilcJ.00
Mario Williams,LDE,29.317,2014-12-14,NFL,BUF,,GNB,W 21-13,14,15,Sun,0,1,0,0,0,WillMa22
Billy Winn,DL,25.243,2014-12-14,NFL,CLE,,CIN,L 0-30,14,15,Sun,0,1,0,0,0,WinnBi00
Junior Galette,LB,26.263,2014-12-15,NFL,NOR,@,CHI,W 31-15,14,15,Mon,0,1,0,0,0,GaleJu00
Brock Vereen,S,22.120,2014-12-15,NFL,CHI,,NOR,L 15-31,14,15,Mon,0,1,0,0,0,VereBr00
Derrick Morgan,OLB,25.346,2014-12-18,NFL,TEN,@,JAX,L 13-21,15,16,Thu,0,1,0,0,0,MorgDe99
Marcus Gilchrist,SS,26.012,2014-12-20,NFL,SDG,@,SFO,W 38-35,15,16,Sat,0,1,0,0,0,GilcMa00
Malcolm Jenkins,S,27.000,2014-12-20,NFL,PHI,@,WAS,L 24-27,15,16,Sat,0,1,0,0,0,JenkMa99
Ryan Kerrigan,LOLB,26.126,2014-12-20,NFL,WAS,,PHI,W 27-24,15,16,Sat,0,1,1,0,0,KerrRy00
Ricardo Mathews,DE,27.143,2014-12-20,NFL,SDG,@,SFO,W 38-35,15,16,Sat,0,1,0,0,0,MathRi99
Dan Skuta,LB,28.243,2014-12-20,NFL,SFO,,SDG,L 35-38,15,16,Sat,0,1,0,0,0,SkutDa00
Eric Weddle,FS,29.350,2014-12-20,NFL,SDG,@,SFO,W 38-35,15,16,Sat,0,1,0,0,0,WeddEr99
Kroy Biermann,DE,29.100,2014-12-21,NFL,ATL,@,NOR,W 30-14,15,16,Sun,0,1,0,0,0,BierKr99
Darius Butler,CB,28.278,2014-12-21,NFL,IND,@,DAL,L 7-42,15,16,Sun,0,1,0,0,0,ButlDa99
Orleans Darkwa,RB,22.296,2014-12-21,NFL,NYG,@,STL,W 37-27,15,16,Sun,0,1,0,0,0,DarkOr00
Kemal Ishmael,S,23.229,2014-12-21,NFL,ATL,@,NOR,W 30-14,15,16,Sun,0,1,1,18,0,IshmKe00
Tony Jefferson,SS,22.328,2014-12-21,NFL,ARI,,SEA,L 6-35,15,16,Sun,0,1,0,0,0,JeffTo00
Leonard Johnson,DB,24.266,2014-12-21,NFL,TAM,,GNB,L 3-20,15,16,Sun,0,1,0,0,0,JohnLe03
Michael Johnson,RE,27.317,2014-12-21,NFL,TAM,,GNB,L 3-20,15,16,Sun,0,1,0,0,0,JohnMi98
Dwight Lowery,S,28.332,2014-12-21,NFL,ATL,@,NOR,W 30-14,15,16,Sun,0,1,0,0,0,LoweDw99
Rashaan Melvin,RCB,25.080,2014-12-21,NFL,BAL,@,HOU,L 13-25,15,16,Sun,0,1,0,0,0,MelvRa00
Whitney Mercilus,LB,24.153,2014-12-21,NFL,HOU,,BAL,W 25-13,15,16,Sun,0,1,0,0,0,MercWh00
Stephen Paea,DT,26.224,2014-12-21,NFL,CHI,,DET,L 14-20,15,16,Sun,0,1,0,0,0,PaeaSt00
Julius Peppers,LOLB,34.337,2014-12-21,NFL,GNB,@,TAM,W 20-3,15,16,Sun,0,1,0,0,0,PeppJu99
Orlando Scandrick,RCB,27.314,2014-12-21,NFL,DAL,,IND,W 42-7,15,16,Sun,0,1,0,0,0,ScanOr99
Antonio Smith,DT,33.061,2014-12-21,NFL,OAK,,BUF,W 26-24,15,16,Sun,0,1,0,0,0,SmitAn22
Scott Solomon,LB,26.046,2014-12-21,NFL,CLE,@,CAR,L 13-17,15,16,Sun,0,1,0,0,0,SoloSc00
Stephon Tuitt,RDE,21.212,2014-12-21,NFL,PIT,,KAN,W 20-12,15,16,Sun,0,1,0,0,0,TuitSt00
David Bruton,S,27.152,2014-12-22,NFL,DEN,@,CIN,L 28-37,15,16,Mon,0,1,0,0,0,BrutDa99
Von Miller,SLB,25.271,2014-12-22,NFL,DEN,@,CIN,L 28-37,15,16,Mon,0,1,1,2,0,MillVo00
Mike Adams,SS,33.279,2014-12-28,NFL,IND,@,TEN,W 27-10,16,17,Sun,0,1,0,0,0,AdamMi21
Jahleel Addae,S,24.338,2014-12-28,NFL,SDG,@,KAN,L 7-19,16,17,Sun,0,1,0,0,0,AddaJa00
Ray-Ray Armstrong,WLB,23.298,2014-12-28,NFL,OAK,@,DEN,L 14-47,16,17,Sun,0,1,0,0,0,ArmsRa01
Antwon Blake,CB,24.141,2014-12-28,NFL,PIT,,CIN,W 27-17,16,17,Sun,0,1,1,0,0,BlakAn00
Chris Clemons,DE,33.058,2014-12-28,NFL,JAX,@,HOU,L 17-23,16,17,Sun,0,1,0,0,0,ClemCh23
Jamie Collins,LB,25.069,2014-12-28,NFL,NWE,,BUF,L 9-17,16,17,Sun,0,1,1,0,0,CollJa00
Lavonte David,WLB,24.339,2014-12-28,NFL,TAM,,NOR,L 20-23,16,17,Sun,0,1,0,0,0,DaviLa00
Vontae Davis,RCB,26.215,2014-12-28,NFL,IND,@,TEN,W 27-10,16,17,Sun,0,1,1,-9,0,DaviVo99
Aaron Donald,LDT,23.219,2014-12-28,NFL,STL,@,SEA,L 6-20,16,17,Sun,0,1,0,0,0,DonaAa00
David Harris,MIKE,30.341,2014-12-28,NFL,NYJ,@,MIA,W 37-24,16,17,Sun,0,1,0,0,0,HarrDa99
Justin Houston,LOLB,25.350,2014-12-28,NFL,KAN,,SDG,W 19-7,16,17,Sun,0,1,0,0,0,HousJu00
James Ihedigbo,SS,31.025,2014-12-28,NFL,DET,@,GNB,L 20-30,16,17,Sun,0,1,0,0,0,IhedJa00
Bruce Irvin,OLB,27.057,2014-12-28,NFL,SEA,,STL,W 20-6,16,17,Sun,0,1,0,0,0,IrviBr00
DaQuan Jones,DE,23.011,2014-12-28,NFL,TEN,,IND,L 10-27,16,17,Sun,0,1,0,0,0,JoneDa04
Reshad Jones,S,26.306,2014-12-28,NFL,MIA,,NYJ,L 24-37,16,17,Sun,0,1,0,0,0,JoneRe99
Paul Kruger,OLB,28.316,2014-12-28,NFL,CLE,@,BAL,L 10-20,16,17,Sun,0,1,0,0,0,KrugPa99
Chris Maragos,S,27.356,2014-12-28,NFL,PHI,@,NYG,W 34-26,16,17,Sun,0,1,0,0,0,MaraCh99
Terrell McClain,DT,26.161,2014-12-28,NFL,DAL,@,WAS,W 44-17,16,17,Sun,0,1,0,0,0,McClTe00
Lerentee McCray,LB,24.124,2014-12-28,NFL,DEN,,OAK,W 47-14,16,17,Sun,0,1,0,0,0,McCrLe01
Jonathan Newsome,LB,23.340,2014-12-28,NFL,IND,@,TEN,W 27-10,16,17,Sun,0,1,0,0,0,NewsJo00
Alec Ogletree,LLB,23.094,2014-12-28,NFL,STL,@,SEA,L 6-20,16,17,Sun,0,1,0,0,0,OgleAl00
Nick Perry,ROLB,24.260,2014-12-28,NFL,GNB,,DET,W 30-20,16,17,Sun,0,1,0,0,0,PerrNi00
Keith Smith,LB,22.264,2014-12-28,NFL,DAL,@,WAS,W 44-17,16,17,Sun,0,1,0,0,0,SmitKe03
Adarius Taylor,SLB,24.098,2014-12-28,NFL,CAR,@,ATL,W 34-3,16,17,Sun,0,1,0,0,0,GlanAd00
Earl Thomas,FS,25.235,2014-12-28,NFL,SEA,,STL,W 20-6,16,17,Sun,0,1,0,0,0,ThomEa99
Justin Tuck,LDE,31.274,2014-12-28,NFL,OAK,@,DEN,L 14-47,16,17,Sun,0,1,0,0,0,TuckJu20
J.J. Watt,RDE,25.281,2014-12-28,NFL,HOU,,JAX,W 23-17,16,17,Sun,0,1,0,0,0,WattJ.00
Donte Whitner,SS,29.157,2014-12-28,NFL,CLE,@,BAL,L 10-20,16,17,Sun,0,1,0,0,0,WhitDo20
Sam Acho,ILB,26.119,2015-01-03,NFL,ARI,@,CAR,L 16-27,17,18,Sat,0,1,0,0,0,AchoSa00
Daryl Smith,ILB,32.295,2015-01-03,NFL,BAL,@,PIT,W 30-17,17,18,Sat,0,2,0,0,0,SmitDa24
Sean Spence,LILB,24.210,2015-01-03,NFL,PIT,,BAL,L 17-30,17,18,Sat,0,1,0,0,0,SpenSe00
Melvin White,CB,24.191,2015-01-03,NFL,CAR,,ARI,W 27-16,17,18,Sat,0,1,0,0,0,WhitMe00
Barry Church,SS,26.327,2015-01-04,NFL,DAL,,DET,W 24-20,17,18,Sun,0,1,0,0,0,ChurBa99
Darqueze Dennard,CB,23.086,2015-01-04,NFL,CIN,@,IND,L 10-26,17,18,Sun,0,1,0,0,0,DennDa00
Jerrell Freeman,WILL,28.248,2015-01-04,NFL,IND,,CIN,W 26-10,17,18,Sun,0,1,0,0,0,FreeJe00
Demarcus Lawrence,DE,22.251,2015-01-04,NFL,DAL,,DET,W 24-20,17,18,Sun,1,1,2,0,0,LawrDe00
Rashean Mathis,CB,34.130,2015-01-04,NFL,DET,@,DAL,L 20-24,17,18,Sun,0,1,0,0,0,MathRa99
Vincent Rey,LB,27.120,2015-01-04,NFL,CIN,@,IND,L 10-26,17,18,Sun,0,1,0,0,0,ReyxVi00
Anthony Spencer,DE,30.346,2015-01-04,NFL,DAL,,DET,W 24-20,17,18,Sun,0,1,0,0,0,SpenAn99
Darryl Tapp,DE,30.113,2015-01-04,NFL,DET,@,DAL,L 20-24,17,18,Sun,0,1,0,0,0,TappDa20
Wes Horton,RDE,25.024,2015-01-10,NFL,CAR,@,SEA,L 17-31,18,19,Sat,0,1,0,0,0,HortWe00
Jeromy Miles,S,27.174,2015-01-10,NFL,BAL,@,NWE,L 31-35,18,19,Sat,0,1,0,0,0,MileJe00
C.J. Mosley,ILB,22.205,2015-01-10,NFL,BAL,@,NWE,L 31-35,18,19,Sat,0,1,0,0,0,MoslC.00
Logan Ryan,CB,23.335,2015-01-10,NFL,NWE,,BAL,W 35-31,17,19,Sat,0,1,0,0,0,RyanLo00
O'Brien Schofield,DE,27.282,2015-01-10,NFL,SEA,,CAR,W 31-17,17,19,Sat,0,1,0,0,0,SchoOB99
Earl Thomas,FS,25.248,2015-01-10,NFL,SEA,,CAR,W 31-17,17,19,Sat,0,1,0,0,0,ThomEa99
Jeremy Mincey,RDE,31.028,2015-01-11,NFL,DAL,@,GNB,L 21-26,18,19,Sun,0,1,1,0,0,MincJe99
Jonathan Newsome,OLB,23.354,2015-01-11,NFL,IND,@,DEN,W 24-13,18,19,Sun,0,1,0,0,0,NewsJo00
Julius Peppers,LOLB,34.358,2015-01-11,NFL,GNB,,DAL,W 26-21,17,19,Sun,0,2,0,0,0,PeppJu99
C.J. Spillman,S,28.250,2015-01-11,NFL,DAL,@,GNB,L 21-26,18,19,Sun,0,1,0,0,0,SpilCJ99
Darius Butler,FS,28.306,2015-01-18,NFL,IND,@,NWE,L 7-45,19,20,Sun,0,1,0,0,0,ButlDa99
Brad Jones,LB,28.292,2015-01-18,NFL,GNB,@,SEA,L 22-28,18,20,Sun,0,1,0,0,0,JoneBr99
