Player,Pos,Age,Date,LG,Team,Loc,Opponent,WL,G,Week,Day,Pass Comp,Pass Att,Pass Pct,Pass Yard,Pass TD,Pass Int,QBR,Sk,Sk Yds,YPA,AYPA,unique_id
Charlie Batch,QB,31.276,2006-09-07,NFL,PIT,,MIA,W 28-17,1,1,Thu,15,25,60.00,209,3,0,126.5,3,13,8.36,10.76,BatcCh00
Daunte Culpepper,QB,29.222,2006-09-07,NFL,MIA,@,PIT,L 17-28,1,1,Thu,18,37,48.65,262,0,2,49.6,3,22,7.08,4.65,CulpDa00
Drew Bledsoe,QB,34.208,2006-09-10,NFL,DAL,@,JAX,L 17-24,1,1,Sun,16,33,48.48,246,1,3,45.8,2,11,7.45,3.97,BledDr00
Tom Brady,QB,29.038,2006-09-10,NFL,NWE,,BUF,W 19-17,1,1,Sun,11,23,47.83,163,2,1,82.3,3,27,7.09,6.87,BradTo00
Drew Brees,QB,27.238,2006-09-10,NFL,NOR,@,CLE,W 19-14,1,1,Sun,16,30,53.33,170,1,1,67.4,0,0,5.67,4.83,BreeDr00
Marc Bulger,QB,29.158,2006-09-10,NFL,STL,,DEN,W 18-10,1,1,Sun,18,34,52.94,217,0,0,72.8,3,22,6.38,6.38,BulgMa00
David Carr,QB,27.051,2006-09-10,NFL,HOU,,PHI,L 10-24,1,1,Sun,18,27,66.67,208,1,0,102.1,5,37,7.70,8.44,CarrDa00
Kerry Collins,QB,33.254,2006-09-10,NFL,TEN,,NYJ,L 16-23,1,1,Sun,17,38,44.74,223,0,2,41.9,2,8,5.87,3.50,CollKe00
Jake Delhomme,QB,31.243,2006-09-10,NFL,CAR,,ATL,L 6-20,1,1,Sun,21,39,53.85,186,0,1,56.1,4,36,4.77,3.62,DelhJa00
Brett Favre*,QB,36.335,2006-09-10,NFL,GNB,,CHI,L 0-26,1,1,Sun,15,29,51.72,170,0,2,40.9,3,22,5.86,2.76,FavrBr00
Charlie Frye,QB,25.013,2006-09-10,NFL,CLE,,NOR,L 14-19,1,1,Sun,16,27,59.26,132,1,2,53.3,5,31,4.89,2.30,FryeCh00
Bruce Gradkowski,QB,23.226,2006-09-10,NFL,TAM,,BAL,L 0-27,1,1,Sun,1,5,20.00,4,0,0,39.6,1,1,0.80,0.80,GradBr00
Trent Green,QB,36.063,2006-09-10,NFL,KAN,,CIN,L 10-23,1,1,Sun,11,15,73.33,90,0,1,60.4,3,24,6.00,3.00,GreeTr00
Rex Grossman,QB,26.018,2006-09-10,NFL,CHI,@,GNB,W 26-0,1,1,Sun,18,26,69.23,262,1,1,98.6,1,6,10.08,9.12,GrosRe00
Matt Hasselbeck,QB,30.350,2006-09-10,NFL,SEA,@,DET,W 9-6,1,1,Sun,25,30,83.33,210,0,0,95.8,5,37,7.00,7.00,HassMa00
Damon Huard,QB,33.063,2006-09-10,NFL,KAN,,CIN,L 10-23,1,1,Sun,12,20,60.00,140,1,0,97.9,4,30,7.00,8.00,HuarDa00
Thomas Jones,RB,28.022,2006-09-10,NFL,CHI,@,GNB,W 26-0,1,1,Sun,1,1,100.00,-4,0,0,79.2,0,0,-4.00,-4.00,JoneTh00
Jon Kitna,QB,33.354,2006-09-10,NFL,DET,,SEA,L 6-9,1,1,Sun,21,37,56.76,229,0,0,75.2,3,16,6.19,6.19,KitnJo00
Byron Leftwich,QB,26.239,2006-09-10,NFL,JAX,,DAL,W 24-17,1,1,Sun,23,34,67.65,237,1,1,85.0,1,8,6.97,6.24,LeftBy00
J.P. Losman,QB,25.182,2006-09-10,NFL,BUF,@,NWE,L 17-19,1,1,Sun,15,23,65.22,164,0,0,86.1,3,23,7.13,7.13,LosmJ.00
Eli Manning,QB,25.250,2006-09-10,NFL,NYG,,IND,L 21-26,1,1,Sun,20,34,58.82,247,2,1,88.7,0,0,7.26,7.12,MannEl00
Peyton Manning,QB,30.170,2006-09-10,NFL,IND,@,NYG,W 26-21,1,1,Sun,25,41,60.98,276,1,1,78.9,1,4,6.73,6.12,MannPe00
Donovan McNabb,QB,29.289,2006-09-10,NFL,PHI,@,HOU,W 24-10,1,1,Sun,24,35,68.57,314,3,1,113.3,1,3,8.97,9.40,McNaDo00
Steve McNair,QB,33.208,2006-09-10,NFL,BAL,@,TAM,W 27-0,1,1,Sun,17,27,62.96,181,1,0,94.8,1,13,6.70,7.44,McNaSt00
Carson Palmer,QB,26.257,2006-09-10,NFL,CIN,@,KAN,W 23-10,1,1,Sun,13,19,68.42,127,0,0,87.0,1,7,6.68,6.68,PalmCa00
Chad Pennington,QB,30.076,2006-09-10,NFL,NYJ,@,TEN,W 23-16,1,1,Sun,24,33,72.73,319,2,0,123.2,2,17,9.67,10.88,PennCh01
Jake Plummer,QB,31.265,2006-09-10,NFL,DEN,@,STL,L 10-18,1,1,Sun,13,26,50.00,138,0,3,26.3,4,40,5.31,0.12,PlumJa00
Jon Ryan,P,24.288,2006-09-10,NFL,GNB,,CHI,L 0-26,1,1,Sun,1,1,100.00,16,0,0,118.7,0,0,16.00,16.00,RyanJo21
Chris Simms,QB,26.012,2006-09-10,NFL,TAM,,BAL,L 0-27,1,1,Sun,17,29,58.62,133,0,3,30.5,2,20,4.59,-0.07,SimmCh00
Alex Smith,QB,22.126,2006-09-10,NFL,SFO,@,ARI,L 27-34,1,1,Sun,23,40,57.50,288,1,0,88.3,1,2,7.20,7.70,SmitAl03
Michael Vick,QB,26.076,2006-09-10,NFL,ATL,@,CAR,W 20-6,1,1,Sun,10,22,45.45,140,2,0,96.8,1,7,6.36,8.18,VickMi00
Kurt Warner*,QB,35.080,2006-09-10,NFL,ARI,,SFO,W 34-27,1,1,Sun,23,37,62.16,301,3,0,114.8,3,18,8.14,9.76,WarnKu00
Vince Young,QB,23.115,2006-09-10,NFL,TEN,,NYJ,L 16-23,1,1,Sun,3,4,75.00,27,0,1,53.1,0,0,6.75,-4.50,YounVi00
Aaron Brooks,QB,30.171,2006-09-11,NFL,OAK,,SDG,L 0-27,1,1,Mon,6,14,42.86,68,0,0,58.0,7,43,4.86,4.86,BrooAa00
Mark Brunell,QB,35.359,2006-09-11,NFL,WAS,,MIN,L 16-19,1,1,Mon,17,28,60.71,163,0,0,76.9,0,0,5.82,5.82,BrunMa00
Brad Johnson,QB,37.363,2006-09-11,NFL,MIN,@,WAS,W 19-16,1,1,Mon,16,30,53.33,223,1,0,88.6,1,0,7.43,8.10,JohnBr00
Philip Rivers,QB,24.277,2006-09-11,NFL,SDG,@,OAK,W 27-0,1,1,Mon,8,11,72.73,108,1,0,133.9,0,0,9.82,11.64,RivePh00
Andrew Walter,QB,24.123,2006-09-11,NFL,OAK,,SDG,L 0-27,1,1,Mon,2,5,40.00,28,0,0,58.7,2,11,5.60,5.60,WaltAn00
Drew Bledsoe,QB,34.215,2006-09-17,NFL,DAL,,WAS,W 27-10,2,2,Sun,19,38,50.00,237,2,0,87.3,1,8,6.24,7.29,BledDr00
Tom Brady,QB,29.045,2006-09-17,NFL,NWE,@,NYJ,W 24-17,2,2,Sun,15,29,51.72,220,1,1,73.9,1,9,7.59,6.72,BradTo00
Drew Brees,QB,27.245,2006-09-17,NFL,NOR,@,GNB,W 34-27,2,2,Sun,26,41,63.41,353,2,1,96.9,4,21,8.61,8.49,BreeDr00
Mark Brunell,QB,36.000,2006-09-17,NFL,WAS,@,DAL,L 10-27,2,2,Sun,18,32,56.25,197,0,1,61.6,6,45,6.16,4.75,BrunMa00
Marc Bulger,QB,29.165,2006-09-17,NFL,STL,@,SFO,L 13-20,2,2,Sun,19,34,55.88,185,1,0,81.1,6,38,5.44,6.03,BulgMa00
David Carr,QB,27.058,2006-09-17,NFL,HOU,@,IND,L 24-43,2,2,Sun,22,26,84.62,219,3,0,140.2,4,28,8.42,10.73,CarrDa00
Kerry Collins,QB,33.261,2006-09-17,NFL,TEN,@,SDG,L 7-40,2,2,Sun,6,19,31.58,57,0,2,1.3,0,0,3.00,-1.74,CollKe00
Daunte Culpepper,QB,29.232,2006-09-17,NFL,MIA,,BUF,L 6-16,2,2,Sun,23,32,71.88,250,1,1,91.9,7,60,7.81,7.03,CulpDa00
Jake Delhomme,QB,31.250,2006-09-17,NFL,CAR,@,MIN,L 13-16,2,2,Sun,17,33,51.52,181,0,0,67.9,2,17,5.48,5.48,DelhJa00
Brett Favre*,QB,36.342,2006-09-17,NFL,GNB,,NOR,L 27-34,2,2,Sun,31,55,56.36,340,3,1,85.4,2,18,6.18,6.45,FavrBr00
Charlie Frye,QB,25.020,2006-09-17,NFL,CLE,@,CIN,L 17-34,2,2,Sun,20,33,60.61,244,0,2,58.1,0,0,7.39,4.67,FryeCh00
Brian Griese,QB,31.183,2006-09-17,NFL,CHI,,DET,W 34-7,2,2,Sun,1,1,100.00,5,0,0,87.5,0,0,5.00,5.00,GrieBr00
Rex Grossman,QB,26.025,2006-09-17,NFL,CHI,,DET,W 34-7,2,2,Sun,20,27,74.07,289,4,0,148.0,0,0,10.70,13.67,GrosRe00
Matt Hasselbeck,QB,30.357,2006-09-17,NFL,SEA,,ARI,W 21-10,2,2,Sun,12,27,44.44,221,1,2,54.7,3,26,8.19,5.59,HassMa00
Damon Huard,QB,33.070,2006-09-17,NFL,KAN,@,DEN,L 6-9,2,2,Sun,17,23,73.91,133,0,0,87.8,1,2,5.78,5.78,HuarDa00
Brad Johnson,QB,38.004,2006-09-17,NFL,MIN,,CAR,W 16-13,2,2,Sun,19,31,61.29,243,0,1,72.4,5,34,7.84,6.39,JohnBr00
Jon Kitna,QB,33.361,2006-09-17,NFL,DET,@,CHI,L 7-34,2,2,Sun,23,30,76.67,230,0,0,97.9,6,31,7.67,7.67,KitnJo00
Ryan Longwell,K,32.032,2006-09-17,NFL,MIN,,CAR,W 16-13,2,2,Sun,1,1,100.00,16,1,0,158.3,0,0,16.00,36.00,longwrya01
J.P. Losman,QB,25.189,2006-09-17,NFL,BUF,@,MIA,W 16-6,2,2,Sun,11,18,61.11,83,1,0,90.7,2,17,4.61,5.72,LosmJ.00
Eli Manning,QB,25.257,2006-09-17,NFL,NYG,@,PHI,W 30-24,2,2,Sun,31,43,72.09,371,3,1,111.7,8,53,8.63,8.98,MannEl00
Peyton Manning,QB,30.177,2006-09-17,NFL,IND,,HOU,W 43-24,2,2,Sun,26,38,68.42,400,3,0,129.3,2,10,10.53,12.11,MannPe00
Donovan McNabb,QB,29.296,2006-09-17,NFL,PHI,,NYG,L 24-30,2,2,Sun,27,45,60.00,350,2,0,99.3,1,6,7.78,8.67,McNaDo00
Steve McNair,QB,33.215,2006-09-17,NFL,BAL,,OAK,W 28-6,2,2,Sun,16,33,48.48,143,1,1,58.0,2,17,4.33,3.58,McNaSt00
Jerious Norwood,RB,23.050,2006-09-17,NFL,ATL,,TAM,W 14-3,2,2,Sun,0,1,0.00,0,0,0,39.6,0,0,0.00,0.00,NorwJe00
Carson Palmer,QB,26.264,2006-09-17,NFL,CIN,,CLE,W 34-17,2,2,Sun,24,40,60.00,352,2,2,84.6,4,31,8.80,7.55,PalmCa00
Chad Pennington,QB,30.083,2006-09-17,NFL,NYJ,,NWE,L 17-24,2,2,Sun,22,37,59.46,306,2,1,92.8,4,20,8.27,8.14,PennCh01
Jake Plummer,QB,31.272,2006-09-17,NFL,DEN,,KAN,W 9-6,2,2,Sun,16,30,53.33,173,0,1,56.7,0,0,5.77,4.27,PlumJa00
Philip Rivers,QB,24.283,2006-09-17,NFL,SDG,,TEN,W 40-7,2,2,Sun,25,35,71.43,235,1,0,99.1,0,0,6.71,7.29,RivePh00
Chris Simms,QB,26.019,2006-09-17,NFL,TAM,@,ATL,L 3-14,2,2,Sun,28,53,52.83,313,0,3,47.1,1,2,5.91,3.36,SimmCh00
Alex Smith,QB,22.133,2006-09-17,NFL,SFO,,STL,W 20-13,2,2,Sun,11,22,50.00,233,1,0,103.0,0,0,10.59,11.50,SmitAl03
LaDainian Tomlinson*,RB,27.086,2006-09-17,NFL,SDG,,TEN,W 40-7,2,2,Sun,0,1,0.00,0,0,0,39.6,0,0,0.00,0.00,TomlLa00
Michael Vick,QB,26.083,2006-09-17,NFL,ATL,,TAM,W 14-3,2,2,Sun,10,15,66.67,92,1,1,77.6,3,16,6.13,4.47,VickMi00
Andrew Walter,QB,24.129,2006-09-17,NFL,OAK,@,BAL,L 6-28,2,2,Sun,10,27,37.04,162,0,3,18.4,6,39,6.00,1.00,WaltAn00
Kurt Warner*,QB,35.087,2006-09-17,NFL,ARI,@,SEA,L 10-21,2,2,Sun,24,38,63.16,231,1,1,77.9,5,40,6.08,5.42,WarnKu00
Vince Young,QB,23.122,2006-09-17,NFL,TEN,@,SDG,L 7-40,2,2,Sun,7,20,35.00,106,1,0,70.0,0,0,5.30,6.30,YounVi00
Byron Leftwich,QB,26.247,2006-09-18,NFL,JAX,,PIT,W 9-0,2,2,Mon,26,39,66.67,260,0,1,74.7,1,8,6.67,5.51,LeftBy00
Ben Roethlisberger,QB,24.200,2006-09-18,NFL,PIT,@,JAX,L 0-9,2,2,Mon,17,32,53.13,141,0,2,38.7,2,14,4.41,1.59,RoetBe00
Tom Brady,QB,29.052,2006-09-24,NFL,NWE,,DEN,L 7-17,3,3,Sun,31,55,56.36,320,1,0,79.4,0,0,5.82,6.18,BradTo00
Mark Brunell,QB,36.007,2006-09-24,NFL,WAS,@,HOU,W 31-15,3,3,Sun,24,27,88.89,261,1,0,119.3,0,0,9.67,10.41,BrunMa00
Marc Bulger,QB,29.172,2006-09-24,NFL,STL,@,ARI,W 16-14,3,3,Sun,21,31,67.74,309,1,0,110.8,1,8,9.97,10.61,BulgMa00
David Carr,QB,27.065,2006-09-24,NFL,HOU,,WAS,L 15-31,3,3,Sun,19,29,65.52,208,2,1,95.2,1,8,7.17,7.00,CarrDa00
Kerry Collins,QB,33.268,2006-09-24,NFL,TEN,@,MIA,L 10-13,3,3,Sun,19,33,57.58,269,1,2,68.9,2,15,8.15,6.03,CollKe00
Daunte Culpepper,QB,29.239,2006-09-24,NFL,MIA,,TEN,W 13-10,3,3,Sun,17,26,65.38,168,0,0,83.5,6,38,6.46,6.46,CulpDa00
Jake Delhomme,QB,31.257,2006-09-24,NFL,CAR,@,TAM,W 26-24,3,3,Sun,22,36,61.11,272,1,0,93.7,3,23,7.56,8.11,DelhJa00
Brett Favre*,QB,36.349,2006-09-24,NFL,GNB,@,DET,W 31-24,3,3,Sun,25,36,69.44,340,3,0,127.1,0,0,9.44,11.11,FavrBr00
Charlie Frye,QB,25.027,2006-09-24,NFL,CLE,,BAL,L 14-15,3,3,Sun,21,33,63.64,298,1,1,90.2,7,48,9.03,8.27,FryeCh00
Bruce Gradkowski,QB,23.240,2006-09-24,NFL,TAM,,CAR,L 24-26,3,3,Sun,1,1,100.00,16,0,0,118.7,0,0,16.00,16.00,GradBr00
Rex Grossman,QB,26.032,2006-09-24,NFL,CHI,@,MIN,W 19-16,3,3,Sun,23,41,56.10,278,1,2,64.9,1,4,6.78,5.07,GrosRe00
Matt Hasselbeck,QB,30.364,2006-09-24,NFL,SEA,,NYG,W 42-30,3,3,Sun,24,33,72.73,227,5,3,93.1,0,0,6.88,5.82,HassMa00
Brad Johnson,QB,38.011,2006-09-24,NFL,MIN,,CHI,L 16-19,3,3,Sun,21,31,67.74,194,0,0,84.6,1,5,6.26,6.26,JohnBr00
Jon Kitna,QB,34.003,2006-09-24,NFL,DET,,GNB,L 24-31,3,3,Sun,25,40,62.50,342,2,1,96.0,3,23,8.55,8.43,KitnJo00
Byron Leftwich,QB,26.253,2006-09-24,NFL,JAX,@,IND,L 14-21,3,3,Sun,16,28,57.14,107,1,2,47.8,1,1,3.82,1.32,LeftBy00
J.P. Losman,QB,25.196,2006-09-24,NFL,BUF,,NYJ,L 20-28,3,3,Sun,22,38,57.89,328,1,1,84.1,3,22,8.63,7.97,LosmJ.00
Eli Manning,QB,25.264,2006-09-24,NFL,NYG,@,SEA,L 30-42,3,3,Sun,24,36,66.67,275,3,3,82.5,1,11,7.64,5.56,MannEl00
Peyton Manning,QB,30.184,2006-09-24,NFL,IND,,JAX,W 21-14,3,3,Sun,14,31,45.16,219,1,0,79.9,2,10,7.06,7.71,MannPe00
Donovan McNabb,QB,29.303,2006-09-24,NFL,PHI,@,SFO,W 38-24,3,3,Sun,18,33,54.55,296,2,0,105.1,3,30,8.97,10.18,McNaDo00
Steve McNair,QB,33.222,2006-09-24,NFL,BAL,@,CLE,W 15-14,3,3,Sun,23,41,56.10,264,1,0,83.8,2,10,6.44,6.93,McNaSt00
Brian Moorman,P,30.231,2006-09-24,NFL,BUF,,NYJ,L 20-28,3,3,Sun,0,1,0.00,0,0,0,39.6,0,0,0.00,0.00,MoorBr24
Carson Palmer,QB,26.271,2006-09-24,NFL,CIN,@,PIT,W 28-20,3,3,Sun,18,26,69.23,193,4,2,98.2,6,34,7.42,7.04,PalmCa00
Chad Pennington,QB,30.090,2006-09-24,NFL,NYJ,@,BUF,W 28-20,3,3,Sun,19,29,65.52,183,1,0,94.5,1,1,6.31,7.00,PennCh01
Jake Plummer,QB,31.279,2006-09-24,NFL,DEN,@,NWE,W 17-7,3,3,Sun,15,30,50.00,256,2,0,101.5,0,0,8.53,9.87,PlumJa00
Ben Roethlisberger,QB,24.206,2006-09-24,NFL,PIT,,CIN,L 20-28,3,3,Sun,18,39,46.15,208,0,3,30.7,3,13,5.33,1.87,RoetBe00
Chris Simms,QB,26.026,2006-09-24,NFL,TAM,,CAR,L 24-26,3,3,Sun,13,24,54.17,139,1,1,67.9,1,10,5.79,4.75,SimmCh00
Alex Smith,QB,22.140,2006-09-24,NFL,SFO,,PHI,L 24-38,3,3,Sun,27,46,58.70,293,1,0,84.8,3,24,6.37,6.80,SmitAl03
Kurt Warner*,QB,35.094,2006-09-24,NFL,ARI,,STL,L 14-16,3,3,Sun,19,28,67.86,256,1,3,69.0,1,10,9.14,5.04,WarnKu00
Drew Brees,QB,27.253,2006-09-25,NFL,NOR,,ATL,W 23-3,3,3,Mon,20,28,71.43,191,0,0,90.0,1,11,6.82,6.82,BreeDr00
Michael Vick,QB,26.091,2006-09-25,NFL,ATL,@,NOR,L 3-23,3,3,Mon,12,31,38.71,137,0,0,52.8,5,25,4.42,4.42,VickMi00
Drew Bledsoe,QB,34.229,2006-10-01,NFL,DAL,@,TEN,W 45-14,3,4,Sun,13,20,65.00,179,2,1,106.0,0,0,8.95,8.70,BledDr00
Tom Brady,QB,29.059,2006-10-01,NFL,NWE,@,CIN,W 38-13,4,4,Sun,15,26,57.69,188,2,1,89.9,0,0,7.23,7.04,BradTo00
Drew Brees,QB,27.259,2006-10-01,NFL,NOR,@,CAR,L 18-21,4,4,Sun,28,38,73.68,349,1,0,110.5,1,5,9.18,9.71,BreeDr00
Mark Brunell,QB,36.014,2006-10-01,NFL,WAS,,JAX,W 36-30,4,4,Sun,18,30,60.00,329,3,1,117.2,0,0,10.97,11.47,BrunMa00
Marc Bulger,QB,29.179,2006-10-01,NFL,STL,,DET,W 41-34,4,4,Sun,26,42,61.90,328,3,0,110.0,1,7,7.81,9.24,BulgMa00
David Carr,QB,27.072,2006-10-01,NFL,HOU,,MIA,W 17-15,4,4,Sun,22,29,75.86,230,1,1,95.5,5,19,7.93,7.07,CarrDa00
Daunte Culpepper,QB,29.246,2006-10-01,NFL,MIA,@,HOU,L 15-17,4,4,Sun,23,39,58.97,249,1,0,86.4,5,30,6.38,6.90,CulpDa00
Ronald Curry,WR,27.126,2006-10-01,NFL,OAK,,CLE,L 21-24,3,4,Sun,0,1,0.00,0,0,0,39.6,0,0,0.00,0.00,CurrRo01
Jake Delhomme,QB,31.264,2006-10-01,NFL,CAR,,NOR,W 21-18,4,4,Sun,19,29,65.52,169,2,0,104.0,1,12,5.83,7.21,DelhJa00
Charlie Frye,QB,25.034,2006-10-01,NFL,CLE,@,OAK,W 24-21,4,4,Sun,22,32,68.75,192,3,2,89.6,2,13,6.00,5.06,FryeCh00
Rex Grossman,QB,26.039,2006-10-01,NFL,CHI,,SEA,W 37-6,4,4,Sun,17,31,54.84,232,2,0,100.5,1,13,7.48,8.77,GrosRe00
Matt Hasselbeck,QB,31.006,2006-10-01,NFL,SEA,@,CHI,L 6-37,4,4,Sun,16,35,45.71,196,0,2,39.7,5,49,5.60,3.03,HassMa00
Damon Huard,QB,33.084,2006-10-01,NFL,KAN,,SFO,W 41-0,3,4,Sun,18,23,78.26,208,2,0,133.3,0,0,9.04,10.78,HuarDa00
Brad Johnson,QB,38.018,2006-10-01,NFL,MIN,@,BUF,L 12-17,4,4,Sun,25,44,56.82,267,1,2,63.4,0,0,6.07,4.48,JohnBr00
Jon Kitna,QB,34.010,2006-10-01,NFL,DET,@,STL,L 34-41,4,4,Sun,29,43,67.44,280,2,2,81.5,2,3,6.51,5.35,KitnJo00
Byron Leftwich,QB,26.260,2006-10-01,NFL,JAX,@,WAS,L 30-36,4,4,Sun,20,34,58.82,290,3,1,103.8,4,15,8.53,8.97,LeftBy00
Matt Leinart,QB,23.143,2006-10-01,NFL,ARI,@,ATL,L 10-32,4,4,Sun,6,9,66.67,54,0,1,43.1,1,4,6.00,1.00,LeinMa00
J.P. Losman,QB,25.203,2006-10-01,NFL,BUF,,MIN,W 17-12,4,4,Sun,23,32,71.88,224,1,0,101.6,3,21,7.00,7.63,LosmJ.00
Peyton Manning,QB,30.191,2006-10-01,NFL,IND,@,NYJ,W 31-28,4,4,Sun,21,30,70.00,217,1,0,101.7,2,25,7.23,7.90,MannPe00
Steve McNair,QB,33.229,2006-10-01,NFL,BAL,,SDG,W 16-13,4,4,Sun,17,30,56.67,158,2,2,65.7,2,8,5.27,3.60,McNaSt00
Carson Palmer,QB,26.278,2006-10-01,NFL,CIN,,NWE,L 13-38,4,4,Sun,20,35,57.14,245,0,0,78.9,4,37,7.00,7.00,PalmCa00
Chad Pennington,QB,30.097,2006-10-01,NFL,NYJ,,IND,L 28-31,4,4,Sun,17,23,73.91,207,1,1,97.6,3,21,9.00,7.91,PennCh01
Philip Rivers,QB,24.297,2006-10-01,NFL,SDG,@,BAL,L 13-16,3,4,Sun,13,22,59.09,145,1,1,75.0,1,11,6.59,5.45,RivePh00
Mike Scifres,P,25.358,2006-10-01,NFL,SDG,@,BAL,L 13-16,3,4,Sun,0,1,0.00,0,0,0,39.6,0,0,0.00,0.00,ScifMi20
Alex Smith,QB,22.147,2006-10-01,NFL,SFO,@,KAN,L 0-41,4,4,Sun,13,25,52.00,92,0,2,27.4,4,16,3.68,0.08,SmitAl03
Michael Vick,QB,26.097,2006-10-01,NFL,ATL,,ARI,W 32-10,4,4,Sun,13,22,59.09,153,0,1,61.4,2,10,6.95,4.91,VickMi00
Seneca Wallace,QB,26.056,2006-10-01,NFL,SEA,@,CHI,L 6-37,4,4,Sun,1,2,50.00,6,0,0,56.2,0,0,3.00,3.00,WallSe00
Andrew Walter,QB,24.143,2006-10-01,NFL,OAK,,CLE,L 21-24,3,4,Sun,9,23,39.13,68,1,1,43.6,4,22,2.96,1.87,WaltAn00
Kurt Warner*,QB,35.101,2006-10-01,NFL,ARI,@,ATL,L 10-32,4,4,Sun,11,20,55.00,128,0,1,53.7,3,17,6.40,4.15,WarnKu00
Vince Young,QB,23.136,2006-10-01,NFL,TEN,,DAL,L 14-45,4,4,Sun,14,29,48.28,155,1,2,47.3,2,4,5.34,2.93,YounVi00
David Akers,K,31.297,2006-10-02,NFL,PHI,,GNB,W 31-9,4,4,Mon,1,1,100.00,11,0,0,112.5,0,0,11.00,11.00,akersdav01
Brett Favre*,QB,36.357,2006-10-02,NFL,GNB,@,PHI,L 9-31,4,4,Mon,22,44,50.00,205,0,2,44.2,0,0,4.66,2.61,FavrBr00
Jeff Garcia,QB,36.220,2006-10-02,NFL,PHI,,GNB,W 31-9,4,4,Mon,0,1,0.00,0,0,0,39.6,0,0,0.00,0.00,GarcJe00
Donovan McNabb,QB,29.311,2006-10-02,NFL,PHI,,GNB,W 31-9,4,4,Mon,16,30,53.33,288,2,0,108.7,4,32,9.60,10.93,McNaDo00
Aaron Rodgers,QB,22.304,2006-10-02,NFL,GNB,@,PHI,L 9-31,4,4,Mon,2,3,66.67,14,0,0,77.1,0,0,4.67,4.67,RodgAa00
Drew Bledsoe,QB,34.236,2006-10-08,NFL,DAL,@,PHI,L 24-38,4,5,Sun,18,38,47.37,223,0,3,33.1,7,49,5.87,2.32,BledDr00
Tom Brady,QB,29.066,2006-10-08,NFL,NWE,,MIA,W 20-10,5,5,Sun,16,29,55.17,140,2,0,91.2,1,6,4.83,6.21,BradTo00
Drew Brees,QB,27.266,2006-10-08,NFL,NOR,,TAM,W 24-21,5,5,Sun,21,33,63.64,171,1,0,86.8,0,0,5.18,5.79,BreeDr00
Mark Brunell,QB,36.021,2006-10-08,NFL,WAS,@,NYG,L 3-19,5,5,Sun,12,22,54.55,109,0,0,68.2,3,23,4.95,4.95,BrunMa00
Marc Bulger,QB,29.186,2006-10-08,NFL,STL,@,GNB,W 23-20,5,5,Sun,18,28,64.29,220,2,0,112.2,2,11,7.86,9.29,BulgMa00
Kellen Clemens,3QB,23.123,2006-10-08,NFL,NYJ,@,JAX,L 0-41,5,5,Sun,0,1,0.00,0,0,0,39.6,2,6,0.00,0.00,ClemKe00
Jake Delhomme,QB,31.271,2006-10-08,NFL,CAR,,CLE,W 20-12,5,5,Sun,20,29,68.97,170,1,0,95.5,1,1,5.86,6.55,DelhJa00
Brett Favre*,QB,36.363,2006-10-08,NFL,GNB,,STL,L 20-23,5,5,Sun,22,39,56.41,220,1,0,81.1,2,5,5.64,6.15,FavrBr00
Charlie Frye,QB,25.041,2006-10-08,NFL,CLE,@,CAR,L 12-20,5,5,Sun,26,43,60.47,173,0,2,49.9,2,16,4.02,1.93,FryeCh00
Bruce Gradkowski,QB,23.254,2006-10-08,NFL,TAM,@,NOR,L 21-24,4,5,Sun,20,31,64.52,225,2,0,107.6,2,6,7.26,8.55,GradBr00
Brian Griese,QB,31.204,2006-10-08,NFL,CHI,,BUF,W 40-7,5,5,Sun,4,4,100.00,29,0,0,96.9,1,8,7.25,7.25,GrieBr00
Rex Grossman,QB,26.046,2006-10-08,NFL,CHI,,BUF,W 40-7,5,5,Sun,15,27,55.56,182,2,0,101.2,1,7,6.74,8.22,GrosRe00
Joey Harrington,QB,27.352,2006-10-08,NFL,MIA,@,NWE,L 10-20,5,5,Sun,26,41,63.41,232,0,2,58.2,1,11,5.66,3.46,HarrJo00
Damon Huard,QB,33.091,2006-10-08,NFL,KAN,@,ARI,W 23-20,4,5,Sun,26,38,68.42,288,2,0,108.2,3,26,7.58,8.63,HuarDa00
Brad Johnson,QB,38.025,2006-10-08,NFL,MIN,,DET,W 26-17,5,5,Sun,26,34,76.47,201,1,1,88.0,0,0,5.91,5.18,JohnBr00
Jon Kitna,QB,34.017,2006-10-08,NFL,DET,@,MIN,L 17-26,5,5,Sun,23,42,54.76,225,1,3,48.2,5,24,5.36,2.62,KitnJo00
Byron Leftwich,QB,26.267,2006-10-08,NFL,JAX,,NYJ,W 41-0,5,5,Sun,9,20,45.00,140,2,0,102.1,1,9,7.00,9.00,LeftBy00
Matt Leinart,QB,23.150,2006-10-08,NFL,ARI,,KAN,L 20-23,5,5,Sun,22,35,62.86,253,2,1,91.7,4,31,7.23,7.09,LeinMa00
J.P. Losman,QB,25.210,2006-10-08,NFL,BUF,@,CHI,L 7-40,5,5,Sun,14,27,51.85,115,1,3,35.8,3,28,4.26,0.00,LosmJ.00
Eli Manning,QB,25.278,2006-10-08,NFL,NYG,,WAS,W 19-3,4,5,Sun,23,33,69.70,256,1,0,102.6,0,0,7.76,8.36,MannEl00
Peyton Manning,QB,30.198,2006-10-08,NFL,IND,,TEN,W 14-13,5,5,Sun,20,31,64.52,166,2,1,86.2,0,0,5.35,5.19,MannPe00
Donovan McNabb,QB,29.317,2006-10-08,NFL,PHI,,DAL,W 38-24,5,5,Sun,18,33,54.55,354,2,0,112.4,3,23,10.73,11.94,McNaDo00
Chad Pennington,QB,30.104,2006-10-08,NFL,NYJ,@,JAX,L 0-41,5,5,Sun,10,17,58.82,71,0,3,28.9,4,20,4.18,-3.76,PennCh01
Philip Rivers,QB,24.304,2006-10-08,NFL,SDG,,PIT,W 23-13,4,5,Sun,24,37,64.86,242,2,1,90.1,4,20,6.54,6.41,RivePh00
Ben Roethlisberger,QB,24.220,2006-10-08,NFL,PIT,@,SDG,L 13-23,4,5,Sun,20,31,64.52,220,0,2,58.5,5,23,7.10,4.19,RoetBe00
Alex Smith,QB,22.154,2006-10-08,NFL,SFO,,OAK,W 34-20,5,5,Sun,15,19,78.95,165,3,1,120.5,0,0,8.68,9.47,SmitAl03
Marques Tuiasosopo,#3 QB,27.200,2006-10-08,NFL,OAK,@,SFO,L 20-34,4,5,Sun,4,9,44.44,52,1,2,60.6,0,0,5.78,-2.00,TuiaMa00
Andrew Walter,QB,24.150,2006-10-08,NFL,OAK,@,SFO,L 20-34,4,5,Sun,14,23,60.87,164,1,2,60.8,1,0,7.13,4.09,WaltAn00
Vince Young,QB,23.143,2006-10-08,NFL,TEN,@,IND,L 13-14,5,5,Sun,10,21,47.62,63,0,1,34.4,0,0,3.00,0.86,YounVi00
Steve McNair,QB,33.237,2006-10-09,NFL,BAL,@,DEN,L 3-13,5,5,Mon,20,34,58.82,165,0,3,34.6,2,11,4.85,0.88,McNaSt00
Jake Plummer,QB,31.294,2006-10-09,NFL,DEN,,BAL,W 13-3,4,5,Mon,13,24,54.17,106,1,1,62.2,1,0,4.42,3.38,PlumJa00
Charlie Batch,QB,31.314,2006-10-15,NFL,PIT,,KAN,W 45-7,5,6,Sun,1,1,100.00,6,0,0,91.7,0,0,6.00,6.00,BatcCh00
Drew Bledsoe,QB,34.243,2006-10-15,NFL,DAL,,HOU,W 34-6,5,6,Sun,17,28,60.71,168,2,0,101.5,2,19,6.00,7.43,BledDr00
Kyle Boller,QB,25.120,2006-10-15,NFL,BAL,,CAR,L 21-23,6,6,Sun,17,31,54.84,226,3,1,97.0,2,9,7.29,7.77,BollKy00
Drew Brees,QB,27.273,2006-10-15,NFL,NOR,,PHI,W 27-24,6,6,Sun,27,37,72.97,275,3,2,98.4,0,0,7.43,6.62,BreeDr00
Mark Brunell,QB,36.028,2006-10-15,NFL,WAS,,TEN,L 22-25,6,6,Sun,16,30,53.33,180,1,1,68.8,0,0,6.00,5.17,BrunMa00
Marc Bulger,QB,29.193,2006-10-15,NFL,STL,,SEA,L 28-30,6,6,Sun,26,39,66.67,360,3,1,111.1,6,51,9.23,9.62,BulgMa00
David Carr,QB,27.086,2006-10-15,NFL,HOU,@,DAL,L 6-34,5,6,Sun,15,27,55.56,128,0,2,37.3,0,0,4.74,1.41,CarrDa00
Brodie Croyle,QB,23.251,2006-10-15,NFL,KAN,@,PIT,L 7-45,5,6,Sun,3,7,42.86,23,0,2,11.9,1,10,3.29,-9.57,CroyBr00
Jake Delhomme,QB,31.278,2006-10-15,NFL,CAR,@,BAL,W 23-21,6,6,Sun,24,39,61.54,365,2,2,88.1,1,9,9.36,8.08,DelhJa00
Bruce Gradkowski,QB,23.261,2006-10-15,NFL,TAM,,CIN,W 14-13,5,6,Sun,25,44,56.82,184,2,1,72.5,2,10,4.18,4.07,GradBr00
Joey Harrington,QB,27.359,2006-10-15,NFL,MIA,@,NYJ,L 17-20,6,6,Sun,27,43,62.79,266,1,2,68.6,0,0,6.19,4.56,HarrJo00
Matt Hasselbeck,QB,31.020,2006-10-15,NFL,SEA,@,STL,W 30-28,5,6,Sun,19,34,55.88,268,3,0,110.9,4,29,7.88,9.65,HassMa00
Joe Horn,WR,34.272,2006-10-15,NFL,NOR,,PHI,W 27-24,6,6,Sun,0,1,0.00,0,0,0,39.6,0,0,0.00,0.00,HornJo00
Damon Huard,QB,33.098,2006-10-15,NFL,KAN,@,PIT,L 7-45,5,6,Sun,16,32,50.00,162,0,1,51.8,0,0,5.06,3.66,HuarDa00
Jon Kitna,QB,34.024,2006-10-15,NFL,DET,,BUF,W 20-17,6,6,Sun,24,36,66.67,278,1,1,87.5,3,16,7.72,7.03,KitnJo00
J.P. Losman,QB,25.217,2006-10-15,NFL,BUF,@,DET,L 17-20,6,6,Sun,21,34,61.76,207,2,1,86.3,5,50,6.09,5.94,LosmJ.00
Eli Manning,QB,25.285,2006-10-15,NFL,NYG,@,ATL,W 27-14,5,6,Sun,17,30,56.67,180,2,2,68.7,2,15,6.00,4.33,MannEl00
Donovan McNabb,QB,29.324,2006-10-15,NFL,PHI,@,NOR,L 24-27,6,6,Sun,19,32,59.38,247,2,1,91.5,3,21,7.72,7.56,McNaDo00
Steve McNair,QB,33.243,2006-10-15,NFL,BAL,,CAR,L 21-23,6,6,Sun,2,4,50.00,4,0,1,16.7,1,9,1.00,-10.25,McNaSt00
Carson Palmer,QB,26.292,2006-10-15,NFL,CIN,@,TAM,L 13-14,5,6,Sun,24,37,64.86,261,1,0,94.5,2,9,7.05,7.59,PalmCa00
Chad Pennington,QB,30.111,2006-10-15,NFL,NYJ,,MIA,W 20-17,6,6,Sun,17,29,58.62,175,2,0,99.1,2,6,6.03,7.41,PennCh01
Jake Plummer,QB,31.300,2006-10-15,NFL,DEN,,OAK,W 13-3,5,6,Sun,11,18,61.11,102,0,0,76.6,2,11,5.67,5.67,PlumJa00
Philip Rivers,QB,24.311,2006-10-15,NFL,SDG,@,SFO,W 48-19,5,6,Sun,29,39,74.36,334,2,0,116.8,0,0,8.56,9.59,RivePh00
Ben Roethlisberger,QB,24.227,2006-10-15,NFL,PIT,,KAN,W 45-7,5,6,Sun,16,19,84.21,238,2,0,153.8,1,6,12.53,14.63,RoetBe00
Tony Romo,QB,26.177,2006-10-15,NFL,DAL,,HOU,W 34-6,5,6,Sun,2,2,100.00,35,1,0,158.3,0,0,17.50,27.50,RomoTo00
Sage Rosenfels,QB,28.223,2006-10-15,NFL,HOU,@,DAL,L 6-34,5,6,Sun,8,11,72.73,70,0,0,89.2,0,0,6.36,6.36,RoseSa00
Alex Smith,QB,22.161,2006-10-15,NFL,SFO,,SDG,L 19-48,6,6,Sun,20,31,64.52,214,2,1,92.7,5,32,6.90,6.74,SmitAl03
Michael Vick,QB,26.111,2006-10-15,NFL,ATL,,NYG,L 14-27,5,6,Sun,14,27,51.85,154,0,1,53.6,7,48,5.70,4.04,VickMi00
Andrew Walter,QB,24.157,2006-10-15,NFL,OAK,@,DEN,L 3-13,5,6,Sun,13,26,50.00,189,0,1,58.0,4,30,7.27,5.54,WaltAn00
Vince Young,QB,23.150,2006-10-15,NFL,TEN,@,WAS,W 25-22,6,6,Sun,13,25,52.00,161,1,0,85.6,3,10,6.44,7.24,YounVi00
Rex Grossman,QB,26.054,2006-10-16,NFL,CHI,@,ARI,W 24-23,6,6,Mon,14,37,37.84,144,0,4,10.2,2,14,3.89,-0.97,GrosRe00
Matt Leinart,QB,23.158,2006-10-16,NFL,ARI,,CHI,L 23-24,6,6,Mon,24,42,57.14,232,2,0,88.6,1,12,5.52,6.48,LeinMa00
Charlie Batch,QB,31.321,2006-10-22,NFL,PIT,@,ATL,L 38-41,6,7,Sun,8,13,61.54,195,2,0,145.0,0,0,15.00,18.08,BatcCh00
Tom Brady,QB,29.080,2006-10-22,NFL,NWE,@,BUF,W 28-6,6,7,Sun,18,27,66.67,195,2,0,112.4,4,24,7.22,8.70,BradTo00
Mark Brunell,QB,36.035,2006-10-22,NFL,WAS,@,IND,L 22-36,7,7,Sun,27,37,72.97,226,2,0,106.4,2,15,6.11,7.19,BrunMa00
David Carr,QB,27.093,2006-10-22,NFL,HOU,,JAX,W 27-7,6,7,Sun,25,34,73.53,224,2,0,110.4,1,6,6.59,7.76,CarrDa00
Ronald Curry,WR,27.147,2006-10-22,NFL,OAK,,ARI,W 22-9,6,7,Sun,0,1,0.00,0,0,1,0.0,0,0,0.00,-45.00,CurrRo01
Jake Delhomme,QB,31.285,2006-10-22,NFL,CAR,@,CIN,L 14-17,7,7,Sun,20,34,58.82,238,2,1,87.6,3,21,7.00,6.85,DelhJa00
Brett Favre*,QB,37.012,2006-10-22,NFL,GNB,@,MIA,W 34-24,6,7,Sun,19,35,54.29,206,2,0,90.9,2,15,5.89,7.03,FavrBr00
Charlie Frye,QB,25.055,2006-10-22,NFL,CLE,,DEN,L 7-17,6,7,Sun,19,33,57.58,149,1,1,66.4,5,18,4.52,3.76,FryeCh00
Bruce Gradkowski,QB,23.268,2006-10-22,NFL,TAM,,PHI,W 23-21,6,7,Sun,13,26,50.00,104,0,0,60.4,2,19,4.00,4.00,GradBr00
Joey Harrington,QB,28.001,2006-10-22,NFL,MIA,,GNB,L 24-34,7,7,Sun,33,62,53.23,414,2,3,64.9,4,33,6.68,5.15,HarrJo00
Matt Hasselbeck,QB,31.027,2006-10-22,NFL,SEA,,MIN,L 13-31,6,7,Sun,7,17,41.18,127,1,0,87.1,2,15,7.47,8.65,HassMa00
Damon Huard,QB,33.105,2006-10-22,NFL,KAN,,SDG,W 30-27,6,7,Sun,15,27,55.56,232,2,0,108.9,2,11,8.59,10.07,HuarDa00
Brad Johnson,QB,38.039,2006-10-22,NFL,MIN,@,SEA,W 31-13,6,7,Sun,15,24,62.50,171,1,0,97.7,4,29,7.13,7.96,JohnBr00
Jon Kitna,QB,34.031,2006-10-22,NFL,DET,@,NYJ,L 24-31,7,7,Sun,22,36,61.11,269,3,2,88.8,1,8,7.47,6.64,KitnJo00
Byron Leftwich,QB,26.281,2006-10-22,NFL,JAX,@,HOU,L 7-27,6,7,Sun,14,28,50.00,125,0,0,62.4,1,7,4.46,4.46,LeftBy00
Matt Leinart,QB,23.164,2006-10-22,NFL,ARI,@,OAK,L 9-22,7,7,Sun,13,32,40.63,203,0,2,36.3,3,29,6.34,3.53,LeinMa00
J.P. Losman,QB,25.224,2006-10-22,NFL,BUF,,NWE,L 6-28,7,7,Sun,16,25,64.00,192,0,1,70.7,2,12,7.68,5.88,LosmJ.00
Peyton Manning,QB,30.212,2006-10-22,NFL,IND,,WAS,W 36-22,6,7,Sun,25,35,71.43,342,4,0,140.4,0,0,9.77,12.06,MannPe00
Donovan McNabb,QB,29.331,2006-10-22,NFL,PHI,@,TAM,L 21-23,7,7,Sun,22,35,62.86,302,3,3,83.3,1,4,8.63,6.49,McNaDo00
Mewelde Moore,RB,24.090,2006-10-22,NFL,MIN,@,SEA,W 31-13,6,7,Sun,1,1,100.00,15,1,0,158.3,0,0,15.00,35.00,MoorMe00
Carson Palmer,QB,26.299,2006-10-22,NFL,CIN,,CAR,W 17-14,6,7,Sun,23,39,58.97,240,2,0,94.0,2,10,6.15,7.18,PalmCa00
Chad Pennington,QB,30.118,2006-10-22,NFL,NYJ,,DET,W 31-24,7,7,Sun,16,22,72.73,189,1,1,94.7,2,12,8.59,7.45,PennCh01
Jake Plummer,QB,31.307,2006-10-22,NFL,DEN,@,CLE,W 17-7,6,7,Sun,20,41,48.78,209,1,2,51.8,2,12,5.10,3.39,PlumJa00
Philip Rivers,QB,24.318,2006-10-22,NFL,SDG,@,KAN,L 27-30,6,7,Sun,25,43,58.14,266,2,1,82.1,4,15,6.19,6.07,RivePh00
Ben Roethlisberger,QB,24.234,2006-10-22,NFL,PIT,@,ATL,L 38-41,6,7,Sun,16,22,72.73,238,3,0,147.3,3,15,10.82,13.55,RoetBe00
LaDainian Tomlinson*,RB,27.121,2006-10-22,NFL,SDG,@,KAN,L 27-30,6,7,Sun,1,1,100.00,1,1,0,118.7,0,0,1.00,21.00,TomlLa00
Marques Tuiasosopo,QB,27.214,2006-10-22,NFL,OAK,,ARI,W 22-9,6,7,Sun,2,4,50.00,16,0,0,60.4,0,0,4.00,4.00,TuiaMa00
Michael Vick,QB,26.118,2006-10-22,NFL,ATL,,PIT,W 41-38,6,7,Sun,18,30,60.00,232,4,2,96.1,1,6,7.73,7.40,VickMi00
Seneca Wallace,QB,26.077,2006-10-22,NFL,SEA,,MIN,L 13-31,6,7,Sun,14,25,56.00,134,0,2,37.7,2,9,5.36,1.76,WallSe00
Andrew Walter,QB,24.164,2006-10-22,NFL,OAK,,ARI,W 22-9,6,7,Sun,17,30,56.67,263,1,1,83.1,5,21,8.77,7.93,WaltAn00
Drew Bledsoe,QB,34.251,2006-10-23,NFL,DAL,,NYG,L 22-36,6,7,Mon,7,12,58.33,111,0,1,54.5,4,20,9.25,5.50,BledDr00
Eli Manning,QB,25.293,2006-10-23,NFL,NYG,@,DAL,W 36-22,6,7,Mon,12,26,46.15,189,2,1,80.4,2,16,7.27,7.08,MannEl00
Tony Romo,QB,26.185,2006-10-23,NFL,DAL,,NYG,L 22-36,6,7,Mon,14,25,56.00,227,2,3,73.7,2,8,9.08,5.28,RomoTo00
Drew Brees,QB,27.287,2006-10-29,NFL,NOR,,BAL,L 22-35,7,8,Sun,24,45,53.33,383,3,3,76.4,2,15,8.51,6.84,BreeDr00
Marc Bulger,QB,29.207,2006-10-29,NFL,STL,@,SDG,L 24-38,7,8,Sun,27,40,67.50,327,2,0,109.1,3,16,8.18,9.18,BulgMa00
Reggie Bush,RB,21.241,2006-10-29,NFL,NOR,,BAL,L 22-35,7,8,Sun,0,1,0.00,0,0,1,0.0,0,0,0.00,-45.00,BushRe00
David Carr,QB,27.100,2006-10-29,NFL,HOU,@,TEN,L 22-28,7,8,Sun,15,21,71.43,113,0,1,64.2,4,20,5.38,3.24,CarrDa00
Jake Delhomme,QB,31.292,2006-10-29,NFL,CAR,,DAL,L 14-35,8,8,Sun,17,31,54.84,149,0,1,54.4,3,21,4.81,3.35,DelhJa00
Brett Favre*,QB,37.019,2006-10-29,NFL,GNB,,ARI,W 31-14,7,8,Sun,17,25,68.00,180,1,0,102.1,0,0,7.20,8.00,FavrBr00
Charlie Frye,QB,25.062,2006-10-29,NFL,CLE,,NYJ,W 20-13,7,8,Sun,15,22,68.18,141,1,1,81.8,3,21,6.41,5.27,FryeCh00
David Garrard,QB,28.257,2006-10-29,NFL,JAX,@,PHI,W 13-6,7,8,Sun,10,17,58.82,87,0,0,72.4,1,11,5.12,5.12,GarrDa00
Bruce Gradkowski,QB,23.275,2006-10-29,NFL,TAM,@,NYG,L 3-17,7,8,Sun,20,48,41.67,139,0,0,49.3,2,5,2.90,2.90,GradBr00
Brian Griese,QB,31.225,2006-10-29,NFL,CHI,,SFO,W 41-10,7,8,Sun,2,3,66.67,11,0,0,72.9,1,6,3.67,3.67,GrieBr00
Rex Grossman,QB,26.067,2006-10-29,NFL,CHI,,SFO,W 41-10,7,8,Sun,23,29,79.31,252,3,0,137.4,0,0,8.69,10.76,GrosRe00
Damon Huard,QB,33.112,2006-10-29,NFL,KAN,,SEA,W 35-28,7,8,Sun,17,25,68.00,312,1,0,124.1,1,4,12.48,13.28,HuarDa00
Matt Leinart,QB,23.171,2006-10-29,NFL,ARI,@,GNB,L 14-31,8,8,Sun,14,35,40.00,157,1,1,51.7,4,25,4.49,3.77,LeinMa00
Eli Manning,QB,25.299,2006-10-29,NFL,NYG,,TAM,W 17-3,7,8,Sun,16,31,51.61,154,1,0,76.5,2,11,4.97,5.61,MannEl00
Peyton Manning,QB,30.219,2006-10-29,NFL,IND,@,DEN,W 34-31,7,8,Sun,32,39,82.05,345,3,0,129.2,0,0,8.85,10.38,MannPe00
Donovan McNabb,QB,29.338,2006-10-29,NFL,PHI,,JAX,L 6-13,8,8,Sun,18,34,52.94,161,0,0,65.9,4,19,4.74,4.74,McNaDo00
Steve McNair,QB,33.257,2006-10-29,NFL,BAL,@,NOR,W 35-22,7,8,Sun,17,23,73.91,159,2,0,121.5,1,3,6.91,8.65,McNaSt00
Carson Palmer,QB,26.306,2006-10-29,NFL,CIN,,ATL,L 27-29,7,8,Sun,24,36,66.67,266,2,0,106.9,2,8,7.39,8.50,PalmCa00
Chad Pennington,QB,30.125,2006-10-29,NFL,NYJ,@,CLE,L 13-20,8,8,Sun,11,28,39.29,108,0,2,21.1,1,3,3.86,0.64,PennCh01
Jake Plummer,QB,31.314,2006-10-29,NFL,DEN,,IND,L 31-34,7,8,Sun,13,21,61.90,174,1,0,104.1,1,5,8.29,9.24,PlumJa00
Philip Rivers,QB,24.325,2006-10-29,NFL,SDG,,STL,W 38-24,7,8,Sun,15,23,65.22,206,1,0,108.2,1,3,8.96,9.83,RivePh00
Ben Roethlisberger,QB,24.241,2006-10-29,NFL,PIT,@,OAK,L 13-20,7,8,Sun,25,37,67.57,301,1,4,61.7,5,30,8.14,3.81,RoetBe00
Tony Romo,QB,26.191,2006-10-29,NFL,DAL,@,CAR,W 35-14,7,8,Sun,24,36,66.67,270,1,1,86.6,2,12,7.50,6.81,RomoTo00
Sage Rosenfels,QB,28.237,2006-10-29,NFL,HOU,@,TEN,L 22-28,7,8,Sun,18,25,72.00,186,3,1,116.0,0,0,7.44,8.04,RoseSa00
Alex Smith,QB,22.175,2006-10-29,NFL,SFO,@,CHI,L 10-41,7,8,Sun,14,25,56.00,135,1,2,51.2,2,14,5.40,2.60,SmitAl03
Michael Vick,QB,26.125,2006-10-29,NFL,ATL,@,CIN,W 29-27,7,8,Sun,19,27,70.37,291,3,0,142.7,2,14,10.78,13.00,VickMi00
Seneca Wallace,QB,26.084,2006-10-29,NFL,SEA,@,KAN,L 28-35,7,8,Sun,15,30,50.00,198,3,2,76.8,2,8,6.60,5.60,WallSe00
Andrew Walter,QB,24.171,2006-10-29,NFL,OAK,,PIT,W 20-13,7,8,Sun,5,14,35.71,51,0,1,17.3,6,34,3.64,0.43,WaltAn00
Vince Young,QB,23.164,2006-10-29,NFL,TEN,,HOU,W 28-22,7,8,Sun,7,15,46.67,87,1,0,87.4,1,1,5.80,7.13,YounVi00
Brooks Bollinger,QB,26.349,2006-10-30,NFL,MIN,,NWE,L 7-31,7,8,Mon,6,9,66.67,76,0,1,53.2,3,20,8.44,3.44,BollBr00
Tom Brady,QB,29.088,2006-10-30,NFL,NWE,@,MIN,W 31-7,7,8,Mon,29,43,67.44,372,4,1,115.6,3,27,8.65,9.47,BradTo00
Brad Johnson,QB,38.047,2006-10-30,NFL,MIN,,NWE,L 7-31,7,8,Mon,20,33,60.61,185,0,3,38.1,1,2,5.61,1.52,JohnBr00
Tom Brady,QB,29.094,2006-11-05,NFL,NWE,,IND,L 20-27,8,9,Sun,20,35,57.14,201,0,4,34.0,0,0,5.74,0.60,BradTo00
Drew Brees,QB,27.294,2006-11-05,NFL,NOR,@,TAM,W 31-14,8,9,Sun,24,32,75.00,314,3,0,136.7,0,0,9.81,11.69,BreeDr00
Mark Brunell,QB,36.049,2006-11-05,NFL,WAS,,DAL,W 22-19,8,9,Sun,14,23,60.87,192,1,0,102.1,1,9,8.35,9.22,BrunMa00
Marc Bulger,QB,29.214,2006-11-05,NFL,STL,,KAN,L 17-31,8,9,Sun,31,42,73.81,354,1,0,106.6,2,17,8.43,8.90,BulgMa00
David Carr,QB,27.107,2006-11-05,NFL,HOU,@,NYG,L 10-14,8,9,Sun,21,30,70.00,176,0,0,84.9,1,6,5.87,5.87,CarrDa00
Brett Favre*,QB,37.026,2006-11-05,NFL,GNB,@,BUF,L 10-24,8,9,Sun,28,47,59.57,287,1,2,66.5,2,7,6.11,4.62,FavrBr00
Jeff Feagles,P,40.243,2006-11-05,NFL,NYG,,HOU,W 14-10,8,9,Sun,0,1,0.00,0,0,0,39.6,0,0,0.00,0.00,FeagJe20
Charlie Frye,QB,25.069,2006-11-05,NFL,CLE,@,SDG,L 25-32,8,9,Sun,26,44,59.09,241,1,1,72.3,5,32,5.48,4.91,FryeCh00
David Garrard,QB,28.264,2006-11-05,NFL,JAX,,TEN,W 37-7,8,9,Sun,12,22,54.55,177,3,0,120.6,2,8,8.05,10.77,GarrDa00
Bruce Gradkowski,QB,23.282,2006-11-05,NFL,TAM,,NOR,L 14-31,8,9,Sun,18,31,58.06,185,2,0,96.8,4,27,5.97,7.26,GradBr00
Rex Grossman,QB,26.074,2006-11-05,NFL,CHI,,MIA,L 13-31,8,9,Sun,18,42,42.86,210,1,3,36.8,3,21,5.00,2.26,GrosRe00
Joey Harrington,QB,28.015,2006-11-05,NFL,MIA,@,CHI,W 31-13,8,9,Sun,16,32,50.00,137,3,2,66.8,0,0,4.28,3.34,HarrJo00
Damon Huard,QB,33.119,2006-11-05,NFL,KAN,@,STL,W 31-17,8,9,Sun,10,15,66.67,148,3,0,138.3,2,17,9.87,13.87,HuarDa00
Brad Johnson,QB,38.053,2006-11-05,NFL,MIN,@,SFO,L 3-9,8,9,Sun,21,31,67.74,136,0,1,63.4,3,33,4.39,2.94,JohnBr00
Jon Kitna,QB,34.045,2006-11-05,NFL,DET,,ATL,W 30-14,8,9,Sun,20,32,62.50,321,1,1,93.4,3,13,10.03,9.25,KitnJo00
J.P. Losman,QB,25.238,2006-11-05,NFL,BUF,,GNB,W 24-10,8,9,Sun,8,15,53.33,102,1,0,97.1,5,38,6.80,8.13,LosmJ.00
Eli Manning,QB,25.306,2006-11-05,NFL,NYG,,HOU,W 14-10,8,9,Sun,17,28,60.71,179,1,1,76.3,2,16,6.39,5.50,MannEl00
Peyton Manning,QB,30.226,2006-11-05,NFL,IND,@,NWE,W 27-20,8,9,Sun,20,36,55.56,326,2,1,93.1,3,25,9.06,8.92,MannPe00
Steve McNair,QB,33.264,2006-11-05,NFL,BAL,,CIN,W 26-20,8,9,Sun,21,31,67.74,245,0,0,91.5,0,0,7.90,7.90,McNaSt00
Carson Palmer,QB,26.313,2006-11-05,NFL,CIN,@,BAL,L 20-26,8,9,Sun,12,26,46.15,194,1,2,52.4,2,12,7.46,4.77,PalmCa00
Jake Plummer,QB,31.321,2006-11-05,NFL,DEN,@,PIT,W 31-20,8,9,Sun,16,27,59.26,227,3,0,123.5,1,6,8.41,10.63,PlumJa00
Philip Rivers,QB,24.332,2006-11-05,NFL,SDG,,CLE,W 32-25,8,9,Sun,19,28,67.86,211,0,0,90.0,3,20,7.54,7.54,RivePh00
Ben Roethlisberger,QB,24.248,2006-11-05,NFL,PIT,,DEN,L 20-31,8,9,Sun,38,54,70.37,433,1,3,77.2,4,30,8.02,5.89,RoetBe00
Tony Romo,QB,26.198,2006-11-05,NFL,DAL,@,WAS,L 19-22,8,9,Sun,24,36,66.67,284,2,0,109.0,2,17,7.89,9.00,RomoTo00
Alex Smith,QB,22.182,2006-11-05,NFL,SFO,,MIN,W 9-3,8,9,Sun,13,21,61.90,105,0,1,54.7,3,14,5.00,2.86,SmitAl03
Michael Vick,QB,26.132,2006-11-05,NFL,ATL,@,DET,L 14-30,8,9,Sun,17,32,53.13,163,1,2,52.0,2,9,5.09,2.91,VickMi00
Vince Young,QB,23.171,2006-11-05,NFL,TEN,@,JAX,L 7-37,8,9,Sun,15,36,41.67,163,1,3,30.2,1,9,4.53,1.33,YounVi00
Seneca Wallace,QB,26.092,2006-11-06,NFL,SEA,,OAK,W 16-0,8,9,Mon,18,30,60.00,176,1,0,87.6,3,12,5.87,6.53,WallSe00
Andrew Walter,QB,24.179,2006-11-06,NFL,OAK,@,SEA,L 0-16,8,9,Mon,16,35,45.71,166,0,0,59.9,9,45,4.74,4.74,WaltAn00
Arnaz Battle,WR,26.263,2006-11-12,NFL,SFO,@,DET,W 19-13,9,10,Sun,0,1,0.00,0,0,0,39.6,0,0,0.00,0.00,BattAr00
Tom Brady,QB,29.101,2006-11-12,NFL,NWE,,NYJ,L 14-17,9,10,Sun,24,36,66.67,253,1,1,84.6,4,21,7.03,6.33,BradTo00
Drew Brees,QB,27.301,2006-11-12,NFL,NOR,@,PIT,L 31-38,9,10,Sun,31,47,65.96,398,1,0,99.4,1,5,8.47,8.89,BreeDr00
Ronnie Brown,RB,24.335,2006-11-12,NFL,MIA,,KAN,W 13-10,9,10,Sun,0,1,0.00,0,0,0,39.6,0,0,0.00,0.00,BrowRo05
Mark Brunell,QB,36.056,2006-11-12,NFL,WAS,@,PHI,L 3-27,9,10,Sun,16,31,51.61,132,0,1,49.4,0,0,4.26,2.81,BrunMa00
Marc Bulger,QB,29.221,2006-11-12,NFL,STL,@,SEA,L 22-24,9,10,Sun,26,40,65.00,215,0,1,68.2,4,24,5.38,4.25,BulgMa00
David Carr,QB,27.114,2006-11-12,NFL,HOU,@,JAX,W 13-10,9,10,Sun,16,32,50.00,167,0,0,65.5,1,4,5.22,5.22,CarrDa00
Brett Favre*,QB,37.033,2006-11-12,NFL,GNB,@,MIN,W 23-17,9,10,Sun,24,42,57.14,347,2,0,100.0,0,0,8.26,9.21,FavrBr00
Charlie Frye,QB,25.076,2006-11-12,NFL,CLE,@,ATL,W 17-13,9,10,Sun,16,22,72.73,165,1,0,109.1,5,20,7.50,8.41,FryeCh00
David Garrard,QB,28.271,2006-11-12,NFL,JAX,,HOU,L 10-13,9,10,Sun,15,34,44.12,214,0,4,25.5,2,10,6.29,1.00,GarrDa00
Rex Grossman,QB,26.081,2006-11-12,NFL,CHI,@,NYG,W 38-20,9,10,Sun,18,30,60.00,246,3,1,105.7,2,12,8.20,8.70,GrosRe00
Joey Harrington,QB,28.022,2006-11-12,NFL,MIA,,KAN,W 13-10,9,10,Sun,19,35,54.29,201,0,0,71.2,1,12,5.74,5.74,HarrJo00
Damon Huard,QB,33.126,2006-11-12,NFL,KAN,@,MIA,L 10-13,9,10,Sun,15,38,39.47,201,0,0,57.0,3,16,5.29,5.29,HuarDa00
Brad Johnson,QB,38.060,2006-11-12,NFL,MIN,,GNB,L 17-23,9,10,Sun,18,30,60.00,257,1,1,85.0,4,35,8.57,7.73,JohnBr00
Jon Kitna,QB,34.052,2006-11-12,NFL,DET,,SFO,L 13-19,9,10,Sun,19,30,63.33,202,1,1,80.1,3,22,6.73,5.90,KitnJo00
Matt Leinart,QB,23.185,2006-11-12,NFL,ARI,,DAL,L 10-27,9,10,Sun,20,38,52.63,216,0,2,47.7,1,7,5.68,3.32,LeinMa00
J.P. Losman,QB,25.245,2006-11-12,NFL,BUF,@,IND,L 16-17,9,10,Sun,8,12,66.67,83,0,0,86.5,4,32,6.92,6.92,LosmJ.00
Eli Manning,QB,25.313,2006-11-12,NFL,NYG,,CHI,L 20-38,9,10,Sun,14,32,43.75,121,0,2,28.3,2,22,3.78,0.97,MannEl00
Peyton Manning,QB,30.233,2006-11-12,NFL,IND,,BUF,W 17-16,9,10,Sun,27,39,69.23,236,1,0,93.5,0,0,6.05,6.56,MannPe00
Donovan McNabb,QB,29.352,2006-11-12,NFL,PHI,,WAS,W 27-3,9,10,Sun,12,26,46.15,257,2,0,107.4,1,2,9.88,11.42,McNaDo00
Steve McNair,QB,33.271,2006-11-12,NFL,BAL,@,TEN,W 27-26,9,10,Sun,29,47,61.70,373,3,2,90.1,1,2,7.94,7.30,McNaSt00
Carson Palmer,QB,26.320,2006-11-12,NFL,CIN,,SDG,L 41-49,9,10,Sun,31,42,73.81,440,3,0,131.1,3,23,10.48,11.90,PalmCa00
Chad Pennington,QB,30.139,2006-11-12,NFL,NYJ,@,NWE,W 17-14,9,10,Sun,22,33,66.67,168,1,1,76.3,1,7,5.09,4.33,PennCh01
Jake Plummer,QB,31.328,2006-11-12,NFL,DEN,@,OAK,W 17-13,9,10,Sun,20,31,64.52,210,2,3,66.0,2,9,6.77,3.71,PlumJa00
Antwaan Randle El,WR,27.087,2006-11-12,NFL,WAS,@,PHI,L 3-27,9,10,Sun,0,1,0.00,0,0,0,39.6,0,0,0.00,0.00,RandAn00
Philip Rivers,QB,24.339,2006-11-12,NFL,SDG,@,CIN,W 49-41,9,10,Sun,24,36,66.67,338,3,0,124.5,3,14,9.39,11.06,RivePh00
Ben Roethlisberger,QB,24.255,2006-11-12,NFL,PIT,,NOR,W 38-31,9,10,Sun,17,28,60.71,264,3,0,127.7,2,14,9.43,11.57,RoetBe00
Tony Romo,QB,26.205,2006-11-12,NFL,DAL,@,ARI,W 27-10,9,10,Sun,20,29,68.97,308,2,0,126.8,0,0,10.62,12.00,RomoTo00
Sage Rosenfels,QB,28.251,2006-11-12,NFL,HOU,@,JAX,W 13-10,9,10,Sun,1,3,33.33,9,0,0,42.4,1,5,3.00,3.00,RoseSa00
Matt Schaub,QB,25.140,2006-11-12,NFL,ATL,,CLE,L 13-17,9,10,Sun,0,1,0.00,0,0,0,39.6,0,0,0.00,0.00,SchaMa00
Alex Smith,QB,22.189,2006-11-12,NFL,SFO,@,DET,W 19-13,9,10,Sun,14,20,70.00,136,0,0,88.7,3,19,6.80,6.80,SmitAl03
Michael Vick,QB,26.139,2006-11-12,NFL,ATL,,CLE,L 13-17,9,10,Sun,16,40,40.00,197,1,2,43.4,1,3,4.93,3.18,VickMi00
Seneca Wallace,QB,26.098,2006-11-12,NFL,SEA,,STL,W 24-22,9,10,Sun,15,23,65.22,161,2,0,114.6,5,35,7.00,8.74,WallSe00
Andrew Walter,QB,24.185,2006-11-12,NFL,OAK,,DEN,L 13-17,9,10,Sun,18,33,54.55,214,0,0,74.6,3,16,6.48,6.48,WaltAn00
Vince Young,QB,23.178,2006-11-12,NFL,TEN,,BAL,L 26-27,9,10,Sun,13,25,52.00,211,0,1,63.9,2,6,8.44,6.64,YounVi00
Jake Delhomme,QB,31.307,2006-11-13,NFL,CAR,,TAM,W 24-10,9,10,Mon,22,34,64.71,240,2,0,105.0,0,0,7.06,8.24,DelhJa00
Bruce Gradkowski,QB,23.290,2006-11-13,NFL,TAM,@,CAR,L 10-24,9,10,Mon,17,32,53.13,173,1,2,53.3,3,20,5.41,3.22,GradBr00
Tom Brady,QB,29.108,2006-11-19,NFL,NWE,@,GNB,W 35-0,10,11,Sun,20,31,64.52,244,4,0,128.2,1,4,7.87,10.45,BradTo00
Drew Brees,QB,27.308,2006-11-19,NFL,NOR,,CIN,L 16-31,10,11,Sun,37,52,71.15,510,2,3,91.0,2,6,9.81,7.98,BreeDr00
Aaron Brooks,QB,30.240,2006-11-19,NFL,OAK,@,KAN,L 13-17,10,11,Sun,13,22,59.09,179,1,1,81.4,0,0,8.14,7.00,BrooAa00
Marc Bulger,QB,29.228,2006-11-19,NFL,STL,@,CAR,L 0-15,10,11,Sun,19,34,55.88,142,0,1,53.8,7,62,4.18,2.85,BulgMa00
Jason Campbell,QB,24.323,2006-11-19,NFL,WAS,@,TAM,L 17-20,10,11,Sun,19,34,55.88,196,2,0,92.3,1,3,5.76,6.94,CampJa00
David Carr,QB,27.121,2006-11-19,NFL,HOU,,BUF,L 21-24,10,11,Sun,25,30,83.33,223,0,1,83.8,3,17,7.43,5.93,CarrDa00
Jake Delhomme,QB,31.313,2006-11-19,NFL,CAR,,STL,W 15-0,10,11,Sun,13,25,52.00,191,1,2,57.2,3,22,7.64,4.84,DelhJa00
Brett Favre*,QB,37.040,2006-11-19,NFL,GNB,,NWE,L 0-35,10,11,Sun,5,15,33.33,73,0,0,50.1,2,11,4.87,4.87,FavrBr00
Charlie Frye,QB,25.083,2006-11-19,NFL,CLE,,PIT,L 20-24,10,11,Sun,17,27,62.96,224,0,0,89.1,5,21,8.30,8.30,FryeCh00
Jeff Garcia,QB,36.268,2006-11-19,NFL,PHI,,TEN,L 13-31,10,11,Sun,26,48,54.17,189,1,0,70.6,0,0,3.94,4.35,GarcJe00
Bruce Gradkowski,QB,23.296,2006-11-19,NFL,TAM,,WAS,W 20-17,10,11,Sun,14,21,66.67,178,2,1,104.9,0,0,8.48,8.24,GradBr00
Trent Green,QB,36.133,2006-11-19,NFL,KAN,,OAK,W 17-13,10,11,Sun,9,16,56.25,102,0,0,75.5,2,10,6.38,6.38,GreeTr00
Rex Grossman,QB,26.088,2006-11-19,NFL,CHI,@,NYJ,W 10-0,10,11,Sun,11,22,50.00,119,1,0,81.4,1,8,5.41,6.32,GrosRe00
Joey Harrington,QB,28.029,2006-11-19,NFL,MIA,,MIN,W 24-20,10,11,Sun,26,42,61.90,254,1,1,76.9,1,7,6.05,5.45,HarrJo00
Brad Johnson,QB,38.067,2006-11-19,NFL,MIN,@,MIA,L 20-24,10,11,Sun,26,44,59.09,262,0,1,66.7,3,15,5.95,4.93,JohnBr00
Keyshawn Johnson,WR,34.120,2006-11-19,NFL,CAR,,STL,W 15-0,10,11,Sun,0,1,0.00,0,0,0,39.6,0,0,0.00,0.00,JohnKe00
Jon Kitna,QB,34.059,2006-11-19,NFL,DET,@,ARI,L 10-17,10,11,Sun,23,38,60.53,248,0,1,68.8,4,35,6.53,5.34,KitnJo00
Matt Leinart,QB,23.192,2006-11-19,NFL,ARI,,DET,W 17-10,10,11,Sun,19,29,65.52,233,1,0,101.7,1,5,8.03,8.72,LeinMa00
J.P. Losman,QB,25.252,2006-11-19,NFL,BUF,@,HOU,W 24-21,10,11,Sun,26,38,68.42,340,3,1,111.7,2,7,8.95,9.34,LosmJ.00
Peyton Manning,QB,30.240,2006-11-19,NFL,IND,@,DAL,L 14-21,10,11,Sun,20,39,51.28,254,2,2,67.7,2,7,6.51,5.23,MannPe00
Donovan McNabb,QB,29.359,2006-11-19,NFL,PHI,,TEN,L 13-31,10,11,Sun,6,13,46.15,78,0,1,33.5,0,0,6.00,2.54,McNaDo00
Steve McNair,QB,33.278,2006-11-19,NFL,BAL,,ATL,W 24-10,10,11,Sun,24,34,70.59,236,0,0,89.8,2,11,6.94,6.94,McNaSt00
Carson Palmer,QB,26.327,2006-11-19,NFL,CIN,@,NOR,W 31-16,10,11,Sun,14,22,63.64,275,3,1,127.8,1,9,12.50,13.18,PalmCa00
Chad Pennington,QB,30.146,2006-11-19,NFL,NYJ,,CHI,L 0-10,10,11,Sun,19,35,54.29,162,0,2,42.8,2,6,4.63,2.06,PennCh01
Jake Plummer,QB,31.335,2006-11-19,NFL,DEN,,SDG,L 27-35,10,11,Sun,13,28,46.43,183,0,1,53.1,2,15,6.54,4.93,PlumJa00
Philip Rivers,QB,24.346,2006-11-19,NFL,SDG,@,DEN,W 35-27,10,11,Sun,19,26,73.08,222,2,2,92.1,1,5,8.54,6.62,RivePh00
Aaron Rodgers,QB,22.352,2006-11-19,NFL,GNB,,NWE,L 0-35,10,11,Sun,4,12,33.33,32,0,0,42.4,3,18,2.67,2.67,RodgAa00
Ben Roethlisberger,QB,24.262,2006-11-19,NFL,PIT,@,CLE,W 24-20,10,11,Sun,25,44,56.82,272,2,3,61.9,2,11,6.18,4.02,RoetBe00
Tony Romo,QB,26.212,2006-11-19,NFL,DAL,,IND,W 21-14,10,11,Sun,19,23,82.61,226,0,1,89.5,1,1,9.83,7.87,RomoTo00
Alex Smith,QB,22.196,2006-11-19,NFL,SFO,,SEA,W 20-14,10,11,Sun,19,25,76.00,163,1,0,105.9,1,9,6.52,7.32,SmitAl03
Michael Vick,QB,26.146,2006-11-19,NFL,ATL,@,BAL,L 10-24,10,11,Sun,11,21,52.38,127,1,0,86.8,5,45,6.05,7.00,VickMi00
Seneca Wallace,QB,26.105,2006-11-19,NFL,SEA,@,SFO,L 14-20,10,11,Sun,19,31,61.29,252,2,3,69.0,2,19,8.13,5.06,WallSe00
Andrew Walter,QB,24.192,2006-11-19,NFL,OAK,@,KAN,L 13-17,10,11,Sun,2,3,66.67,15,0,0,78.5,1,1,5.00,5.00,WaltAn00
Vince Young,QB,23.185,2006-11-19,NFL,TEN,@,PHI,W 31-13,10,11,Sun,8,22,36.36,101,1,0,66.7,3,17,4.59,5.50,YounVi00
David Garrard,QB,28.279,2006-11-20,NFL,JAX,,NYG,W 26-10,10,11,Mon,19,32,59.38,249,0,0,84.0,0,0,7.78,7.78,GarrDa00
Eli Manning,QB,25.321,2006-11-20,NFL,NYG,@,JAX,L 10-26,10,11,Mon,19,41,46.34,230,1,2,51.9,1,8,5.61,3.90,MannEl00
Bruce Gradkowski,QB,23.300,2006-11-23,NFL,TAM,@,DAL,L 10-38,11,12,Thu,10,20,50.00,120,0,2,29.2,1,10,6.00,1.50,GradBr00
Trent Green,QB,36.137,2006-11-23,NFL,KAN,,DEN,W 19-10,11,12,Thu,13,22,59.09,161,0,1,62.9,1,2,7.32,5.27,GreeTr00
Joey Harrington,QB,28.033,2006-11-23,NFL,MIA,@,DET,W 27-10,11,12,Thu,19,29,65.52,213,3,1,107.4,1,4,7.34,7.86,HarrJo00
Jon Kitna,QB,34.063,2006-11-23,NFL,DET,,MIA,L 10-27,11,12,Thu,22,40,55.00,252,1,1,72.1,8,53,6.30,5.68,KitnJo00
Jake Plummer,QB,31.339,2006-11-23,NFL,DEN,@,KAN,L 10-19,11,12,Thu,25,39,64.10,216,1,1,76.4,2,10,5.54,4.90,PlumJa00
Tony Romo,QB,26.216,2006-11-23,NFL,DAL,,TAM,W 38-10,11,12,Thu,22,29,75.86,306,5,0,148.9,1,8,10.55,14.00,RomoTo00
Hank Baskett,WR,24.083,2006-11-26,NFL,PHI,@,IND,L 21-45,11,12,Sun,0,1,0.00,0,0,1,0.0,0,0,0.00,-45.00,BaskHa00
Charlie Batch,QB,31.356,2006-11-26,NFL,PIT,@,BAL,L 0-27,11,12,Sun,1,1,100.00,10,0,0,108.3,0,0,10.00,10.00,BatcCh00
Kyle Boller,QB,25.162,2006-11-26,NFL,BAL,,PIT,W 27-0,11,12,Sun,3,3,100.00,21,0,0,95.8,0,0,7.00,7.00,BollKy00
Tom Brady,QB,29.115,2006-11-26,NFL,NWE,,CHI,W 17-13,11,12,Sun,22,33,66.67,267,1,2,76.2,0,0,8.09,5.97,BradTo00
Drew Brees,QB,27.315,2006-11-26,NFL,NOR,@,ATL,W 31-13,11,12,Sun,21,30,70.00,349,2,0,131.1,2,17,11.63,12.97,BreeDr00
Aaron Brooks,QB,30.247,2006-11-26,NFL,OAK,@,SDG,L 14-21,11,12,Sun,17,30,56.67,187,1,2,58.6,5,26,6.23,3.90,BrooAa00
Marc Bulger,QB,29.235,2006-11-26,NFL,STL,,SFO,W 20-17,11,12,Sun,23,34,67.65,201,1,1,80.6,2,19,5.91,5.18,BulgMa00
Jason Campbell,QB,24.330,2006-11-26,NFL,WAS,,CAR,W 17-13,11,12,Sun,11,23,47.83,118,2,1,74.2,1,8,5.13,4.91,CampJa00
David Carr,QB,27.128,2006-11-26,NFL,HOU,@,NYJ,L 11-26,11,12,Sun,39,54,72.22,323,1,1,85.6,4,14,5.98,5.52,CarrDa00
Jake Delhomme,QB,31.320,2006-11-26,NFL,CAR,@,WAS,L 13-17,11,12,Sun,23,38,60.53,168,1,2,57.8,1,5,4.42,2.58,DelhJa00
A.J. Feeley,QB,29.194,2006-11-26,NFL,PHI,@,IND,L 21-45,11,12,Sun,4,5,80.00,21,0,0,84.2,1,10,4.20,4.20,FeelA.00
Gus Frerotte,QB,35.118,2006-11-26,NFL,STL,,SFO,W 20-17,11,12,Sun,1,3,33.33,27,0,0,67.4,0,0,9.00,9.00,FrerGu00
Charlie Frye,QB,25.090,2006-11-26,NFL,CLE,,CIN,L 0-30,11,12,Sun,18,29,62.07,186,0,4,40.9,4,34,6.41,0.21,FryeCh00
Jeff Garcia,QB,36.275,2006-11-26,NFL,PHI,@,IND,L 21-45,11,12,Sun,19,23,82.61,140,2,0,121.0,1,0,6.09,7.83,GarcJe00
David Garrard,QB,28.285,2006-11-26,NFL,JAX,@,BUF,L 24-27,11,12,Sun,16,22,72.73,132,2,0,118.0,3,16,6.00,7.82,GarrDa00
Rex Grossman,QB,26.095,2006-11-26,NFL,CHI,@,NWE,L 13-17,11,12,Sun,15,34,44.12,176,0,3,23.7,1,5,5.18,1.21,GrosRe00
Brad Johnson,QB,38.074,2006-11-26,NFL,MIN,,ARI,W 31-26,11,12,Sun,27,41,65.85,271,3,0,108.9,2,16,6.61,8.07,JohnBr00
Matt Leinart,QB,23.199,2006-11-26,NFL,ARI,@,MIN,L 26-31,11,12,Sun,31,51,60.78,405,1,2,76.0,1,10,7.94,6.57,LeinMa00
J.P. Losman,QB,25.259,2006-11-26,NFL,BUF,,JAX,W 27-24,11,12,Sun,21,28,75.00,169,0,1,74.9,0,0,6.04,4.43,LosmJ.00
Eli Manning,QB,25.327,2006-11-26,NFL,NYG,@,TEN,L 21-24,11,12,Sun,18,28,64.29,143,1,2,59.1,0,0,5.11,2.61,MannEl00
Peyton Manning,QB,30.247,2006-11-26,NFL,IND,,PHI,W 45-21,11,12,Sun,14,20,70.00,183,1,1,94.4,0,0,9.15,7.90,MannPe00
Steve McNair,QB,33.285,2006-11-26,NFL,BAL,,PIT,W 27-0,11,12,Sun,18,24,75.00,140,1,0,102.8,0,0,5.83,6.67,McNaSt00
Carson Palmer,QB,26.334,2006-11-26,NFL,CIN,@,CLE,W 30-0,11,12,Sun,25,32,78.13,275,3,1,120.7,1,0,8.59,9.06,PalmCa00
Chad Pennington,QB,30.153,2006-11-26,NFL,NYJ,,HOU,W 26-11,11,12,Sun,24,31,77.42,286,1,0,115.8,1,9,9.23,9.87,PennCh01
Patrick Ramsey,QB,27.285,2006-11-26,NFL,NYJ,,HOU,W 26-11,11,12,Sun,0,1,0.00,0,0,0,39.6,0,0,0.00,0.00,RamsPa00
Philip Rivers,QB,24.353,2006-11-26,NFL,SDG,,OAK,W 21-14,11,12,Sun,14,31,45.16,133,0,1,44.2,1,2,4.29,2.84,RivePh00
Ben Roethlisberger,QB,24.269,2006-11-26,NFL,PIT,@,BAL,L 0-27,11,12,Sun,21,41,51.22,214,0,2,46.2,9,73,5.22,3.02,RoetBe00
Alex Smith,QB,22.203,2006-11-26,NFL,SFO,@,STL,L 17-20,11,12,Sun,13,25,52.00,148,1,2,50.1,0,0,5.92,3.12,SmitAl03
LaDainian Tomlinson*,RB,27.156,2006-11-26,NFL,SDG,,OAK,W 21-14,11,12,Sun,1,1,100.00,19,1,0,158.3,0,0,19.00,39.00,TomlLa00
Michael Vick,QB,26.153,2006-11-26,NFL,ATL,,NOR,L 13-31,11,12,Sun,9,24,37.50,84,0,0,47.9,3,32,3.50,3.50,VickMi00
Anthony Wright,QB,30.285,2006-11-26,NFL,CIN,@,CLE,W 30-0,11,12,Sun,2,2,100.00,25,0,0,118.7,0,0,12.50,12.50,WrigAn00
Vince Young,QB,23.192,2006-11-26,NFL,TEN,,NYG,W 24-21,11,12,Sun,24,35,68.57,249,2,0,107.9,2,14,7.11,8.26,YounVi00
Brett Favre*,QB,37.048,2006-11-27,NFL,GNB,@,SEA,L 24-34,11,12,Mon,22,36,61.11,266,1,3,58.3,1,1,7.39,4.19,FavrBr00
Matt Hasselbeck,QB,31.063,2006-11-27,NFL,SEA,,GNB,W 34-24,11,12,Mon,17,36,47.22,157,3,3,52.7,1,10,4.36,2.28,HassMa00
Steve McNair,QB,33.289,2006-11-30,NFL,BAL,@,CIN,L 7-13,12,13,Thu,26,43,60.47,227,1,0,82.2,0,0,5.28,5.74,McNaSt00
Carson Palmer,QB,26.338,2006-11-30,NFL,CIN,,BAL,W 13-7,12,13,Thu,21,32,65.63,234,1,0,97.7,2,7,7.31,7.94,PalmCa00
Derek Anderson,QB,23.171,2006-12-03,NFL,CLE,,KAN,W 31-28,12,13,Sun,12,21,57.14,171,2,1,95.5,1,5,8.14,7.90,AndeDe00
Brooks Bollinger,QB,27.018,2006-12-03,NFL,MIN,@,CHI,L 13-23,12,13,Sun,7,9,77.78,70,0,0,99.1,3,22,7.78,7.78,BollBr00
Tom Brady,QB,29.122,2006-12-03,NFL,NWE,,DET,W 28-21,12,13,Sun,27,38,71.05,305,0,1,83.8,2,21,8.03,6.84,BradTo00
Drew Brees,QB,27.322,2006-12-03,NFL,NOR,,SFO,W 34-10,12,13,Sun,17,28,60.71,186,1,0,92.3,1,1,6.64,7.36,BreeDr00
Aaron Brooks,QB,30.254,2006-12-03,NFL,OAK,,HOU,L 14-23,12,13,Sun,25,42,59.52,238,0,2,55.5,5,49,5.67,3.52,BrooAa00
Marc Bulger,QB,29.242,2006-12-03,NFL,STL,,ARI,L 20-34,12,13,Sun,27,45,60.00,314,2,3,68.2,4,27,6.98,4.87,BulgMa00
Jason Campbell,QB,24.337,2006-12-03,NFL,WAS,,ATL,L 14-24,12,13,Sun,18,38,47.37,217,1,2,52.2,1,13,5.71,3.87,CampJa00
David Carr,QB,27.135,2006-12-03,NFL,HOU,@,OAK,W 23-14,12,13,Sun,7,14,50.00,32,0,0,56.2,5,37,2.29,2.29,CarrDa00
Jay Cutler,QB,23.218,2006-12-03,NFL,DEN,,SEA,L 20-23,12,13,Sun,10,21,47.62,143,2,2,62.3,3,22,6.81,4.43,CutlJa00
Brett Favre*,QB,37.054,2006-12-03,NFL,GNB,,NYJ,L 10-38,12,13,Sun,24,47,51.06,214,1,2,53.0,2,12,4.55,3.06,FavrBr00
Charlie Frye,QB,25.097,2006-12-03,NFL,CLE,,KAN,W 31-28,12,13,Sun,11,13,84.62,122,1,0,131.4,0,0,9.38,10.92,FryeCh00
David Garrard,QB,28.292,2006-12-03,NFL,JAX,@,MIA,W 24-10,12,13,Sun,16,22,72.73,229,2,0,136.4,4,26,10.41,12.23,GarrDa00
Bruce Gradkowski,QB,23.310,2006-12-03,NFL,TAM,@,PIT,L 3-20,12,13,Sun,20,34,58.82,175,0,3,35.8,5,31,5.15,1.18,GradBr00
Trent Green,QB,36.147,2006-12-03,NFL,KAN,@,CLE,L 28-31,12,13,Sun,24,32,75.00,297,4,1,129.8,2,4,9.28,10.38,GreeTr00
Rex Grossman,QB,26.102,2006-12-03,NFL,CHI,,MIN,W 23-13,12,13,Sun,6,19,31.58,34,0,3,1.3,1,10,1.79,-5.32,GrosRe00
Joey Harrington,QB,28.043,2006-12-03,NFL,MIA,,JAX,L 10-24,12,13,Sun,27,42,64.29,267,1,2,70.2,4,26,6.36,4.69,HarrJo00
Matt Hasselbeck,QB,31.069,2006-12-03,NFL,SEA,@,DEN,W 23-20,12,13,Sun,16,28,57.14,168,0,1,59.8,1,6,6.00,4.39,HassMa00
Tarvaris Jackson,3QB,23.226,2006-12-03,NFL,MIN,@,CHI,L 13-23,12,13,Sun,3,4,75.00,35,0,0,101.0,1,0,8.75,8.75,JackTa00
Brad Johnson,QB,38.081,2006-12-03,NFL,MIN,@,CHI,L 13-23,12,13,Sun,11,26,42.31,73,0,4,10.3,1,0,2.81,-4.12,JohnBr00
Jon Kitna,QB,34.073,2006-12-03,NFL,DET,@,NWE,L 21-28,12,13,Sun,22,38,57.89,314,1,3,60.6,5,30,8.26,5.24,KitnJo00
Matt Leinart,QB,23.206,2006-12-03,NFL,ARI,@,STL,W 34-20,12,13,Sun,15,24,62.50,186,1,0,100.3,1,7,7.75,8.58,LeinMa00
J.P. Losman,QB,25.266,2006-12-03,NFL,BUF,,SDG,L 21-24,12,13,Sun,21,37,56.76,184,2,2,65.6,3,17,4.97,3.62,LosmJ.00
Eli Manning,QB,25.334,2006-12-03,NFL,NYG,,DAL,L 20-23,12,13,Sun,24,36,66.67,270,2,0,107.4,0,0,7.50,8.61,MannEl00
Peyton Manning,QB,30.254,2006-12-03,NFL,IND,@,TEN,L 17-20,12,13,Sun,21,28,75.00,351,1,2,98.8,0,0,12.54,10.04,MannPe00
Chad Pennington,QB,30.160,2006-12-03,NFL,NYJ,@,GNB,W 38-10,12,13,Sun,25,35,71.43,263,2,2,88.2,0,0,7.51,6.09,PennCh01
Philip Rivers,QB,24.360,2006-12-03,NFL,SDG,@,BUF,W 24-21,12,13,Sun,17,29,58.62,160,1,0,85.4,3,22,5.52,6.21,RivePh00
Ben Roethlisberger,QB,24.276,2006-12-03,NFL,PIT,,TAM,W 20-3,12,13,Sun,12,25,48.00,198,2,1,85.1,1,7,7.92,7.72,RoetBe00
Tony Romo,QB,26.226,2006-12-03,NFL,DAL,@,NYG,W 23-20,12,13,Sun,20,34,58.82,257,0,2,58.1,1,2,7.56,4.91,RomoTo00
Alex Smith,QB,22.210,2006-12-03,NFL,SFO,@,NOR,L 10-34,12,13,Sun,14,28,50.00,171,1,3,41.5,4,26,6.11,2.00,SmitAl03
Michael Vick,QB,26.160,2006-12-03,NFL,ATL,@,WAS,W 24-14,12,13,Sun,8,16,50.00,122,2,0,115.1,1,9,7.63,10.13,VickMi00
Vince Young,QB,23.199,2006-12-03,NFL,TEN,,IND,W 20-17,12,13,Sun,15,25,60.00,163,2,2,72.6,0,0,6.52,4.52,YounVi00
Jake Delhomme,QB,31.328,2006-12-04,NFL,CAR,@,PHI,L 24-27,12,13,Mon,22,37,59.46,269,3,2,86.4,0,0,7.27,6.46,DelhJa00
Jeff Garcia,QB,36.283,2006-12-04,NFL,PHI,,CAR,W 27-24,12,13,Mon,21,39,53.85,312,3,0,105.9,1,8,8.00,9.54,GarcJe00
Derek Anderson,QB,23.175,2006-12-07,NFL,CLE,@,PIT,L 7-27,13,14,Thu,21,37,56.76,276,1,1,78.2,0,0,7.46,6.78,AndeDe00
Ben Roethlisberger,QB,24.280,2006-12-07,NFL,PIT,,CLE,W 27-7,13,14,Thu,11,21,52.38,225,1,0,106.2,0,0,10.71,11.67,RoetBe00
Tom Brady,QB,29.129,2006-12-10,NFL,NWE,@,MIA,L 0-21,13,14,Sun,12,25,48.00,78,0,0,55.1,4,20,3.12,3.12,BradTo00
Drew Brees,QB,27.329,2006-12-10,NFL,NOR,@,DAL,W 42-17,13,14,Sun,26,38,68.42,384,5,0,140.8,1,7,10.11,12.74,BreeDr00
Aaron Brooks,QB,30.261,2006-12-10,NFL,OAK,@,CIN,L 10-27,13,14,Sun,23,39,58.97,199,1,1,70.4,4,21,5.10,4.46,BrooAa00
Jason Campbell,QB,24.344,2006-12-10,NFL,WAS,,PHI,L 19-21,13,14,Sun,15,27,55.56,182,1,2,57.9,2,17,6.74,4.15,CampJa00
David Carr,QB,27.142,2006-12-10,NFL,HOU,,TEN,L 20-26,13,14,Sun,17,23,73.91,140,0,0,89.0,2,7,6.09,6.09,CarrDa00
Matt Cassel,QB,24.207,2006-12-10,NFL,NWE,@,MIA,L 0-21,13,14,Sun,2,3,66.67,12,0,0,74.3,1,4,4.00,4.00,CassMa00
Jay Cutler,QB,23.225,2006-12-10,NFL,DEN,@,SDG,L 20-48,13,14,Sun,17,30,56.67,188,2,0,97.6,4,22,6.27,7.60,CutlJa00
Brett Favre*,QB,37.061,2006-12-10,NFL,GNB,@,SFO,W 30-19,13,14,Sun,22,34,64.71,293,2,0,111.5,1,12,8.62,9.79,FavrBr00
Jeff Garcia,QB,36.289,2006-12-10,NFL,PHI,@,WAS,W 21-19,13,14,Sun,15,23,65.22,164,2,0,115.1,0,0,7.13,8.87,GarcJe00
David Garrard,QB,28.299,2006-12-10,NFL,JAX,,IND,W 44-17,13,14,Sun,8,14,57.14,79,0,1,43.5,1,7,5.64,2.43,GarrDa00
Bruce Gradkowski,QB,23.317,2006-12-10,NFL,TAM,,ATL,L 6-17,13,14,Sun,13,24,54.17,121,0,0,68.2,1,12,5.04,5.04,GradBr00
Trent Green,QB,36.154,2006-12-10,NFL,KAN,,BAL,L 10-20,13,14,Sun,15,27,55.56,178,1,2,57.3,5,37,6.59,4.00,GreeTr00
Joey Harrington,QB,28.050,2006-12-10,NFL,MIA,,NWE,W 21-0,13,14,Sun,18,30,60.00,190,1,0,89.6,1,6,6.33,7.00,HarrJo00
Matt Hasselbeck,QB,31.076,2006-12-10,NFL,SEA,@,ARI,L 21-27,13,14,Sun,20,28,71.43,243,3,0,133.5,3,15,8.68,10.82,HassMa00
Brad Johnson,QB,38.088,2006-12-10,NFL,MIN,@,DET,W 30-20,13,14,Sun,14,22,63.64,159,0,1,66.3,1,3,7.23,5.18,JohnBr00
Jon Kitna,QB,34.080,2006-12-10,NFL,DET,,MIN,L 20-30,13,14,Sun,28,41,68.29,294,1,3,66.5,3,11,7.17,4.37,KitnJo00
Matt Leinart,QB,23.213,2006-12-10,NFL,ARI,,SEA,W 27-21,13,14,Sun,21,34,61.76,232,2,1,89.3,0,0,6.82,6.68,LeinMa00
J.P. Losman,QB,25.273,2006-12-10,NFL,BUF,@,NYJ,W 31-13,13,14,Sun,10,15,66.67,157,2,0,140.8,3,13,10.47,13.13,LosmJ.00
Eli Manning,QB,25.341,2006-12-10,NFL,NYG,@,CAR,W 27-13,13,14,Sun,17,33,51.52,172,3,0,97.0,1,0,5.21,7.03,MannEl00
Peyton Manning,QB,30.261,2006-12-10,NFL,IND,@,JAX,L 17-44,13,14,Sun,25,50,50.00,313,0,1,61.5,1,5,6.26,5.36,MannPe00
Steve McNair,QB,33.299,2006-12-10,NFL,BAL,@,KAN,W 20-10,13,14,Sun,21,27,77.78,283,1,0,122.7,0,0,10.48,11.22,McNaSt00
Carson Palmer,QB,26.348,2006-12-10,NFL,CIN,,OAK,W 27-10,13,14,Sun,20,28,71.43,297,2,3,90.0,0,0,10.61,7.21,PalmCa00
Chad Pennington,QB,30.167,2006-12-10,NFL,NYJ,,BUF,L 13-31,13,14,Sun,22,35,62.86,182,1,2,61.8,3,18,5.20,3.20,PennCh01
Antwaan Randle El,WR,27.115,2006-12-10,NFL,WAS,,PHI,L 19-21,13,14,Sun,1,1,100.00,40,0,0,118.7,0,0,40.00,40.00,RandAn00
Tim Rattay,QB,29.270,2006-12-10,NFL,TAM,,ATL,L 6-17,13,14,Sun,9,13,69.23,83,0,0,86.4,0,0,6.38,6.38,RattTi00
Philip Rivers,QB,25.002,2006-12-10,NFL,SDG,,DEN,W 48-20,13,14,Sun,15,23,65.22,279,2,0,136.0,1,3,12.13,13.87,RivePh00
Tony Romo,QB,26.233,2006-12-10,NFL,DAL,,NOR,L 17-42,13,14,Sun,16,33,48.48,249,1,2,58.8,2,18,7.55,5.42,RomoTo00
Alex Smith,QB,22.217,2006-12-10,NFL,SFO,,GNB,L 19-30,13,14,Sun,12,29,41.38,201,1,2,48.2,1,7,6.93,4.52,SmitAl03
Michael Vick,QB,26.167,2006-12-10,NFL,ATL,@,TAM,W 17-6,13,14,Sun,14,23,60.87,155,0,1,62.8,2,14,6.74,4.78,VickMi00
Chris Weinke,QB,34.132,2006-12-10,NFL,CAR,,NYG,L 13-27,13,14,Sun,34,61,55.74,423,1,3,62.4,2,5,6.93,5.05,WeinCh00
Anthony Wright,QB,30.299,2006-12-10,NFL,CIN,,OAK,W 27-10,13,14,Sun,1,1,100.00,6,0,0,91.7,0,0,6.00,6.00,WrigAn00
Vince Young,QB,23.206,2006-12-10,NFL,TEN,@,HOU,W 26-20,13,14,Sun,19,29,65.52,218,0,1,73.6,2,18,7.52,5.97,YounVi00
Marc Bulger,QB,29.250,2006-12-11,NFL,STL,,CHI,L 27-42,13,14,Mon,34,55,61.82,356,3,1,91.2,3,24,6.47,6.75,BulgMa00
Rex Grossman,QB,26.110,2006-12-11,NFL,CHI,@,STL,W 42-27,13,14,Mon,13,23,56.52,200,2,0,114.4,0,0,8.70,10.43,GrosRe00
Matt Hasselbeck,QB,31.080,2006-12-14,NFL,SEA,,SFO,L 14-24,14,15,Thu,20,37,54.05,220,1,2,58.4,3,10,5.95,4.05,HassMa00
Alex Smith,QB,22.221,2006-12-14,NFL,SFO,@,SEA,W 24-14,14,15,Thu,14,25,56.00,162,2,0,102.4,0,0,6.48,8.08,SmitAl03
Tony Romo,QB,26.239,2006-12-16,NFL,DAL,@,ATL,W 38-28,14,15,Sat,22,29,75.86,278,2,1,113.9,3,20,9.59,9.41,RomoTo00
Matt Schaub,QB,25.174,2006-12-16,NFL,ATL,,DAL,L 28-38,14,15,Sat,3,5,60.00,33,0,1,40.0,0,0,6.60,-2.40,SchaMa00
Michael Vick,QB,26.173,2006-12-16,NFL,ATL,,DAL,L 28-38,14,15,Sat,16,24,66.67,237,4,1,121.0,4,21,9.88,11.33,VickMi00
Derek Anderson,QB,23.185,2006-12-17,NFL,CLE,@,BAL,L 17-27,14,15,Sun,23,32,71.88,223,2,2,85.8,5,41,6.97,5.41,AndeDe00
Brett Basanez,QB,23.220,2006-12-17,NFL,CAR,,PIT,L 3-37,14,15,Sun,6,11,54.55,56,0,1,30.9,0,0,5.09,1.00,BasaBr00
Charlie Batch,QB,32.012,2006-12-17,NFL,PIT,@,CAR,W 37-3,14,15,Sun,2,2,100.00,23,0,0,114.6,0,0,11.50,11.50,BatcCh00
Kyle Boller,QB,25.183,2006-12-17,NFL,BAL,,CLE,W 27-17,14,15,Sun,13,21,61.90,238,2,1,112.8,1,7,11.33,11.10,BollKy00
Tom Brady,QB,29.136,2006-12-17,NFL,NWE,,HOU,W 40-7,14,15,Sun,16,23,69.57,109,2,0,108.8,1,4,4.74,6.48,BradTo00
Drew Brees,QB,27.336,2006-12-17,NFL,NOR,,WAS,L 10-16,14,15,Sun,21,38,55.26,207,0,1,59.9,2,8,5.45,4.26,BreeDr00
Aaron Brooks,QB,30.268,2006-12-17,NFL,OAK,,STL,L 0-20,14,15,Sun,11,19,57.89,98,0,1,49.9,3,20,5.16,2.79,BrooAa00
Marc Bulger,QB,29.256,2006-12-17,NFL,STL,@,OAK,W 20-0,14,15,Sun,11,22,50.00,137,0,0,69.7,4,34,6.23,6.23,BulgMa00
Jason Campbell,QB,24.351,2006-12-17,NFL,WAS,@,NOR,W 16-10,14,15,Sun,13,28,46.43,204,1,0,83.0,1,11,7.29,8.00,CampJa00
David Carr,QB,27.149,2006-12-17,NFL,HOU,@,NWE,L 7-40,14,15,Sun,16,28,57.14,127,0,4,29.0,4,34,4.54,-1.89,CarrDa00
Matt Cassel,QB,24.214,2006-12-17,NFL,NWE,,HOU,W 40-7,14,15,Sun,3,4,75.00,20,0,0,85.4,0,0,5.00,5.00,CassMa00
Josh Cribbs,WR,23.191,2006-12-17,NFL,CLE,@,BAL,L 17-27,14,15,Sun,0,1,0.00,0,0,0,39.6,0,0,0.00,0.00,CribJo01
Jay Cutler,QB,23.232,2006-12-17,NFL,DEN,@,ARI,W 37-20,14,15,Sun,21,31,67.74,261,2,1,101.7,1,5,8.42,8.26,CutlJa00
Brett Favre*,QB,37.068,2006-12-17,NFL,GNB,,DET,W 17-9,14,15,Sun,20,37,54.05,174,0,3,32.9,1,10,4.70,1.05,FavrBr00
Jeff Garcia,QB,36.296,2006-12-17,NFL,PHI,@,NYG,W 36-22,14,15,Sun,19,28,67.86,237,1,1,90.9,2,16,8.46,7.57,GarcJe00
David Garrard,QB,28.306,2006-12-17,NFL,JAX,@,TEN,L 17-24,14,15,Sun,22,37,59.46,233,1,3,53.1,4,30,6.30,3.19,GarrDa00
Bruce Gradkowski,QB,23.324,2006-12-17,NFL,TAM,@,CHI,L 31-34,14,15,Sun,5,11,45.45,37,0,0,54.0,2,5,3.36,3.36,GradBr00
Ben Graham,P,33.045,2006-12-17,NFL,NYJ,@,MIN,W 26-13,14,15,Sun,0,1,0.00,0,0,0,39.6,0,0,0.00,0.00,GrahBe20
Trent Green,QB,36.161,2006-12-17,NFL,KAN,@,SDG,L 9-20,14,15,Sun,23,41,56.10,185,0,1,57.5,6,34,4.51,3.41,GreeTr00
Rex Grossman,QB,26.116,2006-12-17,NFL,CHI,,TAM,W 34-31,14,15,Sun,29,44,65.91,339,2,0,104.3,4,27,7.70,8.61,GrosRe00
Joey Harrington,QB,28.057,2006-12-17,NFL,MIA,@,BUF,L 0-21,14,15,Sun,5,17,29.41,20,0,2,0.0,1,9,1.18,-4.12,HarrJo00
Tarvaris Jackson,QB,23.240,2006-12-17,NFL,MIN,,NYJ,L 13-26,14,15,Sun,14,23,60.87,177,1,1,81.2,0,0,7.70,6.61,JackTa00
Brad Johnson,QB,38.095,2006-12-17,NFL,MIN,,NYJ,L 13-26,14,15,Sun,10,17,58.82,96,1,0,94.2,3,28,5.65,6.82,JohnBr00
Jon Kitna,QB,34.087,2006-12-17,NFL,DET,@,GNB,L 9-17,14,15,Sun,16,26,61.54,135,0,2,42.9,6,51,5.19,1.73,KitnJo00
Matt Leinart,QB,23.220,2006-12-17,NFL,ARI,,DEN,L 20-37,14,15,Sun,20,35,57.14,214,0,2,51.4,3,19,6.11,3.54,LeinMa00
Cleo Lemon,QB,27.123,2006-12-17,NFL,MIA,@,BUF,L 0-21,14,15,Sun,9,16,56.25,98,0,0,74.5,1,9,6.13,6.13,LemoCl00
J.P. Losman,QB,25.280,2006-12-17,NFL,BUF,,MIA,W 21-0,14,15,Sun,13,19,68.42,200,3,0,142.5,3,14,10.53,13.68,LosmJ.00
Eli Manning,QB,25.348,2006-12-17,NFL,NYG,,PHI,L 22-36,14,15,Sun,28,40,70.00,282,0,2,69.0,1,12,7.05,4.80,MannEl00
Steve McNair,QB,33.306,2006-12-17,NFL,BAL,,CLE,W 27-17,14,15,Sun,0,4,0.00,0,0,0,39.6,0,0,0.00,0.00,McNaSt00
Chad Pennington,QB,30.174,2006-12-17,NFL,NYJ,@,MIN,W 26-13,14,15,Sun,29,39,74.36,339,1,1,98.1,2,16,8.69,8.05,PennCh01
Tim Rattay,QB,29.277,2006-12-17,NFL,TAM,@,CHI,L 31-34,14,15,Sun,20,35,57.14,268,3,1,98.3,0,0,7.66,8.09,RattTi00
Philip Rivers,QB,25.009,2006-12-17,NFL,SDG,,KAN,W 20-9,14,15,Sun,8,23,34.78,97,0,2,12.4,2,9,4.22,0.30,RivePh00
Ben Roethlisberger,QB,24.290,2006-12-17,NFL,PIT,@,CAR,W 37-3,14,15,Sun,10,17,58.82,125,1,0,101.3,3,22,7.35,8.53,RoetBe00
Andrew Walter,QB,24.220,2006-12-17,NFL,OAK,,STL,L 0-20,14,15,Sun,14,20,70.00,131,0,2,48.1,1,6,6.55,2.05,WaltAn00
Chris Weinke,QB,34.139,2006-12-17,NFL,CAR,,PIT,L 3-37,14,15,Sun,18,28,64.29,170,0,1,66.1,5,29,6.07,4.46,WeinCh00
Cedrick Wilson,WR,28.000,2006-12-17,NFL,PIT,@,CAR,W 37-3,14,15,Sun,1,1,100.00,21,0,0,118.7,0,0,21.00,21.00,WilsCe00
Vince Young,QB,23.213,2006-12-17,NFL,TEN,,JAX,W 24-17,14,15,Sun,8,15,53.33,85,0,0,70.1,3,28,5.67,5.67,YounVi00
Peyton Manning,QB,30.269,2006-12-18,NFL,IND,,CIN,W 34-16,14,15,Mon,29,36,80.56,282,4,0,136.3,1,0,7.83,10.06,MannPe00
Carson Palmer,QB,26.356,2006-12-18,NFL,CIN,@,IND,L 16-34,14,15,Mon,14,28,50.00,176,0,0,69.9,4,31,6.29,6.29,PalmCa00
Brett Favre*,QB,37.072,2006-12-21,NFL,GNB,,MIN,W 9-7,15,16,Thu,26,50,52.00,285,0,2,52.5,1,12,5.70,3.90,FavrBr00
Carlyle Holiday,WR,25.078,2006-12-21,NFL,GNB,,MIN,W 9-7,15,16,Thu,0,1,0.00,0,0,0,39.6,0,0,0.00,0.00,HoliCa00
Tarvaris Jackson,QB,23.244,2006-12-21,NFL,MIN,@,GNB,L 7-9,15,16,Thu,10,20,50.00,50,0,1,35.4,3,23,2.50,0.25,JackTa00
Trent Green,QB,36.167,2006-12-23,NFL,KAN,@,OAK,W 20-9,15,16,Sat,12,24,50.00,148,1,1,66.0,2,6,6.17,5.13,GreeTr00
Andrew Walter,QB,24.226,2006-12-23,NFL,OAK,,KAN,L 9-20,15,16,Sat,27,37,72.97,226,0,2,65.8,4,31,6.11,3.68,WaltAn00
Derek Anderson,QB,23.192,2006-12-24,NFL,CLE,,TAM,L 7-22,15,16,Sun,10,27,37.04,123,0,4,12.3,2,20,4.56,-2.11,AndeDe00
Charlie Batch,QB,32.019,2006-12-24,NFL,PIT,,BAL,L 7-31,15,16,Sun,4,11,36.36,49,0,0,50.9,0,0,4.45,4.45,BatcCh00
Tom Brady,QB,29.143,2006-12-24,NFL,NWE,@,JAX,W 24-21,15,16,Sun,28,39,71.79,249,1,0,97.1,1,7,6.38,6.90,BradTo00
Drew Brees,QB,27.343,2006-12-24,NFL,NOR,@,NYG,W 30-7,15,16,Sun,13,32,40.63,132,1,0,63.5,1,9,4.13,4.75,BreeDr00
Marc Bulger,QB,29.263,2006-12-24,NFL,STL,,WAS,W 37-31,15,16,Sun,25,38,65.79,388,4,0,134.5,1,6,10.21,12.32,BulgMa00
Jason Campbell,QB,24.358,2006-12-24,NFL,WAS,@,STL,L 31-37,15,16,Sun,13,26,50.00,160,1,0,82.2,0,0,6.15,6.92,CampJa00
David Carr,QB,27.156,2006-12-24,NFL,HOU,,IND,W 27-24,15,16,Sun,16,23,69.57,163,1,0,104.1,0,0,7.09,7.96,CarrDa00
Jay Cutler,QB,23.239,2006-12-24,NFL,DEN,,CIN,W 24-23,15,16,Sun,12,23,52.17,179,2,1,88.9,3,19,7.78,7.57,CutlJa00
Ken Dorsey,QB,25.246,2006-12-24,NFL,CLE,,TAM,L 7-22,15,16,Sun,0,1,0.00,0,0,0,39.6,1,7,0.00,0.00,DorsKe00
Lee Evans,WR,25.288,2006-12-24,NFL,BUF,,TEN,L 29-30,15,16,Sun,0,1,0.00,0,0,0,39.6,0,0,0.00,0.00,EvanLe00
David Garrard,QB,28.313,2006-12-24,NFL,JAX,,NWE,L 21-24,15,16,Sun,17,23,73.91,195,1,0,113.5,1,0,8.48,9.35,GarrDa00
Brian Griese,QB,31.281,2006-12-24,NFL,CHI,@,DET,W 26-21,15,16,Sun,6,9,66.67,51,0,0,81.2,0,0,5.67,5.67,GrieBr00
Rex Grossman,QB,26.123,2006-12-24,NFL,CHI,@,DET,W 26-21,15,16,Sun,20,36,55.56,197,1,0,80.4,2,10,5.47,6.03,GrosRe00
Matt Hasselbeck,QB,31.090,2006-12-24,NFL,SEA,,SDG,L 17-20,15,16,Sun,17,37,45.95,189,0,2,39.1,6,28,5.11,2.68,HassMa00
Jon Kitna,QB,34.094,2006-12-24,NFL,DET,,CHI,L 21-26,15,16,Sun,27,45,60.00,283,3,0,100.5,3,23,6.29,7.62,KitnJo00
Matt Leinart,QB,23.227,2006-12-24,NFL,ARI,@,SFO,W 26-20,15,16,Sun,9,13,69.23,162,1,0,137.3,1,9,12.46,14.00,LeinMa00
J.P. Losman,QB,25.287,2006-12-24,NFL,BUF,,TEN,L 29-30,15,16,Sun,19,33,57.58,266,1,2,68.5,3,15,8.06,5.94,LosmJ.00
Eli Manning,QB,25.355,2006-12-24,NFL,NYG,,NOR,L 7-30,15,16,Sun,9,25,36.00,74,1,1,41.2,2,15,2.96,1.96,MannEl00
Peyton Manning,QB,30.275,2006-12-24,NFL,IND,@,HOU,L 24-27,15,16,Sun,21,27,77.78,205,3,0,135.3,0,0,7.59,9.81,MannPe00
Steve McNair,QB,33.313,2006-12-24,NFL,BAL,@,PIT,W 31-7,15,16,Sun,21,31,67.74,256,3,2,98.3,0,0,8.26,7.29,McNaSt00
Carson Palmer,QB,26.362,2006-12-24,NFL,CIN,@,DEN,L 23-24,15,16,Sun,21,40,52.50,209,2,2,63.4,2,15,5.23,3.98,PalmCa00
Tim Rattay,QB,29.284,2006-12-24,NFL,TAM,@,CLE,W 22-7,15,16,Sun,16,26,61.54,212,0,1,71.3,3,10,8.15,6.42,RattTi00
Philip Rivers,QB,25.016,2006-12-24,NFL,SDG,@,SEA,W 20-17,15,16,Sun,10,30,33.33,181,2,0,77.2,1,9,6.03,7.37,RivePh00
Ben Roethlisberger,QB,24.297,2006-12-24,NFL,PIT,,BAL,L 7-31,15,16,Sun,15,31,48.39,156,1,2,47.2,5,17,5.03,2.77,RoetBe00
Alex Smith,QB,22.231,2006-12-24,NFL,SFO,,ARI,L 20-26,15,16,Sun,18,29,62.07,190,0,1,66.7,4,16,6.55,5.00,SmitAl03
Michael Vick,QB,26.181,2006-12-24,NFL,ATL,,CAR,L 3-10,15,16,Sun,9,20,45.00,109,0,2,22.7,3,15,5.45,0.95,VickMi00
Kurt Warner*,QB,35.185,2006-12-24,NFL,ARI,@,SFO,W 26-20,15,16,Sun,9,13,69.23,105,0,0,93.4,1,9,8.08,8.08,WarnKu00
Chris Weinke,QB,34.146,2006-12-24,NFL,CAR,@,ATL,W 10-3,15,16,Sun,4,7,57.14,32,1,0,108.3,3,21,4.57,7.43,WeinCh00
Vince Young,QB,23.220,2006-12-24,NFL,TEN,@,BUF,W 30-29,15,16,Sun,13,20,65.00,183,2,0,127.7,1,2,9.15,11.15,YounVi00
Jeff Garcia,QB,36.304,2006-12-25,NFL,PHI,@,DAL,W 23-7,15,16,Mon,15,23,65.22,238,1,1,95.9,2,16,10.35,9.26,GarcJe00
Joey Harrington,QB,28.065,2006-12-25,NFL,MIA,,NYJ,L 10-13,15,16,Mon,7,15,46.67,42,0,0,53.5,1,8,2.80,2.80,HarrJo00
Cleo Lemon,QB,27.131,2006-12-25,NFL,MIA,,NYJ,L 10-13,15,16,Mon,11,16,68.75,104,1,0,107.3,2,9,6.50,7.75,LemoCl00
Chad Pennington,QB,30.182,2006-12-25,NFL,NYJ,@,MIA,W 13-10,15,16,Mon,14,29,48.28,237,1,0,87.9,1,8,8.17,8.86,PennCh01
Tony Romo,QB,26.248,2006-12-25,NFL,DAL,,PHI,L 7-23,15,16,Mon,14,29,48.28,142,1,2,45.5,3,24,4.90,2.48,RomoTo00
Jason Campbell,QB,24.364,2006-12-30,NFL,WAS,,NYG,L 28-34,16,17,Sat,21,31,67.74,220,2,1,96.2,1,3,7.10,6.94,CampJa00
Eli Manning,QB,25.361,2006-12-30,NFL,NYG,@,WAS,W 34-28,16,17,Sat,12,26,46.15,101,1,0,69.6,1,7,3.88,4.65,MannEl00
Antwaan Randle El,WR,27.135,2006-12-30,NFL,WAS,,NYG,L 28-34,16,17,Sat,1,1,100.00,48,1,0,158.3,0,0,48.00,68.00,RandAn00
Tom Brady,QB,29.150,2006-12-31,NFL,NWE,@,TEN,W 40-23,16,17,Sun,15,24,62.50,225,1,0,107.1,1,5,9.38,10.21,BradTo00
Drew Brees,QB,27.350,2006-12-31,NFL,NOR,,CAR,L 21-31,16,17,Sun,4,5,80.00,46,0,0,105.0,0,0,9.20,9.20,BreeDr00
Aaron Brooks,QB,30.282,2006-12-31,NFL,OAK,@,NYJ,L 3-23,16,17,Sun,15,26,57.69,136,0,1,55.9,2,15,5.23,3.50,BrooAa00
Isaac Bruce,WR,34.051,2006-12-31,NFL,STL,@,MIN,W 41-21,16,17,Sun,0,1,0.00,0,0,0,39.6,0,0,0.00,0.00,BrucIs00
Marc Bulger,QB,29.270,2006-12-31,NFL,STL,@,MIN,W 41-21,16,17,Sun,19,30,63.33,248,1,0,100.4,0,0,8.27,8.93,BulgMa00
David Carr,QB,27.163,2006-12-31,NFL,HOU,,CLE,W 14-6,16,17,Sun,9,15,60.00,86,0,1,48.2,1,3,5.73,2.73,CarrDa00
Matt Cassel,QB,24.228,2006-12-31,NFL,NWE,@,TEN,W 40-23,16,17,Sun,0,1,0.00,0,0,0,39.6,1,6,0.00,0.00,CassMa00
Mark Clayton,WR,24.182,2006-12-31,NFL,BAL,,BUF,W 19-7,16,17,Sun,0,1,0.00,0,0,0,39.6,0,0,0.00,0.00,ClayMa01
Jay Cutler,QB,23.246,2006-12-31,NFL,DEN,,SFO,L 23-26,16,17,Sun,21,32,65.63,230,1,1,84.1,2,17,7.19,6.41,CutlJa00
Jake Delhomme,QB,31.355,2006-12-31,NFL,CAR,@,NOR,W 31-21,16,17,Sun,23,27,85.19,207,2,0,123.3,0,0,7.67,9.15,DelhJa00
Brett Favre*,QB,37.082,2006-12-31,NFL,GNB,@,CHI,W 26-7,16,17,Sun,21,42,50.00,285,1,1,70.0,2,9,6.79,6.19,FavrBr00
A.J. Feeley,QB,29.229,2006-12-31,NFL,PHI,,ATL,W 24-17,16,17,Sun,22,33,66.67,321,3,0,128.5,0,0,9.73,11.55,FeelA.00
Charlie Frye,QB,25.125,2006-12-31,NFL,CLE,@,HOU,L 6-14,16,17,Sun,25,35,71.43,187,0,1,72.0,1,8,5.34,4.06,FryeCh00
Jeff Garcia,QB,36.310,2006-12-31,NFL,PHI,,ATL,W 24-17,16,17,Sun,1,3,33.33,29,0,0,70.1,0,0,9.67,9.67,GarcJe00
David Garrard,QB,28.320,2006-12-31,NFL,JAX,@,KAN,L 30-35,16,17,Sun,10,18,55.56,140,1,1,76.2,2,11,7.78,6.39,GarrDa00
Quinn Gray,QB,27.224,2006-12-31,NFL,JAX,@,KAN,L 30-35,16,17,Sun,13,22,59.09,166,0,0,82.8,1,11,7.55,7.55,GrayQu00
Trent Green,QB,36.175,2006-12-31,NFL,KAN,,JAX,W 35-30,16,17,Sun,14,21,66.67,181,1,2,69.8,3,10,8.62,5.29,GreeTr00
Brian Griese,QB,31.288,2006-12-31,NFL,CHI,,GNB,L 7-26,16,17,Sun,5,15,33.33,124,1,2,46.9,1,8,8.27,3.60,GrieBr00
Rex Grossman,QB,26.130,2006-12-31,NFL,CHI,,GNB,L 7-26,16,17,Sun,2,12,16.67,33,0,3,0.0,1,5,2.75,-8.50,GrosRe00
Matt Hasselbeck,QB,31.097,2006-12-31,NFL,SEA,@,TAM,W 23-7,16,17,Sun,17,29,58.62,216,1,0,93.5,1,4,7.45,8.14,HassMa00
Damon Huard,QB,33.175,2006-12-31,NFL,KAN,,JAX,W 35-30,16,17,Sun,2,3,66.67,54,0,0,109.7,0,0,18.00,18.00,HuarDa00
Tarvaris Jackson,QB,23.254,2006-12-31,NFL,MIN,,STL,L 21-41,16,17,Sun,20,34,58.82,213,1,2,62.5,4,14,6.26,4.21,JackTa00
Brad Johnson,QB,38.109,2006-12-31,NFL,MIN,,STL,L 21-41,16,17,Sun,1,1,100.00,12,0,0,116.7,0,0,12.00,12.00,JohnBr00
Larry Johnson,RB,27.042,2006-12-31,NFL,KAN,,JAX,W 35-30,16,17,Sun,0,1,0.00,0,0,0,39.6,0,0,0.00,0.00,JohnLa00
Jon Kitna,QB,34.101,2006-12-31,NFL,DET,@,DAL,W 39-31,16,17,Sun,28,42,66.67,306,4,1,109.8,5,29,7.29,8.12,KitnJo00
Cleo Lemon,QB,27.137,2006-12-31,NFL,MIA,@,IND,L 22-27,16,17,Sun,18,36,50.00,210,1,1,65.7,2,6,5.83,5.14,LemoCl00
J.P. Losman,QB,25.294,2006-12-31,NFL,BUF,@,BAL,L 7-19,16,17,Sun,20,35,57.14,237,1,2,63.6,3,23,6.77,4.77,LosmJ.00
Peyton Manning,QB,30.282,2006-12-31,NFL,IND,,MIA,W 27-22,16,17,Sun,22,37,59.46,282,2,0,101.4,0,0,7.62,8.70,MannPe00
Jamie Martin,QB,36.326,2006-12-31,NFL,NOR,,CAR,L 21-31,16,17,Sun,16,24,66.67,208,1,1,90.3,5,18,8.67,7.63,MartJa00
Brad Maynard,P,32.325,2006-12-31,NFL,CHI,,GNB,L 7-26,16,17,Sun,1,1,100.00,37,0,0,118.7,0,0,37.00,37.00,MaynBr20
Steve McNair,QB,33.320,2006-12-31,NFL,BAL,,BUF,W 19-7,16,17,Sun,23,35,65.71,216,0,1,70.7,0,0,6.17,4.89,McNaSt00
Carson Palmer,QB,27.004,2006-12-31,NFL,CIN,,PIT,L 17-23,16,17,Sun,20,38,52.63,251,2,0,91.0,0,0,6.61,7.66,PalmCa00
Chad Pennington,QB,30.188,2006-12-31,NFL,NYJ,,OAK,W 23-3,16,17,Sun,22,30,73.33,157,1,0,96.1,1,8,5.23,5.90,PennCh01
Jake Plummer,QB,32.012,2006-12-31,NFL,DEN,,SFO,L 23-26,16,17,Sun,0,2,0.00,0,0,1,0.0,1,3,0.00,-22.50,PlumJa00
Tim Rattay,QB,29.291,2006-12-31,NFL,TAM,,SEA,L 7-23,16,17,Sun,16,27,59.26,185,1,0,92.4,1,8,6.85,7.59,RattTi00
Philip Rivers,QB,25.023,2006-12-31,NFL,SDG,,ARI,W 27-20,16,17,Sun,19,24,79.17,231,2,1,117.2,2,11,9.63,9.42,RivePh00
Michael Robinson,RB,23.328,2006-12-31,NFL,SFO,@,DEN,W 26-23,16,17,Sun,0,1,0.00,0,0,0,39.6,0,0,0.00,0.00,RobiMi00
Ben Roethlisberger,QB,24.304,2006-12-31,NFL,PIT,@,CIN,W 23-17,16,17,Sun,19,28,67.86,280,1,1,97.3,1,5,10.00,9.11,RoetBe00
Tony Romo,QB,26.254,2006-12-31,NFL,DAL,,DET,L 31-39,16,17,Sun,23,32,71.88,321,2,1,111.6,4,14,10.03,9.88,RomoTo00
Matt Schaub,QB,25.189,2006-12-31,NFL,ATL,@,PHI,L 17-24,16,17,Sun,15,21,71.43,175,1,1,92.4,2,8,8.33,7.14,SchaMa00
Alex Smith,QB,22.238,2006-12-31,NFL,SFO,@,DEN,W 26-23,16,17,Sun,17,32,53.13,194,1,1,69.0,4,23,6.06,5.28,SmitAl03
Vinny Testaverde,3QB,43.048,2006-12-31,NFL,NWE,@,TEN,W 40-23,16,17,Sun,2,3,66.67,29,1,0,137.5,0,0,9.67,16.33,TestVi00
Michael Vick,QB,26.188,2006-12-31,NFL,ATL,@,PHI,L 17-24,16,17,Sun,8,14,57.14,81,1,0,97.6,3,29,5.79,7.21,VickMi00
Billy Volek,QB,30.247,2006-12-31,NFL,SDG,,ARI,W 27-20,16,17,Sun,1,2,50.00,4,0,0,56.2,1,6,2.00,2.00,VoleBi00
Kurt Warner*,QB,35.192,2006-12-31,NFL,ARI,@,SDG,L 20-27,16,17,Sun,22,32,68.75,356,1,0,116.1,1,10,11.13,11.75,WarnKu00
Vince Young,QB,23.227,2006-12-31,NFL,TEN,,NWE,L 23-40,16,17,Sun,15,36,41.67,227,0,2,39.9,5,20,6.31,3.81,YounVi00
Trent Green,QB,36.181,2007-01-06,NFL,KAN,@,IND,L 8-23,17,18,Sat,14,24,58.33,107,1,2,48.4,4,25,4.46,1.54,GreeTr00
Matt Hasselbeck,QB,31.103,2007-01-06,NFL,SEA,,DAL,W 21-20,17,18,Sat,18,36,50.00,240,2,2,66.9,0,0,6.67,5.28,HassMa00
Peyton Manning,QB,30.288,2007-01-06,NFL,IND,,KAN,W 23-8,17,18,Sat,30,38,78.95,268,1,3,71.9,1,5,7.05,4.03,MannPe00
Tony Romo,QB,26.260,2007-01-06,NFL,DAL,@,SEA,L 20-21,17,18,Sat,17,29,58.62,189,1,0,89.6,2,21,6.52,7.21,RomoTo00
Hunter Smith,P,29.150,2007-01-06,NFL,IND,,KAN,W 23-8,17,18,Sat,1,1,100.00,-16,0,0,79.2,0,0,-16.00,-16.00,SmitHu21
Tom Brady,QB,29.157,2007-01-07,NFL,NWE,,NYJ,W 37-16,17,18,Sun,22,34,64.71,212,2,0,101.6,1,12,6.24,7.41,BradTo00
Jeff Garcia,QB,36.317,2007-01-07,NFL,PHI,,NYG,W 23-20,17,18,Sun,17,31,54.84,153,1,0,79.1,2,15,4.94,5.58,GarcJe00
Eli Manning,QB,26.004,2007-01-07,NFL,NYG,@,PHI,L 20-23,17,18,Sun,16,27,59.26,161,2,1,85.6,1,7,5.96,5.78,MannEl00
Chad Pennington,QB,30.195,2007-01-07,NFL,NYJ,@,NWE,L 16-37,17,18,Sun,23,40,57.50,300,1,1,79.2,3,22,7.50,6.88,PennCh01
Patrick Ramsey,QB,27.327,2007-01-07,NFL,NYJ,@,NWE,L 16-37,17,18,Sun,1,1,100.00,-1,0,0,79.2,0,0,-1.00,-1.00,RamsPa00
Drew Brees,QB,27.363,2007-01-13,NFL,NOR,,PHI,W 27-24,17,19,Sat,20,32,62.50,243,1,0,96.2,3,16,7.59,8.22,BreeDr00
Jeff Garcia,QB,36.323,2007-01-13,NFL,PHI,@,NOR,L 24-27,18,19,Sat,15,30,50.00,240,1,0,88.2,1,8,8.00,8.67,GarcJe00
Peyton Manning,QB,30.295,2007-01-13,NFL,IND,@,BAL,W 15-6,18,19,Sat,15,30,50.00,170,0,2,39.6,1,9,5.67,2.67,MannPe00
Steve McNair,QB,33.333,2007-01-13,NFL,BAL,,IND,L 6-15,17,19,Sat,18,29,62.07,173,0,2,49.9,2,12,5.97,2.86,McNaSt00
Tom Brady,QB,29.164,2007-01-14,NFL,NWE,@,SDG,W 24-21,18,19,Sun,27,51,52.94,280,2,3,57.6,2,4,5.49,3.63,BradTo00
Rex Grossman,QB,26.144,2007-01-14,NFL,CHI,,SEA,W 27-24,17,19,Sun,21,38,55.26,282,1,1,76.9,3,31,7.42,6.76,GrosRe00
Matt Hasselbeck,QB,31.111,2007-01-14,NFL,SEA,@,CHI,L 24-27,18,19,Sun,18,33,54.55,195,1,1,69.6,3,16,5.91,5.15,HassMa00
Philip Rivers,QB,25.037,2007-01-14,NFL,SDG,,NWE,L 21-24,17,19,Sun,14,32,43.75,230,0,1,55.5,3,26,7.19,5.78,RivePh00
Tom Brady,QB,29.171,2007-01-21,NFL,NWE,@,IND,L 34-38,19,20,Sun,21,34,61.76,232,1,1,79.5,1,6,6.82,6.09,BradTo00
Drew Brees,QB,28.006,2007-01-21,NFL,NOR,@,CHI,L 14-39,18,20,Sun,27,49,55.10,354,2,1,83.2,3,35,7.22,7.12,BreeDr00
Rex Grossman,QB,26.151,2007-01-21,NFL,CHI,,NOR,W 39-14,18,20,Sun,11,26,42.31,144,1,0,73.2,0,0,5.54,6.31,GrosRe00
Peyton Manning,QB,30.303,2007-01-21,NFL,IND,,NWE,W 38-34,19,20,Sun,27,47,57.45,349,1,1,79.1,3,19,7.43,6.89,MannPe00
Rex Grossman,QB,26.165,2007-02-04,NFL,CHI,N,IND,L 17-29,19,21,Sun,20,28,71.43,165,1,2,68.3,1,11,5.89,3.39,GrosRe00
Peyton Manning,QB,30.317,2007-02-04,NFL,IND,N,CHI,W 29-17,20,21,Sun,25,38,65.79,247,1,1,81.8,1,8,6.50,5.84,MannPe00
