Player,Pos,Age,Date,LG,Team,Loc,Opponent,WL,G,Week,Day,Punt Ret,Punt Ret Yds,Punt Ret YPA,Punt Ret TD,unique_id
Tiki Barber,RB,27.151,2002-09-05,NFL,NYG,,SFO,L 13-16,1,1,Thu,1,5,5.00,0,BarbTi00
Phillip Buchanon,CB,21.354,2002-09-08,NFL,OAK,,SEA,W 31-17,1,1,Sun,1,22,22.00,0,BuchPh20
Chris Cash,CB,22.057,2002-09-08,NFL,DET,@,MIA,L 21-49,1,1,Sun,1,0,0.00,0,CashCh20
Ike Charlton,CB,24.337,2002-09-08,NFL,JAX,,IND,L 25-28,1,1,Sun,1,0,0.00,0,CharIk20
Nick Davis,WR,22.337,2002-09-08,NFL,MIN,@,CHI,L 23-27,1,1,Sun,2,16,8.00,0,DaviNi00
Bobby Engram,WR,29.244,2002-09-08,NFL,SEA,@,OAK,L 17-31,1,1,Sun,1,4,4.00,0,EngrBo00
Larry Foster,WR,25.305,2002-09-08,NFL,DET,@,MIA,L 21-49,1,1,Sun,2,15,7.50,0,FostLa00
Joey Galloway,WR,30.292,2002-09-08,NFL,DAL,@,HOU,L 10-19,1,1,Sun,3,8,2.67,0,GallJo00
Damon Gibson,WR,27.195,2002-09-08,NFL,JAX,,IND,L 25-28,1,1,Sun,1,0,0.00,0,GibsDa00
Jacquez Green,WR,26.236,2002-09-08,NFL,WAS,,ARI,W 31-23,1,1,Sun,3,26,8.67,0,GreeJa00
Desmond Howard,WR,32.116,2002-09-08,NFL,DET,@,MIA,L 21-49,1,1,Sun,1,13,13.00,0,HowaDe00
Arnold Jackson,WR,25.152,2002-09-08,NFL,ARI,@,WAS,L 23-31,1,1,Sun,3,24,8.00,0,JackAr00
Albert Johnson,WR,24.301,2002-09-08,NFL,MIA,,DET,W 49-21,1,1,Sun,3,35,11.67,0,JohnAl23
Leon Johnson,RB,28.057,2002-09-08,NFL,CHI,,MIN,W 27-23,1,1,Sun,2,37,18.50,0,JohnLe00
Jermaine Lewis,WR,27.327,2002-09-08,NFL,HOU,,DAL,W 19-10,1,1,Sun,4,21,5.25,0,LewiJe00
Michael Lewis,WR,30.298,2002-09-08,NFL,NOR,@,TAM,W 26-20,1,1,Sun,3,48,16.00,0,LewiMi00
Chris McAlister,LCB,25.086,2002-09-08,NFL,BAL,@,CAR,L 7-10,1,1,Sun,3,13,4.33,0,McAlCh00
Brian Mitchell,RB/K,34.021,2002-09-08,NFL,PHI,@,TEN,L 24-27,1,1,Sun,2,17,8.50,0,MitcBr00
Santana Moss,WR,23.099,2002-09-08,NFL,NYJ,@,BUF,W 37-31,1,1,Sun,1,10,10.00,0,MossSa00
Dennis Northcutt,WR,24.260,2002-09-08,NFL,CLE,,KAN,L 39-40,1,1,Sun,1,23,23.00,0,NortDe00
Deltha O'Neal,LCB,25.221,2002-09-08,NFL,DEN,,STL,W 23-16,1,1,Sun,1,4,4.00,0,ONeaDe00
Ken-Yon Rambo,WR,23.339,2002-09-08,NFL,DAL,@,HOU,L 10-19,1,1,Sun,4,2,0.50,0,RambKe00
Charlie Rogers,RB,26.081,2002-09-08,NFL,BUF,,NYJ,L 31-37,1,1,Sun,2,12,6.00,0,RogeCh00
Allen Rossum,CB,26.321,2002-09-08,NFL,ATL,@,GNB,L 34-37,1,1,Sun,1,36,36.00,0,RossAl99
John Simon,RB,23.271,2002-09-08,NFL,TEN,,PHI,W 27-24,1,1,Sun,1,0,0.00,0,SimoJo00
Steve Smith,WR,23.119,2002-09-08,NFL,CAR,,BAL,W 10-7,1,1,Sun,4,32,8.00,0,SmitSt01
Tamarick Vanover,WR-K,28.195,2002-09-08,NFL,SDG,@,CIN,W 34-6,1,1,Sun,3,33,11.00,0,VanoTa00
Troy Walters,WR,25.267,2002-09-08,NFL,IND,@,JAX,W 28-25,1,1,Sun,2,15,7.50,0,WaltTr00
Terrence Wilkins,WR,27.041,2002-09-08,NFL,STL,@,DEN,L 16-23,1,1,Sun,3,14,4.67,0,WilkTe00
Karl Williams,WR,31.151,2002-09-08,NFL,TAM,,NOR,L 20-26,1,1,Sun,5,29,5.80,0,WillKa00
Troy Brown,WR,31.069,2002-09-09,NFL,NWE,,PIT,W 30-14,1,1,Mon,1,10,10.00,0,BrowTr00
Antwaan Randle El,WR,23.023,2002-09-09,NFL,PIT,@,NWE,L 14-30,1,1,Mon,2,9,4.50,0,RandAn00
D'Wayne Bates,WR,26.285,2002-09-15,NFL,MIN,,BUF,L 39-45,2,2,Sun,2,74,37.00,0,BateDW00
Troy Brown,WR,31.075,2002-09-15,NFL,NWE,@,NYJ,W 44-7,2,2,Sun,3,29,9.67,0,BrowTr00
Phillip Buchanon,CB,21.361,2002-09-15,NFL,OAK,@,PIT,W 30-17,2,2,Sun,3,17,5.67,0,BuchPh20
Reche Caldwell,WR,23.171,2002-09-15,NFL,SDG,,HOU,W 24-3,2,2,Sun,1,-2,-2.00,0,CaldRe00
Bobby Engram,WR,29.251,2002-09-15,NFL,SEA,,ARI,L 13-24,2,2,Sun,2,11,5.50,0,EngrBo00
Kevin Faulk,RB,26.102,2002-09-15,NFL,NWE,@,NYJ,W 44-7,2,2,Sun,1,16,16.00,0,FaulKe00
Joey Galloway,WR,30.299,2002-09-15,NFL,DAL,,TEN,W 21-13,2,2,Sun,2,18,9.00,0,GallJo00
Darrien Gordon,CB/K,31.305,2002-09-15,NFL,GNB,@,NOR,L 20-35,2,2,Sun,2,0,0.00,0,GordDa20
Dante Hall,KR/W,24.014,2002-09-15,NFL,KAN,,JAX,L 16-23,2,2,Sun,2,21,10.50,0,HallDa00
Kahlil Hill,WR,23.181,2002-09-15,NFL,ATL,,CHI,L 13-14,2,2,Sun,4,12,3.00,0,HillKa20
T.J. Houshmandzadeh,WR,24.354,2002-09-15,NFL,CIN,@,CLE,L 7-20,2,2,Sun,1,2,2.00,0,HousTJ00
Desmond Howard,WR,32.123,2002-09-15,NFL,DET,@,CAR,L 7-31,2,2,Sun,3,20,6.67,0,HowaDe00
Arnold Jackson,WR,25.159,2002-09-15,NFL,ARI,@,SEA,W 24-13,2,2,Sun,2,-2,-1.00,0,JackAr00
Leon Johnson,RB,28.064,2002-09-15,NFL,CHI,@,ATL,W 14-13,2,2,Sun,2,11,5.50,0,JohnLe00
Jermaine Lewis,WR,27.334,2002-09-15,NFL,HOU,@,SDG,L 3-24,2,2,Sun,5,79,15.80,0,LewiJe00
Michael Lewis,WR,30.305,2002-09-15,NFL,NOR,,GNB,W 35-20,2,2,Sun,4,44,11.00,0,LewiMi00
Derrick Mason,WR,28.241,2002-09-15,NFL,TEN,@,DAL,L 13-21,2,2,Sun,3,16,5.33,0,MasoDe00
Chris McAlister,RCB,25.093,2002-09-15,NFL,BAL,,TAM,L 0-25,2,2,Sun,1,10,10.00,0,McAlCh00
Santana Moss,WR-K,23.106,2002-09-15,NFL,NYJ,,NWE,L 7-44,2,2,Sun,1,18,18.00,0,MossSa00
Dennis Northcutt,WR,24.267,2002-09-15,NFL,CLE,,CIN,W 20-7,2,2,Sun,2,20,10.00,0,NortDe00
Deltha O'Neal,LCB,25.228,2002-09-15,NFL,DEN,@,SFO,W 24-14,2,2,Sun,4,13,3.25,0,ONeaDe00
Jeff Ogden,WR,27.205,2002-09-15,NFL,BAL,,TAM,L 0-25,2,2,Sun,2,21,10.50,0,OgdeJe00
Antwaan Randle El,WR,23.029,2002-09-15,NFL,PIT,,OAK,L 17-30,2,2,Sun,2,17,8.50,0,RandAn00
Charlie Rogers,RB,26.088,2002-09-15,NFL,BUF,@,MIN,W 45-39,2,2,Sun,1,16,16.00,0,RogeCh00
Bobby Shaw,WR,27.145,2002-09-15,NFL,JAX,@,KAN,W 23-16,2,2,Sun,2,13,6.50,0,ShawBo00
Steve Smith,WR,23.126,2002-09-15,NFL,CAR,,DET,W 31-7,2,2,Sun,9,15,1.67,0,SmitSt01
Tamarick Vanover,WR-K,28.202,2002-09-15,NFL,SDG,,HOU,W 24-3,2,2,Sun,5,0,0.00,0,VanoTa00
Troy Walters,WR,25.274,2002-09-15,NFL,IND,,MIA,L 13-21,2,2,Sun,3,28,9.33,0,WaltTr00
Dedric Ward,WR,27.351,2002-09-15,NFL,MIA,@,IND,W 21-13,2,2,Sun,1,6,6.00,0,WardDe00
Terrence Wilkins,WR,27.048,2002-09-15,NFL,STL,,NYG,L 21-26,2,2,Sun,2,26,13.00,0,WilkTe00
Jimmy Williams,CB,23.189,2002-09-15,NFL,SFO,,DEN,L 14-24,2,2,Sun,2,5,2.50,0,WillJi22
Karl Williams,WR,31.158,2002-09-15,NFL,TAM,@,BAL,W 25-0,2,2,Sun,2,62,31.00,1,WillKa00
Jacquez Green,WR,26.244,2002-09-16,NFL,WAS,,PHI,L 7-37,2,2,Mon,1,90,90.00,1,GreeJa00
Brian Mitchell,RB/K,34.029,2002-09-16,NFL,PHI,@,WAS,W 37-7,2,2,Mon,3,69,23.00,0,MitcBr00
Avion Black,WR,25.151,2002-09-22,NFL,HOU,,IND,L 3-23,3,3,Sun,1,12,12.00,0,BlacAv00
Troy Brown,WR,31.082,2002-09-22,NFL,NWE,,KAN,W 41-38,3,3,Sun,2,18,9.00,0,BrowTr00
Nick Davis,WR,22.351,2002-09-22,NFL,MIN,,CAR,L 14-21,3,3,Sun,3,24,8.00,0,DaviNi00
Eddie Drummond,WR,22.163,2002-09-22,NFL,DET,,GNB,L 31-37,3,3,Sun,2,0,0.00,0,DrumEd00
Bobby Engram,WR,29.258,2002-09-22,NFL,SEA,@,NYG,L 6-9,3,3,Sun,3,45,15.00,0,EngrBo00
Damon Gibson,WR,27.209,2002-09-22,NFL,ATL,,CIN,W 30-3,3,3,Sun,2,25,12.50,0,GibsDa00
Darrien Gordon,CB/K,31.312,2002-09-22,NFL,GNB,@,DET,W 37-31,3,3,Sun,5,15,3.00,0,GordDa20
Jacquez Green,WR,26.250,2002-09-22,NFL,WAS,@,SFO,L 10-20,3,3,Sun,5,33,6.60,0,GreeJa00
Dante Hall,KR/W,24.021,2002-09-22,NFL,KAN,@,NWE,L 38-41,3,3,Sun,2,12,6.00,0,HallDa00
T.J. Houshmandzadeh,WR,24.361,2002-09-22,NFL,CIN,@,ATL,L 3-30,3,3,Sun,1,6,6.00,0,HousTJ00
Arnold Jackson,WR,25.166,2002-09-22,NFL,ARI,,SDG,L 15-23,3,3,Sun,1,6,6.00,0,JackAr00
Albert Johnson,WR,24.315,2002-09-22,NFL,MIA,,NYJ,W 30-3,3,3,Sun,3,26,8.67,0,JohnAl23
Leon Johnson,RB,28.071,2002-09-22,NFL,CHI,,NOR,L 23-29,3,3,Sun,3,8,2.67,0,JohnLe00
Daryl Jones,WR,23.232,2002-09-22,NFL,NYG,,SEA,W 9-6,3,3,Sun,3,1,0.33,0,JoneDa02
Kwamie Lassiter,FS,32.293,2002-09-22,NFL,ARI,,SDG,L 15-23,3,3,Sun,1,10,10.00,0,LassKw20
Jermaine Lewis,WR,27.341,2002-09-22,NFL,HOU,,IND,L 3-23,3,3,Sun,1,4,4.00,0,LewiJe00
Michael Lewis,WR,30.312,2002-09-22,NFL,NOR,@,CHI,W 29-23,3,3,Sun,1,9,9.00,0,LewiMi00
Brian Mitchell,RB/K,34.035,2002-09-22,NFL,PHI,,DAL,W 44-13,3,3,Sun,4,43,10.75,0,MitcBr00
Santana Moss,WR,23.113,2002-09-22,NFL,NYJ,@,MIA,L 3-30,3,3,Sun,1,0,0.00,0,MossSa00
Dennis Northcutt,WR,24.274,2002-09-22,NFL,CLE,@,TEN,W 31-28,3,3,Sun,4,105,26.25,1,NortDe00
Deltha O'Neal,LCB,25.235,2002-09-22,NFL,DEN,,BUF,W 28-23,3,3,Sun,3,15,5.00,0,ONeaDe00
Charlie Rogers,RB,26.095,2002-09-22,NFL,BUF,@,DEN,L 23-28,3,3,Sun,1,0,0.00,0,RogeCh00
John Simon,RB,23.285,2002-09-22,NFL,TEN,,CLE,L 28-31,3,3,Sun,1,30,30.00,0,SimoJo00
Steve Smith,WR,23.133,2002-09-22,NFL,CAR,@,MIN,W 21-14,3,3,Sun,2,1,0.50,0,SmitSt01
Reggie Swinton,WR,27.060,2002-09-22,NFL,DAL,@,PHI,L 13-44,3,3,Sun,1,2,2.00,0,SwinRe00
Tamarick Vanover,WR-K,28.209,2002-09-22,NFL,SDG,@,ARI,W 23-15,3,3,Sun,2,22,11.00,0,VanoTa00
Troy Walters,WR,25.281,2002-09-22,NFL,IND,@,HOU,W 23-3,3,3,Sun,4,64,16.00,0,WaltTr00
Jimmy Williams,CB,23.196,2002-09-22,NFL,SFO,,WAS,W 20-10,3,3,Sun,4,45,11.25,0,WillJi22
Terrence Wilkins,WR,27.056,2002-09-23,NFL,STL,@,TAM,L 14-26,3,3,Mon,1,7,7.00,0,WilkTe00
Karl Williams,WR,31.166,2002-09-23,NFL,TAM,,STL,W 26-14,3,3,Mon,1,0,0.00,0,WillKa00
D'Wayne Bates,WR,26.299,2002-09-29,NFL,MIN,@,SEA,L 23-48,4,4,Sun,2,19,9.50,0,BateDW00
Avion Black,WR,25.158,2002-09-29,NFL,HOU,@,PHI,L 17-35,4,4,Sun,2,15,7.50,0,BlacAv00
Phillip Buchanon,CB,22.010,2002-09-29,NFL,OAK,,TEN,W 52-25,3,4,Sun,2,78,39.00,1,BuchPh20
Nate Clements,RCB,22.291,2002-09-29,NFL,BUF,,CHI,W 33-27,4,4,Sun,1,6,6.00,0,ClemNa99
Bobby Engram,WR,29.265,2002-09-29,NFL,SEA,,MIN,W 48-23,4,4,Sun,1,10,10.00,0,EngrBo00
Kevin Faulk,RB,26.116,2002-09-29,NFL,NWE,@,SDG,L 14-21,4,4,Sun,1,6,6.00,0,FaulKe00
Larry Foster,WR,25.326,2002-09-29,NFL,DET,,NOR,W 26-21,4,4,Sun,1,4,4.00,0,FostLa00
Darrien Gordon,CB/K,31.319,2002-09-29,NFL,GNB,,CAR,W 17-14,4,4,Sun,7,43,6.14,0,GordDa20
Az-Zahir Hakim,WR,25.118,2002-09-29,NFL,DET,,NOR,W 26-21,4,4,Sun,3,29,9.67,0,HakiAz00
Dante Hall,KR/W,24.028,2002-09-29,NFL,KAN,,MIA,W 48-30,4,4,Sun,2,0,0.00,0,HallDa00
Arnold Jackson,WR,25.173,2002-09-29,NFL,ARI,,NYG,W 21-7,4,4,Sun,3,11,3.67,0,JackAr00
Albert Johnson,WR,24.322,2002-09-29,NFL,MIA,@,KAN,L 30-48,4,4,Sun,2,8,4.00,0,JohnAl23
Leon Johnson,RB,28.078,2002-09-29,NFL,CHI,@,BUF,L 27-33,4,4,Sun,2,35,17.50,0,JohnLe00
Daryl Jones,WR,23.239,2002-09-29,NFL,NYG,@,ARI,L 7-21,4,4,Sun,3,27,9.00,0,JoneDa02
Michael Lewis,WR,30.319,2002-09-29,NFL,NOR,@,DET,L 21-26,4,4,Sun,3,20,6.67,0,LewiMi00
Brian Mitchell,RB/K,34.042,2002-09-29,NFL,PHI,,HOU,W 35-17,4,4,Sun,5,20,4.00,0,MitcBr00
Chad Morton,RB/K,25.178,2002-09-29,NFL,NYJ,@,JAX,L 3-28,4,4,Sun,3,51,17.00,0,MortCh00
Dennis Northcutt,WR,24.281,2002-09-29,NFL,CLE,@,PIT,L 13-16,4,4,Sun,2,2,1.00,0,NortDe00
Antwaan Randle El,WR,23.043,2002-09-29,NFL,PIT,,CLE,W 16-13,3,4,Sun,4,14,3.50,0,RandAn00
Charlie Rogers,RB,26.102,2002-09-29,NFL,BUF,,CHI,W 33-27,4,4,Sun,3,3,1.00,0,RogeCh00
Bobby Shaw,WR,27.159,2002-09-29,NFL,JAX,,NYJ,W 28-3,3,4,Sun,2,5,2.50,0,ShawBo00
John Simon,RB,23.292,2002-09-29,NFL,TEN,@,OAK,L 25-52,4,4,Sun,1,14,14.00,0,SimoJo00
Steve Smith,WR,23.140,2002-09-29,NFL,CAR,@,GNB,L 14-17,4,4,Sun,5,31,6.20,0,SmitSt01
Reggie Swinton,WR,27.067,2002-09-29,NFL,DAL,@,STL,W 13-10,4,4,Sun,2,41,20.50,0,SwinRe00
Peter Warrick,WR,25.102,2002-09-29,NFL,CIN,,TAM,L 7-35,4,4,Sun,2,15,7.50,0,WarrPe00
Terrence Wilkins,WR,27.062,2002-09-29,NFL,STL,,DAL,L 10-13,4,4,Sun,3,1,0.33,0,WilkTe00
Karl Williams,WR,31.172,2002-09-29,NFL,TAM,@,CIN,W 35-7,4,4,Sun,5,61,12.20,0,WillKa00
Chris McAlister,RCB,25.108,2002-09-30,NFL,BAL,,DEN,W 34-23,3,4,Mon,3,22,7.33,0,McAlCh00
Deltha O'Neal,LCB,25.243,2002-09-30,NFL,DEN,@,BAL,L 23-34,4,4,Mon,1,24,24.00,0,ONeaDe00
Tyrone Poole,CB,30.239,2002-09-30,NFL,DEN,@,BAL,L 23-34,4,4,Mon,4,24,6.00,0,PoolTy20
Phillip Buchanon,LCB,22.017,2002-10-06,NFL,OAK,@,BUF,W 49-31,4,5,Sun,3,0,0.00,0,BuchPh20
Jacquez Green,WR,26.264,2002-10-06,NFL,WAS,@,TEN,W 31-14,4,5,Sun,3,4,1.33,0,GreeJa00
Dante Hall,WR,24.035,2002-10-06,NFL,KAN,@,NYJ,W 29-25,5,5,Sun,2,18,9.00,0,HallDa00
T.J. Houshmandzadeh,WR,25.010,2002-10-06,NFL,CIN,@,IND,L 21-28,5,5,Sun,1,3,3.00,0,HousTJ00
Arnold Jackson,WR,25.180,2002-10-06,NFL,ARI,@,CAR,W 16-13,5,5,Sun,2,0,0.00,0,JackAr00
Delvin Joyce,RB,24.015,2002-10-06,NFL,NYG,@,DAL,W 21-17,5,5,Sun,2,23,11.50,0,JoycDe00
Michael Lewis,WR,30.326,2002-10-06,NFL,NOR,,PIT,W 32-29,5,5,Sun,4,50,12.50,0,LewiMi00
Chris McAlister,LCB,25.114,2002-10-06,NFL,BAL,@,CLE,W 26-21,4,5,Sun,3,48,16.00,0,McAlCh00
Brian Mitchell,RB/K,34.049,2002-10-06,NFL,PHI,@,JAX,L 25-28,5,5,Sun,3,40,13.33,0,MitcBr00
Dennis Northcutt,WR,24.288,2002-10-06,NFL,CLE,,BAL,L 21-26,5,5,Sun,3,24,8.00,0,NortDe00
Deltha O'Neal,LCB,25.249,2002-10-06,NFL,DEN,,SDG,W 26-9,5,5,Sun,1,14,14.00,0,ONeaDe00
Antwaan Randle El,WR,23.050,2002-10-06,NFL,PIT,@,NOR,L 29-32,4,5,Sun,3,35,11.67,0,RandAn00
Charlie Rogers,RB,26.109,2002-10-06,NFL,BUF,,OAK,L 31-49,5,5,Sun,2,20,10.00,0,RogeCh00
Allen Rossum,CB,26.349,2002-10-06,NFL,ATL,,TAM,L 6-20,4,5,Sun,3,40,13.33,0,RossAl99
Bobby Shaw,WR/P,27.166,2002-10-06,NFL,JAX,,PHI,W 28-25,4,5,Sun,2,73,36.50,1,ShawBo00
John Simon,RB,23.299,2002-10-06,NFL,TEN,,WAS,L 14-31,5,5,Sun,3,27,9.00,0,SimoJo00
Steve Smith,WR,23.147,2002-10-06,NFL,CAR,,ARI,L 13-16,5,5,Sun,5,36,7.20,0,SmitSt01
Reggie Swinton,WR,27.074,2002-10-06,NFL,DAL,,NYG,L 17-21,5,5,Sun,2,16,8.00,0,SwinRe00
Tamarick Vanover,WR-K,28.223,2002-10-06,NFL,SDG,@,DEN,L 9-26,5,5,Sun,2,4,2.00,0,VanoTa00
Troy Walters,WR,25.295,2002-10-06,NFL,IND,,CIN,W 28-21,4,5,Sun,2,33,16.50,0,WaltTr00
Dedric Ward,WR,28.007,2002-10-06,NFL,MIA,,NWE,W 26-13,5,5,Sun,3,39,13.00,0,WardDe00
Peter Warrick,WR,25.109,2002-10-06,NFL,CIN,@,IND,L 21-28,5,5,Sun,2,-1,-0.50,0,WarrPe00
Terrence Wilkins,WR,27.069,2002-10-06,NFL,STL,@,SFO,L 13-37,5,5,Sun,2,4,2.00,0,WilkTe00
Jimmy Williams,CB,23.210,2002-10-06,NFL,SFO,,STL,W 37-13,4,5,Sun,1,20,20.00,0,WillJi22
Tony Carter,FB,30.045,2002-10-07,NFL,GNB,@,CHI,W 34-21,5,5,Mon,1,0,0.00,0,CartTo00
Darrien Gordon,CB/K,31.327,2002-10-07,NFL,GNB,@,CHI,W 34-21,5,5,Mon,4,17,4.25,0,GordDa20
Leon Johnson,RB,28.086,2002-10-07,NFL,CHI,,GNB,L 21-34,5,5,Mon,3,34,11.33,0,JohnLe00
Phillip Buchanon,CB,22.024,2002-10-13,NFL,OAK,@,STL,L 13-28,5,6,Sun,5,55,11.00,0,BuchPh20
Nick Davis,WR,23.007,2002-10-13,NFL,MIN,,DET,W 31-24,5,6,Sun,4,31,7.75,0,DaviNi00
Kevin Faulk,RB,26.130,2002-10-13,NFL,NWE,,GNB,L 10-28,6,6,Sun,4,38,9.50,0,FaulKe00
Brian Finneran,WR,26.255,2002-10-13,NFL,ATL,@,NYG,W 17-10,5,6,Sun,1,0,0.00,0,FinnBr00
Darrien Gordon,CB/K,31.333,2002-10-13,NFL,GNB,@,NWE,W 28-10,6,6,Sun,1,0,0.00,0,GordDa20
Jacquez Green,WR,26.271,2002-10-13,NFL,WAS,,NOR,L 27-43,5,6,Sun,1,-3,-3.00,0,GreeJa00
T.J. Houshmandzadeh,WR-P,25.017,2002-10-13,NFL,CIN,,PIT,L 7-34,6,6,Sun,1,-1,-1.00,0,HousTJ00
Desmond Howard,WR,32.151,2002-10-13,NFL,DET,@,MIN,L 24-31,5,6,Sun,3,14,4.67,0,HowaDe00
Delvin Joyce,RB,24.022,2002-10-13,NFL,NYG,,ATL,L 10-17,6,6,Sun,1,-2,-2.00,0,JoycDe00
Jermaine Lewis,WR,27.362,2002-10-13,NFL,HOU,,BUF,L 24-31,5,6,Sun,2,12,6.00,0,LewiJe00
Michael Lewis,WR,30.333,2002-10-13,NFL,NOR,@,WAS,W 43-27,6,6,Sun,1,83,83.00,1,LewiMi00
Chris McAlister,LCB,25.121,2002-10-13,NFL,BAL,@,IND,L 20-22,5,6,Sun,4,21,5.25,0,McAlCh00
Dennis Northcutt,WR,24.295,2002-10-13,NFL,CLE,@,TAM,L 3-17,6,6,Sun,1,30,30.00,0,NortDe00
Deltha O'Neal,LCB,25.256,2002-10-13,NFL,DEN,,MIA,L 22-24,6,6,Sun,2,28,14.00,0,ONeaDe00
Antwaan Randle El,WR,23.057,2002-10-13,NFL,PIT,@,CIN,W 34-7,5,6,Sun,1,-2,-2.00,0,RandAn00
Charlie Rogers,RB,26.116,2002-10-13,NFL,BUF,@,HOU,W 31-24,6,6,Sun,2,9,4.50,0,RogeCh00
John Simon,RB,23.306,2002-10-13,NFL,TEN,,JAX,W 23-14,6,6,Sun,2,9,4.50,0,SimoJo00
Steve Smith,WR,23.154,2002-10-13,NFL,CAR,@,DAL,L 13-14,6,6,Sun,5,51,10.20,0,SmitSt01
Reggie Swinton,WR,27.081,2002-10-13,NFL,DAL,,CAR,W 14-13,6,6,Sun,5,20,4.00,0,SwinRe00
Tamarick Vanover,WR-K,28.230,2002-10-13,NFL,SDG,,KAN,W 35-34,6,6,Sun,3,14,4.67,0,VanoTa00
Troy Walters,WR,25.302,2002-10-13,NFL,IND,,BAL,W 22-20,5,6,Sun,1,-2,-2.00,0,WaltTr00
Dedric Ward,WR,28.014,2002-10-13,NFL,MIA,@,DEN,W 24-22,6,6,Sun,2,47,23.50,0,WardDe00
Terrence Wilkins,WR,27.076,2002-10-13,NFL,STL,,OAK,W 28-13,6,6,Sun,2,58,29.00,0,WilkTe00
Karl Williams,WR,31.186,2002-10-13,NFL,TAM,,CLE,W 17-3,6,6,Sun,6,120,20.00,0,WillKa00
Bobby Engram,WR,29.280,2002-10-14,NFL,SEA,,SFO,L 21-28,5,6,Mon,1,61,61.00,1,EngrBo00
Lamont Brightful,DB,23.264,2002-10-20,NFL,BAL,,JAX,W 17-10,6,7,Sun,1,17,17.00,0,BrigLa20
Tim Brown*,WR,36.090,2002-10-20,NFL,OAK,,SDG,L 21-27,6,7,Sun,1,9,9.00,0,BrowTi00
Phillip Buchanon,CB,22.031,2002-10-20,NFL,OAK,,SDG,L 21-27,6,7,Sun,1,6,6.00,0,BuchPh20
Nick Davis,WR,23.014,2002-10-20,NFL,MIN,@,NYJ,L 7-20,6,7,Sun,1,6,6.00,0,DaviNi00
Tim Dwight,WR,27.099,2002-10-20,NFL,SDG,@,OAK,W 27-21,7,7,Sun,1,10,10.00,0,DwigTi00
Bobby Engram,WR,29.286,2002-10-20,NFL,SEA,@,STL,L 20-37,6,7,Sun,1,11,11.00,0,EngrBo00
Darrien Gordon,CB/K,31.340,2002-10-20,NFL,GNB,,WAS,W 30-9,7,7,Sun,1,18,18.00,0,GordDa20
Jacquez Green,WR,26.278,2002-10-20,NFL,WAS,@,GNB,L 9-30,6,7,Sun,1,4,4.00,0,GreeJa00
Az-Zahir Hakim,WR,25.139,2002-10-20,NFL,DET,,CHI,W 23-20,6,7,Sun,1,4,4.00,0,HakiAz00
Dante Hall,WR,24.049,2002-10-20,NFL,KAN,,DEN,L 34-37,7,7,Sun,3,44,14.67,0,HallDa00
Arnold Jackson,WR,25.194,2002-10-20,NFL,ARI,,DAL,W 9-6,6,7,Sun,4,40,10.00,0,JackAr00
Leon Johnson,RB,28.099,2002-10-20,NFL,CHI,@,DET,L 20-23,6,7,Sun,2,14,7.00,0,JohnLe00
Kwamie Lassiter,FS,32.321,2002-10-20,NFL,ARI,,DAL,W 9-6,6,7,Sun,1,4,4.00,0,LassKw20
Jermaine Lewis,WR,28.004,2002-10-20,NFL,HOU,@,CLE,L 17-34,6,7,Sun,4,14,3.50,0,LewiJe00
Michael Lewis,WR,30.340,2002-10-20,NFL,NOR,,SFO,W 35-27,7,7,Sun,1,0,0.00,0,LewiMi00
Brian Mitchell,RB/K,34.063,2002-10-20,NFL,PHI,,TAM,W 20-10,6,7,Sun,5,61,12.20,0,MitcBr00
Dennis Northcutt,WR,24.302,2002-10-20,NFL,CLE,,HOU,W 34-17,7,7,Sun,3,17,5.67,0,NortDe00
Deltha O'Neal,LCB,25.263,2002-10-20,NFL,DEN,@,KAN,W 37-34,7,7,Sun,2,0,0.00,0,ONeaDe00
Charlie Rogers,RB,26.123,2002-10-20,NFL,BUF,@,MIA,W 23-10,7,7,Sun,3,22,7.33,0,RogeCh00
Allen Rossum,CB,26.363,2002-10-20,NFL,ATL,,CAR,W 30-0,6,7,Sun,4,27,6.75,0,RossAl99
Bobby Shaw,WR/P,27.180,2002-10-20,NFL,JAX,@,BAL,L 10-17,6,7,Sun,2,23,11.50,0,ShawBo00
Reggie Swinton,WR,27.088,2002-10-20,NFL,DAL,@,ARI,L 6-9,7,7,Sun,1,0,0.00,0,SwinRe00
Bobby Taylor,RCB,28.296,2002-10-20,NFL,PHI,,TAM,W 20-10,6,7,Sun,1,0,0.00,0,TaylBo00
Dedric Ward,WR,28.021,2002-10-20,NFL,MIA,,BUF,L 10-23,7,7,Sun,2,27,13.50,0,WardDe00
Karl Williams,WR,31.193,2002-10-20,NFL,TAM,@,PHI,L 10-20,7,7,Sun,2,30,15.00,0,WillKa00
Antwaan Randle El,WR,23.065,2002-10-21,NFL,PIT,,IND,W 28-10,6,7,Mon,1,0,0.00,0,RandAn00
Troy Walters,WR,25.310,2002-10-21,NFL,IND,@,PIT,L 10-28,6,7,Mon,2,21,10.50,0,WaltTr00
Deion Branch,WR,23.101,2002-10-27,NFL,NWE,,DEN,L 16-24,7,8,Sun,1,40,40.00,0,BranDe00
Tim Brown*,WR,36.097,2002-10-27,NFL,OAK,@,KAN,L 10-20,7,8,Sun,2,0,0.00,0,BrowTi00
Nick Davis,WR,23.021,2002-10-27,NFL,MIN,,CHI,W 25-7,7,8,Sun,2,60,30.00,0,DaviNi00
Bobby Engram,WR,29.293,2002-10-27,NFL,SEA,@,DAL,W 17-14,7,8,Sun,2,15,7.50,0,EngrBo00
Jabar Gaffney,WR,21.330,2002-10-27,NFL,HOU,@,JAX,W 21-19,7,8,Sun,1,-4,-4.00,0,GaffJa00
Jacquez Green,WR,26.285,2002-10-27,NFL,WAS,,IND,W 26-21,7,8,Sun,2,5,2.50,0,GreeJa00
Az-Zahir Hakim,WR,25.146,2002-10-27,NFL,DET,@,BUF,L 17-24,7,8,Sun,1,1,1.00,0,HakiAz00
Dante Hall,WR,24.056,2002-10-27,NFL,KAN,,OAK,W 20-10,8,8,Sun,1,6,6.00,0,HallDa00
Arnold Jackson,WR,25.201,2002-10-27,NFL,ARI,@,SFO,L 28-38,7,8,Sun,4,24,6.00,0,JackAr00
Leon Johnson,RB,28.106,2002-10-27,NFL,CHI,@,MIN,L 7-25,7,8,Sun,1,1,1.00,0,JohnLe00
Jermaine Lewis,WR,28.011,2002-10-27,NFL,HOU,@,JAX,W 21-19,7,8,Sun,4,19,4.75,0,LewiJe00
Michael Lewis,WR,30.347,2002-10-27,NFL,NOR,,ATL,L 35-37,8,8,Sun,2,10,5.00,0,LewiMi00
Chris McAlister,LCB,25.135,2002-10-27,NFL,BAL,,PIT,L 18-31,7,8,Sun,2,2,1.00,0,McAlCh00
Justin McCareins,WR,23.330,2002-10-27,NFL,TEN,@,CIN,W 30-24,7,8,Sun,3,23,7.67,0,McCaJu00
Santana Moss,WR/K,23.148,2002-10-27,NFL,NYJ,,CLE,L 21-24,7,8,Sun,4,103,25.75,1,MossSa00
Dennis Northcutt,WR,24.309,2002-10-27,NFL,CLE,@,NYJ,W 24-21,8,8,Sun,2,11,5.50,0,NortDe00
Deltha O'Neal,LCB,25.270,2002-10-27,NFL,DEN,@,NWE,W 24-16,8,8,Sun,3,1,0.33,0,ONeaDe00
Antwaan Randle El,WR,23.071,2002-10-27,NFL,PIT,@,BAL,W 31-18,7,8,Sun,2,31,15.50,0,RandAn00
Charlie Rogers,RB,26.130,2002-10-27,NFL,BUF,,DET,W 24-17,8,8,Sun,3,13,4.33,0,RogeCh00
Bobby Shaw,WR,27.187,2002-10-27,NFL,JAX,,HOU,L 19-21,7,8,Sun,4,69,17.25,0,ShawBo00
Steve Smith,WR,23.168,2002-10-27,NFL,CAR,,TAM,L 9-12,8,8,Sun,5,7,1.40,0,SmitSt01
Troy Walters,WR,25.316,2002-10-27,NFL,IND,@,WAS,L 21-26,7,8,Sun,2,36,18.00,0,WaltTr00
Jimmy Williams,CB,23.231,2002-10-27,NFL,SFO,,ARI,W 38-28,7,8,Sun,1,40,40.00,0,WillJi22
Karl Williams,WR,31.200,2002-10-27,NFL,TAM,@,CAR,W 12-9,8,8,Sun,4,24,6.00,0,WillKa00
Delvin Joyce,RB,24.037,2002-10-28,NFL,NYG,@,PHI,L 3-17,7,8,Mon,1,12,12.00,0,JoycDe00
Brian Mitchell,RB/K,34.071,2002-10-28,NFL,PHI,,NYG,W 17-3,7,8,Mon,2,19,9.50,0,MitcBr00
Deion Branch,WR,23.108,2002-11-03,NFL,NWE,@,BUF,W 38-7,8,9,Sun,1,18,18.00,0,BranDe00
Bobby Engram,WR,29.300,2002-11-03,NFL,SEA,,WAS,L 3-14,8,9,Sun,3,15,5.00,0,EngrBo00
Joey Galloway,WR,30.348,2002-11-03,NFL,DAL,@,DET,L 7-9,9,9,Sun,2,8,4.00,0,GallJo00
Jacquez Green,WR,26.292,2002-11-03,NFL,WAS,@,SEA,W 14-3,8,9,Sun,1,15,15.00,0,GreeJa00
Az-Zahir Hakim,WR,25.153,2002-11-03,NFL,DET,,DAL,W 9-7,8,9,Sun,5,42,8.40,0,HakiAz00
T.J. Houshmandzadeh,WR-P,25.038,2002-11-03,NFL,CIN,@,HOU,W 38-3,8,9,Sun,2,13,6.50,0,HousTJ00
Arnold Jackson,WR,25.208,2002-11-03,NFL,ARI,,STL,L 14-27,8,9,Sun,1,4,4.00,0,JackAr00
Leon Johnson,RB,28.113,2002-11-03,NFL,CHI,,PHI,L 13-19,8,9,Sun,1,4,4.00,0,JohnLe00
Andre King,WR,28.342,2002-11-03,NFL,CLE,,PIT,L 20-23,9,9,Sun,1,15,15.00,0,KingAn00
Kwamie Lassiter,FS,32.335,2002-11-03,NFL,ARI,,STL,L 14-27,8,9,Sun,1,5,5.00,0,LassKw20
Jermaine Lewis,WR,28.018,2002-11-03,NFL,HOU,,CIN,L 3-38,8,9,Sun,2,40,20.00,0,LewiJe00
Chris McAlister,LCB,25.142,2002-11-03,NFL,BAL,@,ATL,L 17-20,8,9,Sun,1,6,6.00,0,McAlCh00
Justin McCareins,WR,23.337,2002-11-03,NFL,TEN,@,IND,W 23-15,8,9,Sun,1,4,4.00,0,McCaJu00
Brian Mitchell,RB/K,34.077,2002-11-03,NFL,PHI,@,CHI,W 19-13,8,9,Sun,5,67,13.40,0,MitcBr00
Santana Moss,WR/K,23.155,2002-11-03,NFL,NYJ,@,SDG,W 44-13,8,9,Sun,5,116,23.20,1,MossSa00
Dennis Northcutt,WR,24.316,2002-11-03,NFL,CLE,,PIT,L 20-23,9,9,Sun,1,87,87.00,1,NortDe00
Ken-Yon Rambo,WR,24.030,2002-11-03,NFL,DAL,@,DET,L 7-9,9,9,Sun,1,1,1.00,0,RambKe00
Antwaan Randle El,WR,23.078,2002-11-03,NFL,PIT,@,CLE,W 23-20,8,9,Sun,1,11,11.00,0,RandAn00
Allen Rossum,CB,27.012,2002-11-03,NFL,ATL,,BAL,W 20-17,8,9,Sun,3,41,13.67,0,RossAl99
Bobby Shaw,WR,27.194,2002-11-03,NFL,JAX,@,NYG,L 17-24,8,9,Sun,1,9,9.00,0,ShawBo00
Reggie Swinton,WR,27.102,2002-11-03,NFL,DAL,@,DET,L 7-9,9,9,Sun,5,50,10.00,0,SwinRe00
Tamarick Vanover,WR-K,28.251,2002-11-03,NFL,SDG,,NYJ,L 13-44,8,9,Sun,1,13,13.00,0,VanoTa00
Terrence Wilkins,WR,27.097,2002-11-03,NFL,STL,@,ARI,W 27-14,8,9,Sun,2,6,3.00,0,WilkTe00
Jimmy Williams,CB,23.238,2002-11-03,NFL,SFO,@,OAK,W 23-20,8,9,Sun,1,8,8.00,0,WillJi22
Darrien Gordon,CB/K,31.355,2002-11-04,NFL,GNB,,MIA,W 24-10,8,9,Mon,3,8,2.67,0,GordDa20
Dedric Ward,WR,28.036,2002-11-04,NFL,MIA,@,GNB,L 10-24,8,9,Mon,2,5,2.50,0,WardDe00
Lamont Brightful,DB,23.285,2002-11-10,NFL,BAL,,CIN,W 38-27,9,10,Sun,3,103,34.33,1,BrigLa20
Troy Brown,WR,31.131,2002-11-10,NFL,NWE,@,CHI,W 33-30,9,10,Sun,5,47,9.40,0,BrowTr00
Nick Davis,WR,23.035,2002-11-10,NFL,MIN,,NYG,L 20-27,9,10,Sun,3,20,6.67,0,DaviNi00
Eddie Drummond,WR,22.212,2002-11-10,NFL,DET,@,GNB,L 14-40,9,10,Sun,1,0,0.00,0,DrumEd00
Tim Dwight,WR,27.120,2002-11-10,NFL,SDG,@,STL,L 24-28,9,10,Sun,3,33,11.00,0,DwigTi00
Darrien Gordon,CB/K,31.361,2002-11-10,NFL,GNB,,DET,W 40-14,9,10,Sun,5,14,2.80,0,GordDa20
Dante Hall,WR,24.070,2002-11-10,NFL,KAN,@,SFO,L 13-17,9,10,Sun,2,3,1.50,0,HallDa00
T.J. Houshmandzadeh,WR-P,25.045,2002-11-10,NFL,CIN,@,BAL,L 27-38,9,10,Sun,2,10,5.00,0,HousTJ00
Desmond Howard,WR,32.179,2002-11-10,NFL,DET,@,GNB,L 14-40,9,10,Sun,2,1,0.50,0,HowaDe00
Arnold Jackson,WR,25.215,2002-11-10,NFL,ARI,,SEA,L 6-27,9,10,Sun,2,22,11.00,0,JackAr00
Leon Johnson,RB,28.120,2002-11-10,NFL,CHI,,NWE,L 30-33,9,10,Sun,2,27,13.50,0,JohnLe00
Delvin Joyce,RB,24.050,2002-11-10,NFL,NYG,@,MIN,W 27-20,9,10,Sun,1,13,13.00,0,JoycDe00
Jermaine Lewis,WR,28.025,2002-11-10,NFL,HOU,@,TEN,L 10-17,9,10,Sun,3,15,5.00,0,LewiJe00
Michael Lewis,WR,30.361,2002-11-10,NFL,NOR,@,CAR,W 34-24,9,10,Sun,7,98,14.00,0,LewiMi00
Derrick Mason,WR,28.297,2002-11-10,NFL,TEN,,HOU,W 17-10,9,10,Sun,1,4,4.00,0,MasoDe00
Brian Mitchell,RB/K,34.084,2002-11-10,NFL,PHI,,IND,L 13-35,9,10,Sun,2,8,4.00,0,MitcBr00
Santana Moss,WR/K,23.162,2002-11-10,NFL,NYJ,,MIA,W 13-10,9,10,Sun,2,4,2.00,0,MossSa00
Antwaan Randle El,WR,23.085,2002-11-10,NFL,PIT,,ATL,T 34-34,9,10,Sun,4,23,5.75,0,RandAn00
Allen Rossum,CB,27.019,2002-11-10,NFL,ATL,@,PIT,T 34-34,9,10,Sun,2,52,26.00,0,RossAl99
Bobby Shaw,WR,27.201,2002-11-10,NFL,JAX,,WAS,W 26-7,9,10,Sun,2,21,10.50,0,ShawBo00
Steve Smith,WR,23.182,2002-11-10,NFL,CAR,,NOR,L 24-34,9,10,Sun,4,16,4.00,0,SmitSt01
Troy Walters,WR,25.330,2002-11-10,NFL,IND,@,PHI,W 35-13,9,10,Sun,2,17,8.50,0,WaltTr00
Dedric Ward,WR,28.042,2002-11-10,NFL,MIA,@,NYJ,L 10-13,9,10,Sun,2,18,9.00,0,WardDe00
Terrence Wilkins,WR,27.104,2002-11-10,NFL,STL,,SDG,W 28-24,9,10,Sun,2,-6,-3.00,0,WilkTe00
Jimmy Williams,CB,23.245,2002-11-10,NFL,SFO,,KAN,W 17-13,9,10,Sun,1,2,2.00,0,WillJi22
Champ Bailey*,LCB,24.148,2002-11-17,NFL,WAS,@,NYG,L 17-19,10,11,Sun,3,7,2.33,0,BailCh00
Robert Baker,WR,26.187,2002-11-17,NFL,MIA,,BAL,W 26-7,10,11,Sun,2,26,13.00,0,BakeRo00
Lamont Brightful,DB,23.292,2002-11-17,NFL,BAL,@,MIA,L 7-26,10,11,Sun,3,63,21.00,0,BrigLa20
Tim Brown*,WR,36.118,2002-11-17,NFL,OAK,,NWE,W 27-20,10,11,Sun,1,6,6.00,0,BrowTi00
Nick Davis,WR,23.042,2002-11-17,NFL,MIN,,GNB,W 31-21,10,11,Sun,2,11,5.50,0,DaviNi00
Eddie Drummond,WR,22.219,2002-11-17,NFL,DET,,NYJ,L 14-31,10,11,Sun,1,0,0.00,0,DrumEd00
Tim Dwight,WR,27.127,2002-11-17,NFL,SDG,,SFO,W 20-17,10,11,Sun,4,21,5.25,0,DwigTi00
Bobby Engram,WR,29.314,2002-11-17,NFL,SEA,,DEN,L 9-31,10,11,Sun,1,0,0.00,0,EngrBo00
Jabar Gaffney,WR,21.351,2002-11-17,NFL,HOU,,JAX,L 21-24,10,11,Sun,1,1,1.00,0,GaffJa00
Darrien Gordon,CB/K,32.003,2002-11-17,NFL,GNB,@,MIN,L 21-31,10,11,Sun,1,0,0.00,0,GordDa20
Dante Hall,WR,24.077,2002-11-17,NFL,KAN,,BUF,W 17-16,10,11,Sun,3,13,4.33,0,HallDa00
T.J. Houshmandzadeh,WR,25.052,2002-11-17,NFL,CIN,,CLE,L 20-27,10,11,Sun,3,6,2.00,0,HousTJ00
Delvin Joyce,RB,24.057,2002-11-17,NFL,NYG,,WAS,W 19-17,10,11,Sun,4,48,12.00,0,JoycDe00
Kwamie Lassiter,FS,32.349,2002-11-17,NFL,ARI,@,PHI,L 14-38,10,11,Sun,1,2,2.00,0,LassKw20
Jermaine Lewis,WR,28.032,2002-11-17,NFL,HOU,,JAX,L 21-24,10,11,Sun,1,0,0.00,0,LewiJe00
Michael Lewis,WR,31.003,2002-11-17,NFL,NOR,@,ATL,L 17-24,10,11,Sun,2,3,1.50,0,LewiMi00
Derrick Mason,WR,28.304,2002-11-17,NFL,TEN,,PIT,W 31-23,10,11,Sun,1,21,21.00,0,MasoDe00
Brian Mitchell,RB/K,34.091,2002-11-17,NFL,PHI,,ARI,W 38-14,10,11,Sun,1,4,4.00,0,MitcBr00
Santana Moss,WR/K,23.169,2002-11-17,NFL,NYJ,@,DET,W 31-14,10,11,Sun,1,13,13.00,0,MossSa00
Dennis Northcutt,WR,24.330,2002-11-17,NFL,CLE,@,CIN,W 27-20,10,11,Sun,2,19,9.50,0,NortDe00
Deltha O'Neal,LCB,25.291,2002-11-17,NFL,DEN,@,SEA,W 31-9,10,11,Sun,1,0,0.00,0,ONeaDe00
Antwaan Randle El,WR,23.092,2002-11-17,NFL,PIT,@,TEN,L 23-31,10,11,Sun,1,13,13.00,0,RandAn00
Allen Rossum,CB,27.026,2002-11-17,NFL,ATL,,NOR,W 24-17,10,11,Sun,2,12,6.00,0,RossAl99
Bobby Shaw,WR,27.208,2002-11-17,NFL,JAX,@,HOU,W 24-21,10,11,Sun,2,12,6.00,0,ShawBo00
Steve Smith,WR,23.189,2002-11-17,NFL,CAR,@,TAM,L 10-23,10,11,Sun,1,5,5.00,0,SmitSt01
Reggie Swinton,WR,27.116,2002-11-17,NFL,DAL,@,IND,L 3-20,10,11,Sun,1,1,1.00,0,SwinRe00
Troy Walters,WR,25.337,2002-11-17,NFL,IND,,DAL,W 20-3,10,11,Sun,1,2,2.00,0,WaltTr00
Dedric Ward,WR,28.049,2002-11-17,NFL,MIA,,BAL,W 26-7,10,11,Sun,1,18,18.00,0,WardDe00
Jimmy Williams,CB,23.252,2002-11-17,NFL,SFO,@,SDG,L 17-20,10,11,Sun,5,67,13.40,0,WillJi22
Karl Williams,WR,31.221,2002-11-17,NFL,TAM,,CAR,W 23-10,10,11,Sun,3,10,3.33,0,WillKa00
Leon Johnson,RB,28.128,2002-11-18,NFL,CHI,@,STL,L 16-21,10,11,Mon,4,62,15.50,0,JohnLe00
Terrence Wilkins,WR,27.112,2002-11-18,NFL,STL,,CHI,W 21-16,10,11,Mon,1,0,0.00,0,WilkTe00
Champ Bailey*,LCB,24.155,2002-11-24,NFL,WAS,,STL,W 20-17,11,12,Sun,3,47,15.67,0,BailCh00
Robert Baker,WR,26.194,2002-11-24,NFL,MIA,,SDG,W 30-3,11,12,Sun,1,14,14.00,0,BakeRo00
Tim Brown*,WR,36.125,2002-11-24,NFL,OAK,@,ARI,W 41-20,11,12,Sun,1,11,11.00,0,BrowTi00
Troy Brown,WR,31.145,2002-11-24,NFL,NWE,,MIN,W 24-17,11,12,Sun,2,0,0.00,0,BrowTr00
Isaac Byrd,WR,28.008,2002-11-24,NFL,CAR,,ATL,L 0-41,11,12,Sun,1,0,0.00,0,ByrdIs00
Reche Caldwell,WR,23.241,2002-11-24,NFL,SDG,@,MIA,L 3-30,11,12,Sun,1,0,0.00,0,CaldRe00
Jason Craft,RCB,26.284,2002-11-24,NFL,JAX,@,DAL,L 19-21,11,12,Sun,1,1,1.00,0,CrafJa20
Nick Davis,WR,23.049,2002-11-24,NFL,MIN,@,NWE,L 17-24,11,12,Sun,2,9,4.50,0,DaviNi00
Eddie Drummond,WR,22.226,2002-11-24,NFL,DET,@,CHI,L 17-20,11,12,Sun,3,29,9.67,0,DrumEd00
Darrien Gordon,CB/K,32.010,2002-11-24,NFL,GNB,@,TAM,L 7-21,11,12,Sun,2,25,12.50,0,GordDa20
T.J. Houshmandzadeh,WR,25.059,2002-11-24,NFL,CIN,@,PIT,L 21-29,11,12,Sun,1,11,11.00,0,HousTJ00
Arnold Jackson,WR,25.229,2002-11-24,NFL,ARI,,OAK,L 20-41,11,12,Sun,1,12,12.00,0,JackAr00
Leon Johnson,RB,28.134,2002-11-24,NFL,CHI,,DET,W 20-17,11,12,Sun,1,2,2.00,0,JohnLe00
Delvin Joyce,RB,24.064,2002-11-24,NFL,NYG,@,HOU,L 14-16,11,12,Sun,4,25,6.25,0,JoycDe00
Jermaine Lewis,WR,28.039,2002-11-24,NFL,HOU,,NYG,W 16-14,11,12,Sun,3,43,14.33,0,LewiJe00
Michael Lewis,WR,31.010,2002-11-24,NFL,NOR,,CLE,L 15-24,11,12,Sun,2,7,3.50,0,LewiMi00
Derrick Mason,WR,28.311,2002-11-24,NFL,TEN,@,BAL,L 12-13,11,12,Sun,4,19,4.75,0,MasoDe00
Santana Moss,WR/K,23.176,2002-11-24,NFL,NYJ,,BUF,W 31-13,11,12,Sun,1,32,32.00,0,MossSa00
Dennis Northcutt,WR,24.337,2002-11-24,NFL,CLE,@,NOR,W 24-15,11,12,Sun,1,0,0.00,0,NortDe00
Deltha O'Neal,LCB,25.298,2002-11-24,NFL,DEN,,IND,L 20-23,11,12,Sun,1,53,53.00,0,ONeaDe00
Antwaan Randle El,WR,23.099,2002-11-24,NFL,PIT,,CIN,W 29-21,11,12,Sun,4,27,6.75,0,RandAn00
Allen Rossum,CB,27.033,2002-11-24,NFL,ATL,@,CAR,W 41-0,11,12,Sun,3,33,11.00,0,RossAl99
Chad Scott,LCB,28.079,2002-11-24,NFL,PIT,,CIN,W 29-21,11,12,Sun,1,4,4.00,0,ScotCh20
Bobby Shaw,WR,27.215,2002-11-24,NFL,JAX,@,DAL,L 19-21,11,12,Sun,2,37,18.50,0,ShawBo00
Reggie Swinton,WR,27.123,2002-11-24,NFL,DAL,,JAX,W 21-19,11,12,Sun,2,11,5.50,0,SwinRe00
Troy Walters,WR,25.344,2002-11-24,NFL,IND,@,DEN,W 23-20,11,12,Sun,1,0,0.00,0,WaltTr00
Dedric Ward,WR,28.056,2002-11-24,NFL,MIA,,SDG,W 30-3,11,12,Sun,1,0,0.00,0,WardDe00
Karl Williams,WR,31.228,2002-11-24,NFL,TAM,,GNB,W 21-7,11,12,Sun,6,27,4.50,0,WillKa00
Charles Woodson,CB,26.048,2002-11-24,NFL,OAK,@,ARI,W 41-20,11,12,Sun,2,3,1.50,0,WoodCh00
Brian Mitchell,RB/K,34.099,2002-11-25,NFL,PHI,@,SFO,W 38-17,11,12,Mon,3,99,33.00,1,MitcBr00
Jimmy Williams,CB,23.260,2002-11-25,NFL,SFO,,PHI,L 17-38,11,12,Mon,2,5,2.50,0,WillJi22
Champ Bailey*,LCB,24.159,2002-11-28,NFL,WAS,@,DAL,L 20-27,12,13,Thu,5,69,13.80,0,BailCh00
Troy Brown,WR,31.149,2002-11-28,NFL,NWE,@,DET,W 20-12,12,13,Thu,2,2,1.00,0,BrowTr00
Eddie Drummond,WR,22.230,2002-11-28,NFL,DET,,NWE,L 12-20,12,13,Thu,1,0,0.00,0,DrumEd00
Joey Galloway,WR,31.008,2002-11-28,NFL,DAL,,WAS,W 27-20,12,13,Thu,2,30,15.00,0,GallJo00
Lamont Brightful,DB-R,23.306,2002-12-01,NFL,BAL,@,CIN,W 27-23,12,13,Sun,1,7,7.00,0,BrigLa20
Andre' Davis,WR,23.172,2002-12-01,NFL,CLE,,CAR,L 6-13,12,13,Sun,2,9,4.50,0,DaviAn01
Nick Davis,WR,23.056,2002-12-01,NFL,MIN,,ATL,L 24-30,12,13,Sun,2,0,0.00,0,DaviNi00
Tim Dwight,WR,27.141,2002-12-01,NFL,SDG,,DEN,W 30-27,12,13,Sun,2,28,14.00,0,DwigTi00
Bobby Engram,WR,29.328,2002-12-01,NFL,SEA,@,SFO,L 24-31,12,13,Sun,2,17,8.50,0,EngrBo00
Darrien Gordon,CB/K,32.017,2002-12-01,NFL,GNB,,CHI,W 30-20,12,13,Sun,2,16,8.00,0,GordDa20
Dante Hall,WR,24.091,2002-12-01,NFL,KAN,,ARI,W 49-0,12,13,Sun,6,128,21.33,1,HallDa00
T.J. Houshmandzadeh,WR-P,25.066,2002-12-01,NFL,CIN,,BAL,L 23-27,12,13,Sun,3,14,4.67,0,HousTJ00
Arnold Jackson,WR,25.236,2002-12-01,NFL,ARI,@,KAN,L 0-49,12,13,Sun,2,8,4.00,0,JackAr00
Leon Johnson,RB,28.141,2002-12-01,NFL,CHI,@,GNB,L 20-30,12,13,Sun,1,8,8.00,0,JohnLe00
Delvin Joyce,RB,24.071,2002-12-01,NFL,NYG,,TEN,L 29-32,12,13,Sun,2,0,0.00,0,JoycDe00
Jermaine Lewis,WR,28.046,2002-12-01,NFL,HOU,@,IND,L 3-19,12,13,Sun,4,15,3.75,0,LewiJe00
Michael Lewis,WR,31.017,2002-12-01,NFL,NOR,,TAM,W 23-20,12,13,Sun,2,56,28.00,0,LewiMi00
Brian Mitchell,RB/K,34.105,2002-12-01,NFL,PHI,,STL,W 10-3,12,13,Sun,3,31,10.33,0,MitcBr00
Dennis Northcutt,WR,24.344,2002-12-01,NFL,CLE,,CAR,L 6-13,12,13,Sun,2,21,10.50,0,NortDe00
Deltha O'Neal,LCB,25.305,2002-12-01,NFL,DEN,@,SDG,L 27-30,12,13,Sun,2,5,2.50,0,ONeaDe00
Antwaan Randle El,WR,23.106,2002-12-01,NFL,PIT,@,JAX,W 25-23,12,13,Sun,3,6,2.00,0,RandAn00
Charlie Rogers,KR/R,26.165,2002-12-01,NFL,BUF,,MIA,W 38-21,12,13,Sun,1,11,11.00,0,RogeCh00
Allen Rossum,CB,27.040,2002-12-01,NFL,ATL,@,MIN,W 30-24,12,13,Sun,2,10,5.00,0,RossAl99
Steve Smith,WR,23.203,2002-12-01,NFL,CAR,@,CLE,W 13-6,12,13,Sun,1,6,6.00,0,SmitSt01
Troy Walters,WR,25.351,2002-12-01,NFL,IND,,HOU,W 19-3,12,13,Sun,6,-1,-0.17,0,WaltTr00
Terrence Wilkins,WR,27.125,2002-12-01,NFL,STL,@,PHI,L 3-10,12,13,Sun,4,38,9.50,0,WilkTe00
Jimmy Williams,CB,23.266,2002-12-01,NFL,SFO,,SEA,W 31-24,12,13,Sun,2,92,46.00,1,WillJi22
Karl Williams,WR,31.235,2002-12-01,NFL,TAM,@,NOR,L 20-23,12,13,Sun,3,14,4.67,0,WillKa00
Chad Morton,RB/K,25.242,2002-12-02,NFL,NYJ,@,OAK,L 20-26,12,13,Mon,1,0,0.00,0,MortCh00
Santana Moss,WR/K,23.184,2002-12-02,NFL,NYJ,@,OAK,L 20-26,12,13,Mon,2,34,17.00,0,MossSa00
Charles Woodson,CB,26.056,2002-12-02,NFL,OAK,,NYJ,W 26-20,12,13,Mon,2,3,1.50,0,WoodCh00
Champ Bailey*,LCB,24.169,2002-12-08,NFL,WAS,,NYG,L 21-27,13,14,Sun,5,26,5.20,0,BailCh00
Lamont Brightful,DB-R,23.313,2002-12-08,NFL,BAL,,NOR,L 25-37,13,14,Sun,1,3,3.00,0,BrigLa20
Tim Brown*,WR,36.139,2002-12-08,NFL,OAK,@,SDG,W 27-7,13,14,Sun,2,15,7.50,0,BrowTi00
Troy Brown,WR,31.159,2002-12-08,NFL,NWE,,BUF,W 27-17,13,14,Sun,1,27,27.00,0,BrowTr00
Andre' Davis,WR,23.179,2002-12-08,NFL,CLE,@,JAX,W 21-20,13,14,Sun,3,4,1.33,0,DaviAn01
Eddie Drummond,WR,22.240,2002-12-08,NFL,DET,@,ARI,L 20-23,13,14,Sun,5,100,20.00,1,DrumEd00
Tim Dwight,WR,27.148,2002-12-08,NFL,SDG,,OAK,L 7-27,13,14,Sun,2,39,19.50,0,DwigTi00
Bobby Engram,WR,29.335,2002-12-08,NFL,SEA,,PHI,L 20-27,13,14,Sun,2,27,13.50,0,EngrBo00
Jabar Gaffney,WR,22.007,2002-12-08,NFL,HOU,@,PIT,W 24-6,13,14,Sun,1,0,0.00,0,GaffJa00
Joey Galloway,WR,31.018,2002-12-08,NFL,DAL,,SFO,L 27-31,13,14,Sun,2,19,9.50,0,GallJo00
Darrien Gordon,CB/K,32.024,2002-12-08,NFL,GNB,,MIN,W 26-22,13,14,Sun,2,24,12.00,0,GordDa20
Dante Hall,WR,24.098,2002-12-08,NFL,KAN,,STL,W 49-10,13,14,Sun,2,95,47.50,1,HallDa00
Arnold Jackson,WR,25.243,2002-12-08,NFL,ARI,,DET,W 23-20,13,14,Sun,4,8,2.00,0,JackAr00
Jermaine Lewis,WR,28.053,2002-12-08,NFL,HOU,@,PIT,W 24-6,13,14,Sun,3,18,6.00,0,LewiJe00
Michael Lewis,WR,31.024,2002-12-08,NFL,NOR,@,BAL,W 37-25,13,14,Sun,2,18,9.00,0,LewiMi00
Brian Mitchell,RB/K,34.112,2002-12-08,NFL,PHI,@,SEA,W 27-20,13,14,Sun,1,16,16.00,0,MitcBr00
Deltha O'Neal,LCB,25.312,2002-12-08,NFL,DEN,@,NYJ,L 13-19,13,14,Sun,1,9,9.00,0,ONeaDe00
Antwaan Randle El,WR,23.113,2002-12-08,NFL,PIT,,HOU,L 6-24,13,14,Sun,6,40,6.67,0,RandAn00
Charlie Rogers,KR/R,26.172,2002-12-08,NFL,BUF,@,NWE,L 17-27,13,14,Sun,2,9,4.50,0,RogeCh00
Allen Rossum,CB,27.047,2002-12-08,NFL,ATL,@,TAM,L 10-34,13,14,Sun,3,37,12.33,0,RossAl99
Darren Sharper,FS,27.035,2002-12-08,NFL,GNB,,MIN,W 26-22,13,14,Sun,1,0,0.00,0,SharDa00
Bobby Shaw,WR,27.229,2002-12-08,NFL,JAX,,CLE,L 20-21,13,14,Sun,1,1,1.00,0,ShawBo00
John Simon,RB,23.362,2002-12-08,NFL,TEN,,IND,W 27-17,13,14,Sun,1,10,10.00,0,SimoJo00
Steve Smith,WR,23.210,2002-12-08,NFL,CAR,,CIN,W 52-31,13,14,Sun,3,153,51.00,2,SmitSt01
Troy Walters,WR,25.358,2002-12-08,NFL,IND,@,TEN,L 17-27,13,14,Sun,1,0,0.00,0,WaltTr00
Terrence Wilkins,WR,27.132,2002-12-08,NFL,STL,@,KAN,L 10-49,13,14,Sun,3,94,31.33,0,WilkTe00
Jimmy Williams,CB,23.273,2002-12-08,NFL,SFO,@,DAL,W 31-27,13,14,Sun,1,52,52.00,0,WillJi22
Karl Williams,WR,31.242,2002-12-08,NFL,TAM,,ATL,W 34-10,13,14,Sun,1,12,12.00,0,WillKa00
Cedrick Wilson,WR,23.356,2002-12-08,NFL,SFO,@,DAL,W 31-27,13,14,Sun,2,20,10.00,0,WilsCe00
Robert Baker,WR,26.209,2002-12-09,NFL,MIA,,CHI,W 27-9,13,14,Mon,2,1,0.50,0,BakeRo00
Ahmad Merritt,WR,25.307,2002-12-09,NFL,CHI,@,MIA,L 9-27,13,14,Mon,4,36,9.00,0,MerrAh00
Dedric Ward,WR,28.071,2002-12-09,NFL,MIA,,CHI,W 27-9,13,14,Mon,1,5,5.00,0,WardDe00
Champ Bailey*,LCB,24.176,2002-12-15,NFL,WAS,@,PHI,L 21-34,14,15,Sun,2,10,5.00,0,BailCh00
Robert Baker,WR,26.215,2002-12-15,NFL,MIA,,OAK,W 23-17,14,15,Sun,2,14,7.00,0,BakeRo00
Avion Black,WR,25.235,2002-12-15,NFL,HOU,,BAL,L 19-23,14,15,Sun,3,92,30.67,1,BlacAv00
Dre' Bly,RCB,25.207,2002-12-15,NFL,STL,,ARI,W 30-28,14,15,Sun,4,110,27.50,1,BlyxDr00
Lamont Brightful,DB-R,23.320,2002-12-15,NFL,BAL,@,HOU,W 23-19,14,15,Sun,1,28,28.00,0,BrigLa20
Tim Brown*,WR,36.146,2002-12-15,NFL,OAK,@,MIA,L 17-23,14,15,Sun,3,14,4.67,0,BrowTi00
Andre' Davis,WR,23.186,2002-12-15,NFL,CLE,,IND,L 23-28,14,15,Sun,1,5,5.00,0,DaviAn01
Nick Davis,WR,23.070,2002-12-15,NFL,MIN,@,NOR,W 32-31,14,15,Sun,1,0,0.00,0,DaviNi00
Eddie Drummond,WR,22.247,2002-12-15,NFL,DET,,TAM,L 20-23,14,15,Sun,3,4,1.33,0,DrumEd00
Tim Dwight,WR,27.155,2002-12-15,NFL,SDG,@,BUF,L 13-20,14,15,Sun,3,22,7.33,0,DwigTi00
Larry Foster,WR,26.038,2002-12-15,NFL,DET,,TAM,L 20-23,14,15,Sun,1,10,10.00,0,FostLa00
Joey Galloway,WR,31.025,2002-12-15,NFL,DAL,@,NYG,L 7-37,14,15,Sun,2,8,4.00,0,GallJo00
Dante Hall,WR,24.105,2002-12-15,NFL,KAN,@,DEN,L 24-31,14,15,Sun,1,16,16.00,0,HallDa00
T.J. Houshmandzadeh,WR-P,25.080,2002-12-15,NFL,CIN,,JAX,L 15-29,14,15,Sun,4,45,11.25,0,HousTJ00
Arnold Jackson,WR,25.250,2002-12-15,NFL,ARI,@,STL,L 28-30,14,15,Sun,1,22,22.00,0,JackAr00
Darrell Jackson,WR,24.009,2002-12-15,NFL,SEA,@,ATL,W 30-24,14,15,Sun,4,32,8.00,0,JackDa00
Delvin Joyce,RB,24.085,2002-12-15,NFL,NYG,,DAL,W 37-7,14,15,Sun,5,67,13.40,0,JoycDe00
Michael Lewis,WR,31.031,2002-12-15,NFL,NOR,,MIN,L 31-32,14,15,Sun,1,0,0.00,0,LewiMi00
Ahmad Merritt,WR,25.313,2002-12-15,NFL,CHI,,NYJ,W 20-13,14,15,Sun,2,12,6.00,0,MerrAh00
Brian Mitchell,RB/K,34.119,2002-12-15,NFL,PHI,,WAS,W 34-21,14,15,Sun,4,35,8.75,0,MitcBr00
J.J. Moses,WR,23.094,2002-12-15,NFL,GNB,@,SFO,W 20-14,14,15,Sun,2,4,2.00,0,MoseJ.00
Santana Moss,WR/K,23.197,2002-12-15,NFL,NYJ,@,CHI,L 13-20,14,15,Sun,1,8,8.00,0,MossSa00
Deltha O'Neal,CB,25.319,2002-12-15,NFL,DEN,,KAN,W 31-24,14,15,Sun,4,24,6.00,0,ONeaDe00
Hank Poteat,CB,25.107,2002-12-15,NFL,PIT,,CAR,W 30-14,14,15,Sun,4,29,7.25,0,PoteHa20
Charlie Rogers,KR/R,26.179,2002-12-15,NFL,BUF,,SDG,W 20-13,14,15,Sun,3,3,1.00,0,RogeCh00
Bobby Shaw,WR,27.236,2002-12-15,NFL,JAX,@,CIN,W 29-15,14,15,Sun,1,11,11.00,0,ShawBo00
Steve Smith,WR,23.217,2002-12-15,NFL,CAR,@,PIT,L 14-30,14,15,Sun,3,22,7.33,0,SmitSt01
Joe Walker,S,25.271,2002-12-15,NFL,IND,@,CLE,W 28-23,14,15,Sun,2,6,3.00,0,WalkJo20
Troy Walters,WR,26.000,2002-12-15,NFL,IND,@,CLE,W 28-23,14,15,Sun,5,29,5.80,0,WaltTr00
Karl Williams,WR,31.249,2002-12-15,NFL,TAM,@,DET,W 23-20,14,15,Sun,2,-2,-1.00,0,WillKa00
Troy Brown,WR,31.167,2002-12-16,NFL,NWE,@,TEN,L 7-24,14,15,Mon,1,3,3.00,0,BrowTr00
Nick Davis,WR,23.076,2002-12-21,NFL,MIN,,MIA,W 20-17,15,16,Sat,2,13,6.50,0,DaviNi00
Joey Galloway,WR,31.031,2002-12-21,NFL,DAL,,PHI,L 3-27,15,16,Sat,1,71,71.00,0,GallJo00
Brian Mitchell,RB/K,34.125,2002-12-21,NFL,PHI,@,DAL,W 27-3,15,16,Sat,3,38,12.67,0,MitcBr00
Coby Rhinehart,,25.317,2002-12-21,NFL,ARI,,SFO,L 14-17,15,16,Sat,1,18,18.00,0,RhinCo20
Cedrick Wilson,WR,24.004,2002-12-21,NFL,SFO,@,ARI,W 17-14,15,16,Sat,1,6,6.00,0,WilsCe00
Champ Bailey*,LCB,24.183,2002-12-22,NFL,WAS,,HOU,W 26-10,15,16,Sun,1,0,0.00,0,BailCh00
Avion Black,WR,25.242,2002-12-22,NFL,HOU,@,WAS,L 10-26,15,16,Sun,4,37,9.25,0,BlacAv00
Dre' Bly,RCB,25.214,2002-12-22,NFL,STL,@,SEA,L 10-30,15,16,Sun,1,9,9.00,0,BlyxDr00
Bruce Branch,DB,24.099,2002-12-22,NFL,WAS,,HOU,W 26-10,15,16,Sun,2,3,1.50,0,BranBr20
Lamont Brightful,DB-R,23.327,2002-12-22,NFL,BAL,,CLE,L 13-14,15,16,Sun,3,11,3.67,0,BrigLa20
Troy Brown,WR,31.173,2002-12-22,NFL,NWE,,NYJ,L 17-30,15,16,Sun,4,26,6.50,0,BrowTr00
Isaac Byrd,WR,28.036,2002-12-22,NFL,CAR,,CHI,W 24-14,15,16,Sun,1,17,17.00,0,ByrdIs00
Nate Clements,RCB,23.010,2002-12-22,NFL,BUF,@,GNB,L 0-10,15,16,Sun,1,0,0.00,0,ClemNa99
Andre' Davis,WR,23.193,2002-12-22,NFL,CLE,@,BAL,W 14-13,15,16,Sun,1,15,15.00,0,DaviAn01
Eddie Drummond,WR,22.254,2002-12-22,NFL,DET,@,ATL,L 15-36,15,16,Sun,1,0,0.00,0,DrumEd00
Tim Dwight,WR,27.162,2002-12-22,NFL,SDG,@,KAN,L 22-24,15,16,Sun,3,70,23.33,0,DwigTi00
Dante Hall,WR,24.112,2002-12-22,NFL,KAN,,SDG,W 24-22,15,16,Sun,2,17,8.50,0,HallDa00
T.J. Houshmandzadeh,WR-P,25.087,2002-12-22,NFL,CIN,,NOR,W 20-13,15,16,Sun,4,8,2.00,0,HousTJ00
Leon Johnson,RB,28.162,2002-12-22,NFL,CHI,@,CAR,L 14-24,15,16,Sun,3,32,10.67,0,JohnLe00
Michael Lewis,WR,31.038,2002-12-22,NFL,NOR,@,CIN,L 13-20,15,16,Sun,4,40,10.00,0,LewiMi00
Ahmad Merritt,WR,25.320,2002-12-22,NFL,CHI,@,CAR,L 14-24,15,16,Sun,2,12,6.00,0,MerrAh00
J.J. Moses,WR/K,23.101,2002-12-22,NFL,GNB,,BUF,W 10-0,15,16,Sun,3,8,2.67,0,MoseJ.00
Santana Moss,WR/K,23.204,2002-12-22,NFL,NYJ,@,NWE,W 30-17,15,16,Sun,3,47,15.67,0,MossSa00
Deltha O'Neal,LCB,25.326,2002-12-22,NFL,DEN,@,OAK,L 16-28,15,16,Sun,1,44,44.00,0,ONeaDe00
Charlie Rogers,KR/R,26.186,2002-12-22,NFL,BUF,@,GNB,L 0-10,15,16,Sun,3,19,6.33,0,RogeCh00
Allen Rossum,CB,27.061,2002-12-22,NFL,ATL,,DET,W 36-15,15,16,Sun,1,0,0.00,0,RossAl99
Bobby Shaw,WR,27.243,2002-12-22,NFL,JAX,,TEN,L 10-28,15,16,Sun,3,26,8.67,0,ShawBo00
John Simon,RB,24.011,2002-12-22,NFL,TEN,@,JAX,W 28-10,15,16,Sun,4,23,5.75,0,SimoJo00
Steve Smith,WR,23.224,2002-12-22,NFL,CAR,,CHI,W 24-14,15,16,Sun,4,41,10.25,0,SmitSt01
Antwaan Randle El,WR,23.128,2002-12-23,NFL,PIT,@,TAM,W 17-7,15,16,Mon,3,33,11.00,0,RandAn00
Karl Williams,WR,31.257,2002-12-23,NFL,TAM,,PIT,L 7-17,15,16,Mon,2,16,8.00,0,WillKa00
Dante Hall,WR,24.118,2002-12-28,NFL,KAN,@,OAK,L 0-24,16,17,Sat,1,17,17.00,0,HallDa00
Delvin Joyce,RB,24.098,2002-12-28,NFL,NYG,,PHI,W 10-7,16,17,Sat,5,24,4.80,0,JoycDe00
Champ Bailey*,LCB,24.190,2002-12-29,NFL,WAS,,DAL,W 20-14,16,17,Sun,5,60,12.00,0,BailCh00
Avion Black,WR,25.249,2002-12-29,NFL,HOU,,TEN,L 3-13,16,17,Sun,4,32,8.00,0,BlacAv00
Lamont Brightful,DB-R,23.334,2002-12-29,NFL,BAL,@,PIT,L 31-34,16,17,Sun,2,9,4.50,0,BrigLa20
Troy Brown,WR,31.180,2002-12-29,NFL,NWE,,MIA,W 27-24,16,17,Sun,3,13,4.33,0,BrowTr00
Nate Clements,RCB,23.017,2002-12-29,NFL,BUF,,CIN,W 27-9,16,17,Sun,2,14,7.00,0,ClemNa99
Keyuo Craver,CB,22.129,2002-12-29,NFL,NOR,,CAR,L 6-10,16,17,Sun,1,0,0.00,0,CravKe20
Eddie Drummond,WR,22.261,2002-12-29,NFL,DET,,MIN,L 36-38,16,17,Sun,1,5,5.00,0,DrumEd00
Tim Dwight,WR,27.169,2002-12-29,NFL,SDG,,SEA,L 28-31,16,17,Sun,1,8,8.00,0,DwigTi00
Antuan Edwards,S,25.217,2002-12-29,NFL,GNB,@,NYJ,L 17-42,16,17,Sun,1,0,0.00,0,EdwaAn21
Bobby Engram,WR,29.356,2002-12-29,NFL,SEA,@,SDG,W 31-28,16,17,Sun,2,8,4.00,0,EngrBo00
Kevin Faulk,RB,26.207,2002-12-29,NFL,NWE,,MIA,W 27-24,16,17,Sun,2,5,2.50,0,FaulKe00
Brian Finneran,WR,26.332,2002-12-29,NFL,ATL,@,CLE,L 16-24,16,17,Sun,1,0,0.00,0,FinnBr00
Joey Galloway,WR,31.039,2002-12-29,NFL,DAL,@,WAS,L 14-20,16,17,Sun,1,19,19.00,0,GallJo00
T.J. Houshmandzadeh,WR,25.094,2002-12-29,NFL,CIN,@,BUF,L 9-27,16,17,Sun,1,0,0.00,0,HousTJ00
Arnold Jackson,WR,25.264,2002-12-29,NFL,ARI,@,DEN,L 7-37,16,17,Sun,1,3,3.00,0,JackAr00
Dexter Jackson,FS,25.154,2002-12-29,NFL,TAM,@,CHI,W 15-0,16,17,Sun,1,21,21.00,0,JackDe20
Leon Johnson,RB,28.169,2002-12-29,NFL,CHI,,TAM,L 0-15,16,17,Sun,1,13,13.00,0,JohnLe00
Michael Lewis,WR,31.045,2002-12-29,NFL,NOR,,CAR,L 6-10,16,17,Sun,5,139,27.80,0,LewiMi00
Justin McCareins,WR,24.028,2002-12-29,NFL,TEN,@,HOU,W 13-3,16,17,Sun,2,17,8.50,0,McCaJu00
Ahmad Merritt,WR,25.327,2002-12-29,NFL,CHI,,TAM,L 0-15,16,17,Sun,2,11,5.50,0,MerrAh00
Eric Metcalf,RB-K,34.340,2002-12-29,NFL,GNB,@,NYJ,L 17-42,16,17,Sun,3,-1,-0.33,0,MetcEr00
Santana Moss,WR/K,23.211,2002-12-29,NFL,NYJ,,GNB,W 42-17,16,17,Sun,3,28,9.33,0,MossSa00
Dennis Northcutt,WR,25.007,2002-12-29,NFL,CLE,,ATL,W 24-16,16,17,Sun,1,8,8.00,0,NortDe00
Deltha O'Neal,CB,25.333,2002-12-29,NFL,DEN,,ARI,W 37-7,16,17,Sun,3,17,5.67,0,ONeaDe00
Bobby Shaw,WR,27.250,2002-12-29,NFL,JAX,@,IND,L 13-20,16,17,Sun,1,10,10.00,0,ShawBo00
Steve Smith,WR,23.231,2002-12-29,NFL,CAR,@,NOR,W 10-6,16,17,Sun,4,54,13.50,0,SmitSt01
Troy Walters,WR,26.014,2002-12-29,NFL,IND,,JAX,W 20-13,16,17,Sun,3,28,9.33,0,WaltTr00
Dedric Ward,WR,28.091,2002-12-29,NFL,MIA,@,NWE,L 24-27,16,17,Sun,1,4,4.00,0,WardDe00
Karl Williams,WR,31.263,2002-12-29,NFL,TAM,@,CHI,W 15-0,16,17,Sun,1,7,7.00,0,WillKa00
Dre' Bly,RCB,25.222,2002-12-30,NFL,STL,,SFO,W 31-20,16,17,Mon,3,19,6.33,0,BlyxDr00
Cedrick Wilson,WR,24.013,2002-12-30,NFL,SFO,@,STL,L 20-31,16,17,Mon,5,33,6.60,0,WilsCe00
Santana Moss,WR/K,23.217,2003-01-04,NFL,NYJ,,IND,W 41-0,17,18,Sat,2,6,3.00,0,MossSa00
Tyrone Williams,RCB,29.218,2003-01-04,NFL,GNB,,ATL,L 7-27,17,18,Sat,1,0,0.00,0,WillTy20
Delvin Joyce,RB,24.106,2003-01-05,NFL,NYG,@,SFO,L 38-39,17,18,Sun,3,33,11.00,0,JoycDe00
Dennis Northcutt,WR,25.014,2003-01-05,NFL,CLE,@,PIT,L 33-36,17,18,Sun,2,70,35.00,0,NortDe00
Antwaan Randle El,WR,23.141,2003-01-05,NFL,PIT,,CLE,W 36-33,17,18,Sun,4,77,19.25,1,RandAn00
Cedrick Wilson,WR,24.019,2003-01-05,NFL,SFO,,NYG,W 39-38,17,18,Sun,1,0,0.00,0,WilsCe00
Derrick Mason,WR,28.359,2003-01-11,NFL,TEN,,PIT,W 34-31,17,19,Sat,1,9,9.00,0,MasoDe00
Brian Mitchell,RB/K,34.146,2003-01-11,NFL,PHI,,ATL,W 20-6,17,19,Sat,2,4,2.00,0,MitcBr00
Antwaan Randle El,WR,23.147,2003-01-11,NFL,PIT,@,TEN,L 31-34,18,19,Sat,2,14,7.00,0,RandAn00
Allen Rossum,CB,27.081,2003-01-11,NFL,ATL,@,PHI,L 6-20,18,19,Sat,3,26,8.67,0,RossAl99
Vinny Sutherland,WR-K,24.265,2003-01-12,NFL,SFO,@,TAM,L 6-31,18,19,Sun,2,25,12.50,0,SuthVi00
Karl Williams,WR,31.277,2003-01-12,NFL,TAM,,SFO,W 31-6,17,19,Sun,1,12,12.00,0,WillKa00
Derrick Mason,WR,29.002,2003-01-19,NFL,TEN,@,OAK,L 24-41,18,20,Sun,1,11,11.00,0,MasoDe00
Brian Mitchell,RB/K,34.154,2003-01-19,NFL,PHI,,TAM,L 10-27,18,20,Sun,4,34,8.50,0,MitcBr00
Karl Williams,WR,31.284,2003-01-19,NFL,TAM,@,PHI,W 27-10,18,20,Sun,2,12,6.00,0,WillKa00
Darrien Gordon,CB,32.073,2003-01-26,,OAK,N,TAM,,19,20,Sun,3,29,9.67,0,GordDa20
Karl Williams,WR,31.291,2003-01-26,NFL,TAM,N,OAK,W 48-21,19,20,Sun,1,25,25.00,0,WillKa00
