coach,last_year_bonus,max_bonus,other_pay,position,school_name,school_pay,total_pay,year
Nick Saban,500000.0,1100000.0,0.0,coach,Alabama,8307000.0,8307000,2018
Nick Saban,550000.0,700000.0,0.0,coach,Alabama,11132000.0,11132000,2017
Nick Saban,625000.0,700000.0,0.0,coach,Alabama,6939395.0,6939395,2016
Nick Saban,425000.0,700000.0,155086.0,coach,Alabama,6932395.0,7087481,2015
Nick Saban,0.0,700000.0,209984.0,coach,Alabama,6950203.0,7160187,2014
Nick Saban,0.0,700000.0,150000.0,coach,Alabama,5395852.0,5545852,2013
Nick Saban,0.0,700000.0,160071.0,coach,Alabama,5316667.0,5476738,2012
Nick Saban,0.0,700000.0,150000.0,coach,Alabama,4683333.0,4833333,2011
Nick Saban,0.0,700000.0,830683.0,coach,Alabama,5166666.0,5997349,2010
Nick Saban,0.0,700000.0,3675000.0,coach,Alabama,225000.0,3900000,2009
Nick Saban,0.0,700000.0,3278200.0,coach,Alabama,225000.0,3503200,2007
Urban Meyer,350000.0,775000.0,0.0,coach,Ohio State,7600000.0,7600000,2018
Urban Meyer,300000.0,775000.0,0.0,coach,Ohio State,6431240.0,6431240,2017
Urban Meyer,250000.0,775000.0,91800.0,coach,Ohio State,6003000.0,6094800,2016
Urban Meyer,400000.0,775000.0,0.0,coach,Ohio State,5860000.0,5860000,2015
Urban Meyer,0.0,550000.0,50000.0,coach,Ohio State,4486640.0,4536640,2014
Urban Meyer,0.0,550000.0,0.0,coach,Ohio State,4608000.0,4608000,2013
Urban Meyer,0.0,450000.0,50000.0,coach,Ohio State,4250000.0,4300000,2012
Urban Meyer,0.0,575000.0,0.0,coach,Florida,4010000.0,4010000,2010
Urban Meyer,0.0,0.0,3750000.0,coach,Florida,250000.0,4000000,2009
Urban Meyer,0.0,0.0,3144798.0,coach,Florida,238702.0,3383500,2007
Urban Meyer,0.0,454000.0,1032800.0,coach,Florida,491750.0,1524550,2006
Jim Harbaugh,150000.0,1325000.0,0.0,coach,Michigan,7504000.0,7504000,2018
Jim Harbaugh,200000.0,1325000.0,0.0,coach,Michigan,7004000.0,7004000,2017
Jim Harbaugh,0.0,1325000.0,0.0,coach,Michigan,9004000.0,9004000,2016
Jim Harbaugh,0.0,1175000.0,0.0,coach,Michigan,7004000.0,7004000,2015
Jim Harbaugh,0.0,0.0,0.0,coach,Stanford,0.0,0,2010
Jim Harbaugh,0.0,0.0,0.0,coach,Stanford,0.0,0,2009
Jim Harbaugh,0.0,0.0,0.0,coach,Stanford,0.0,0,2007
Jimbo Fisher,0.0,1350000.0,0.0,coach,Texas A&M,7500000.0,7500000,2018
Jimbo Fisher,200000.0,1475000.0,0.0,coach,Florida State,5700000.0,5700000,2017
Jimbo Fisher,100000.0,1475000.0,0.0,coach,Florida State,5250000.0,5250000,2016
Jimbo Fisher,500000.0,1475000.0,0.0,coach,Florida State,5150000.0,5150000,2015
Jimbo Fisher,0.0,1275000.0,0.0,coach,Florida State,3591667.0,3591667,2014
Jimbo Fisher,0.0,675000.0,0.0,coach,Florida State,2750000.0,2750000,2013
Jimbo Fisher,0.0,675000.0,0.0,coach,Florida State,2750000.0,2750000,2012
Jimbo Fisher,0.0,725000.0,0.0,coach,Florida State,2750000.0,2750000,2011
Jimbo Fisher,0.0,675000.0,3500.0,coach,Florida State,1800000.0,1803500,2010
Jimbo Fisher,0.0,26875.0,414000.0,assistant,Florida State,215000.0,629000,2009
Gus Malzahn,375000.0,1400000.0,5656.0,coach,Auburn,6700000.0,6705656,2018
Gus Malzahn,275000.0,1400000.0,1960.0,coach,Auburn,4725000.0,4726960,2017
Gus Malzahn,125000.0,1400000.0,4500.0,coach,Auburn,4725000.0,4729500,2016
Gus Malzahn,125000.0,1400000.0,4500.0,coach,Auburn,4100000.0,4104500,2015
Gus Malzahn,0.0,1400000.0,4500.0,coach,Auburn,3850000.0,3854500,2014
Gus Malzahn,0.0,1250000.0,0.0,coach,Auburn,2440000.0,2440000,2013
Gus Malzahn,0.0,160000.0,3400.0,coach,Arkansas State,856210.0,859610,2012
Gus Malzahn,0.0,365000.0,9600.0,assistant,Auburn,1300000.0,1309600,2011
Gus Malzahn,0.0,165000.0,0.0,assistant,Auburn,500000.0,500000,2010
Gus Malzahn,0.0,112500.0,0.0,assistant,Auburn,350000.0,350000,2009
Kirby Smart,1350000.0,1150000.0,0.0,coach,Georgia,6603600.0,6603600,2018
Kirby Smart,75000.0,1800000.0,0.0,coach,Georgia,3753600.0,3753600,2017
Kirby Smart,0.0,1800000.0,0.0,coach,Georgia,3753600.0,3753600,2016
Kirby Smart,0.0,250000.0,1500.0,assistant,Alabama,1500000.0,1501500,2015
Kirby Smart,0.0,250000.0,5850.0,assistant,Alabama,1350000.0,1355850,2014
Kirby Smart,0.0,230000.0,350.0,assistant,Alabama,1150000.0,1150350,2013
Kirby Smart,0.0,190000.0,0.0,assistant,Alabama,950000.0,950000,2012
Kirby Smart,0.0,170000.0,1500.0,assistant,Alabama,850000.0,851500,2011
Kirby Smart,0.0,150000.0,12350.0,assistant,Alabama,750000.0,762350,2010
Kirby Smart,0.0,72000.0,9350.0,assistant,Alabama,360000.0,369350,2009
Dabo Swinney,500000.0,1125000.0,338350.0,coach,Clemson,6205000.0,6543350,2018
Dabo Swinney,1525000.0,1000000.0,22200.0,coach,Clemson,8504600.0,8526800,2017
Dabo Swinney,1100000.0,1725000.0,5200.0,coach,Clemson,4417500.0,4422700,2016
Dabo Swinney,50000.0,1125000.0,5200.0,coach,Clemson,3300000.0,3305200,2015
Dabo Swinney,0.0,1200000.0,25100.0,coach,Clemson,3150000.0,3175100,2014
Dabo Swinney,0.0,775000.0,10000.0,coach,Clemson,2540024.0,2550024,2013
Dabo Swinney,0.0,775000.0,10000.0,coach,Clemson,2040024.0,2050024,2012
Dabo Swinney,0.0,775000.0,13000.0,coach,Clemson,1833333.0,1846333,2011
Dabo Swinney,0.0,694792.0,18500.0,coach,Clemson,1750000.0,1768500,2010
Dabo Swinney,0.0,875000.0,566850.0,coach,Clemson,250000.0,816850,2009
Dan Mullen,0.0,925000.0,0.0,coach,Florida,6070000.0,6070000,2018
Dan Mullen,150000.0,1150000.0,0.0,coach,Mississippi State,4500000.0,4500000,2017
Dan Mullen,200000.0,900000.0,0.0,coach,Mississippi State,4200000.0,4200000,2016
Dan Mullen,390000.0,900000.0,0.0,coach,Mississippi State,4000000.0,4000000,2015
Dan Mullen,0.0,710000.0,0.0,coach,Mississippi State,3000000.0,3000000,2014
Dan Mullen,0.0,650000.0,0.0,coach,Mississippi State,2700000.0,2700000,2013
Dan Mullen,0.0,650000.0,0.0,coach,Mississippi State,2600000.0,2600000,2012
Dan Mullen,0.0,650000.0,0.0,coach,Mississippi State,2500000.0,2500000,2011
Dan Mullen,0.0,0.0,8295.0,coach,Mississippi State,1200000.0,1208295,2010
Dan Mullen,0.0,100000.0,950000.0,coach,Mississippi State,250000.0,1200000,2009
Tom Herman,75000.0,725000.0,0.0,coach,Texas,5500000.0,5500000,2018
Tom Herman,0.0,725000.0,0.0,coach,Texas,5486316.0,5486316,2017
Tom Herman,137500.0,447500.0,3500.0,coach,Houston,3000000.0,3003500,2016
Tom Herman,0.0,447500.0,0.0,coach,Houston,1450000.0,1450000,2015
Tom Herman,0.0,206250.0,0.0,assistant,Ohio State,550000.0,550000,2014
Tom Herman,0.0,206250.0,0.0,assistant,Ohio State,555000.0,555000,2013
Tom Herman,0.0,105000.0,0.0,assistant,Ohio State,426000.0,426000,2012
Tom Herman,0.0,29050.0,2000.0,assistant,Iowa State,350000.0,352000,2011
Tom Herman,0.0,45000.0,1000.0,assistant,Iowa State,300000.0,301000,2010
Tom Herman,0.0,37500.0,0.0,assistant,Iowa State,250000.0,250000,2009
Scott Frost,0.0,950000.0,0.0,coach,Nebraska,5000000.0,5000000,2018
Scott Frost,45000.0,250000.0,0.0,coach,UCF,2000000.0,2000000,2017
Scott Frost,0.0,250000.0,0.0,coach,UCF,1700000.0,1700000,2016
Scott Frost,0.0,375000.0,0.0,assistant,Oregon,755000.0,755000,2015
Scott Frost,0.0,258333.0,0.0,assistant,Oregon,400000.0,400000,2014
Scott Frost,0.0,222528.0,0.0,assistant,Oregon,367584.0,367584,2013
Scott Frost,0.0,191666.0,0.0,assistant,Oregon,202500.0,202500,2012
Scott Frost,0.0,186666.0,5000.0,assistant,Oregon,195000.0,200000,2011
Scott Frost,0.0,285333.0,0.0,assistant,Oregon,145000.0,145000,2010
Scott Frost,0.0,0.0,5000.0,assistant,Oregon,130000.0,135000,2009
Mike Gundy,62500.0,900000.0,0.0,coach,Oklahoma State,5000000.0,5000000,2018
Mike Gundy,62500.0,900000.0,0.0,coach,Oklahoma State,4200000.0,4200000,2017
Mike Gundy,100000.0,550000.0,0.0,coach,Oklahoma State,3775000.0,3775000,2016
Mike Gundy,62500.0,550000.0,0.0,coach,Oklahoma State,3650000.0,3650000,2015
Mike Gundy,0.0,550000.0,0.0,coach,Oklahoma State,3500000.0,3500000,2014
Mike Gundy,0.0,550000.0,0.0,coach,Oklahoma State,3450000.0,3450000,2013
Mike Gundy,0.0,550000.0,0.0,coach,Oklahoma State,3275000.0,3275000,2012
Mike Gundy,0.0,500000.0,0.0,coach,Oklahoma State,2100000.0,2100000,2011
Mike Gundy,0.0,500000.0,0.0,coach,Oklahoma State,1925000.0,1925000,2010
Mike Gundy,0.0,500000.0,1425000.0,coach,Oklahoma State,375000.0,1800000,2009
Mike Gundy,0.0,684000.0,675000.0,coach,Oklahoma State,275000.0,950000,2007
Mike Gundy,0.0,684000.0,550000.0,coach,Oklahoma State,250000.0,800000,2006
Willie Taggart,0.0,1475000.0,0.0,coach,Florida State,5000000.0,5000000,2018
Willie Taggart,0.0,1825000.0,0.0,coach,Oregon,2900000.0,2900000,2017
Willie Taggart,25000.0,900000.0,4000.0,coach,South Florida,1700000.0,1704000,2016
Willie Taggart,0.0,650000.0,2500.0,coach,South Florida,1150000.0,1152500,2015
Willie Taggart,0.0,650000.0,32000.0,coach,South Florida,1150000.0,1182000,2014
Willie Taggart,0.0,650000.0,0.0,coach,South Florida,1807745.0,1807745,2013
Willie Taggart,0.0,168750.0,4800.0,coach,Western Kentucky,475000.0,479800,2012
Willie Taggart,0.0,144750.0,0.0,coach,Western Kentucky,225000.0,225000,2011
Willie Taggart,0.0,144750.0,0.0,coach,Western Kentucky,225000.0,225000,2010
Willie Taggart,0.0,0.0,0.0,assistant,Stanford,0.0,0,2009
Lovie Smith,50000.0,1000000.0,0.0,coach,Illinois,5000000.0,5000000,2018
Lovie Smith,75000.0,1000000.0,0.0,coach,Illinois,3000000.0,3000000,2017
Lovie Smith,0.0,1000000.0,0.0,coach,Illinois,1809179.0,1809179,2016
Gary Patterson,0.0,0.0,0.0,coach,TCU,4840717.0,4840717,2018
Gary Patterson,0.0,0.0,0.0,coach,TCU,5104077.0,5104077,2017
Gary Patterson,0.0,0.0,0.0,coach,TCU,4014723.0,4014723,2016
Gary Patterson,0.0,0.0,0.0,coach,TCU,3940026.0,3940026,2015
Gary Patterson,0.0,0.0,0.0,coach,TCU,4008150.0,4008150,2014
Gary Patterson,0.0,0.0,0.0,coach,TCU,3120760.0,3120760,2013
Gary Patterson,0.0,0.0,0.0,coach,TCU,3467926.0,3467926,2012
Gary Patterson,0.0,0.0,0.0,coach,TCU,2018362.0,2018362,2011
Gary Patterson,0.0,0.0,0.0,coach,TCU,1642089.0,1642089,2010
Gary Patterson,0.0,0.0,0.0,coach,TCU,1800000.0,1800000,2009
Gary Patterson,0.0,0.0,0.0,coach,TCU,1219212.0,1219212,2007
Gary Patterson,0.0,0.0,0.0,coach,TCU,952162.0,952162,2006
James Franklin,300000.0,1000000.0,0.0,coach,Penn State,4800000.0,4800000,2018
James Franklin,900000.0,1000000.0,0.0,coach,Penn State,4600000.0,4600000,2017
James Franklin,200000.0,1000000.0,0.0,coach,Penn State,4500000.0,4500000,2016
James Franklin,200000.0,1000000.0,0.0,coach,Penn State,4400000.0,4400000,2015
James Franklin,0.0,1000000.0,0.0,coach,Penn State,4300000.0,4300000,2014
James Franklin,0.0,0.0,0.0,coach,Vanderbilt,1842771.0,1842771,2013
James Franklin,0.0,0.0,0.0,coach,Vanderbilt,0.0,0,2012
James Franklin,0.0,0.0,0.0,coach,Vanderbilt,0.0,0,2011
James Franklin,0.0,160000.0,0.0,assistant,Maryland,486500.0,486500,2010
James Franklin,0.0,160000.0,165000.0,assistant,Maryland,303954.0,468954,2009
Lincoln Riley,180000.0,700000.0,0.0,coach,Oklahoma,4800000.0,4800000,2018
Lincoln Riley,0.0,700000.0,0.0,coach,Oklahoma,2116666.0,2116666,2017
Lincoln Riley,0.0,119000.0,5000.0,assistant,Oklahoma,900000.0,905000,2016
Lincoln Riley,0.0,70000.0,0.0,assistant,Oklahoma,500000.0,500000,2015
Lincoln Riley,0.0,0.0,3800.0,assistant,East Carolina,275000.0,278800,2014
Lincoln Riley,0.0,0.0,1725.0,assistant,East Carolina,200000.0,201725,2013
Lincoln Riley,0.0,0.0,1800.0,assistant,East Carolina,151800.0,153600,2012
Lincoln Riley,0.0,0.0,1725.0,assistant,East Carolina,150000.0,151725,2011
Lincoln Riley,0.0,150000.0,0.0,assistant,East Carolina,150000.0,150000,2010
Lincoln Riley,0.0,15833.0,7500.0,assistant,Texas Tech,190000.0,197500,2009
Kirk Ferentz,600000.0,2875000.0,0.0,coach,Iowa,4700000.0,4700000,2018
Kirk Ferentz,600000.0,2875000.0,0.0,coach,Iowa,4550000.0,4550000,2017
Kirk Ferentz,900000.0,2875000.0,0.0,coach,Iowa,4500000.0,4500000,2016
Kirk Ferentz,25000.0,2375000.0,0.0,coach,Iowa,4075000.0,4075000,2015
Kirk Ferentz,0.0,1750000.0,0.0,coach,Iowa,4075000.0,4075000,2014
Kirk Ferentz,0.0,1750000.0,0.0,coach,Iowa,3985000.0,3985000,2013
Kirk Ferentz,0.0,1750000.0,0.0,coach,Iowa,3835000.0,3835000,2012
Kirk Ferentz,0.0,1750000.0,0.0,coach,Iowa,3785000.0,3785000,2011
Kirk Ferentz,0.0,1750000.0,6000.0,coach,Iowa,3775000.0,3781000,2010
Kirk Ferentz,0.0,1000000.0,4500.0,coach,Iowa,3020000.0,3024500,2009
Kirk Ferentz,0.0,1000000.0,10000.0,coach,Iowa,3020000.0,3030000,2007
Kirk Ferentz,0.0,1000000.0,0.0,coach,Iowa,2840000.0,2840000,2006
Mark Dantonio,125000.0,650000.0,0.0,coach,Michigan State,4390417.0,4390417,2018
Mark Dantonio,0.0,650000.0,10000.0,coach,Michigan State,4380492.0,4390492,2017
Mark Dantonio,475000.0,650000.0,0.0,coach,Michigan State,4300000.0,4300000,2016
Mark Dantonio,250000.0,650000.0,0.0,coach,Michigan State,3671520.0,3671520,2015
Mark Dantonio,0.0,650000.0,24300.0,coach,Michigan State,5611845.0,5636145,2014
Mark Dantonio,0.0,650000.0,0.0,coach,Michigan State,1959744.0,1959744,2013
Mark Dantonio,0.0,650000.0,0.0,coach,Michigan State,1934250.0,1934250,2012
Mark Dantonio,0.0,650000.0,0.0,coach,Michigan State,1918000.0,1918000,2011
Mark Dantonio,0.0,660000.0,0.0,coach,Michigan State,1796700.0,1796700,2010
Mark Dantonio,0.0,725000.0,984000.0,coach,Michigan State,827260.0,1811260,2009
Mark Dantonio,0.0,650000.0,550000.0,coach,Michigan State,600000.0,1150000,2007
Mark Dantonio,0.0,701667.0,225000.0,coach,Cincinnati,270000.0,495000,2006
Chris Petersen,300000.0,1050000.0,2500.0,coach,Washington,4375000.0,4377500,2018
Chris Petersen,675000.0,1050000.0,2500.0,coach,Washington,4125000.0,4127500,2017
Chris Petersen,150000.0,1175000.0,5847.0,coach,Washington,3600000.0,3605847,2016
Chris Petersen,200000.0,1175000.0,2940.0,coach,Washington,3400000.0,3402940,2015
Chris Petersen,0.0,1175000.0,0.0,coach,Washington,3681720.0,3681720,2014
Chris Petersen,0.0,290000.0,3500.0,coach,Boise State,2148000.0,2151500,2013
Chris Petersen,0.0,290000.0,3500.0,coach,Boise State,1956333.0,1959833,2012
Chris Petersen,0.0,170000.0,0.0,coach,Boise State,1525000.0,1525000,2011
Chris Petersen,0.0,145000.0,5000.0,coach,Boise State,1489053.0,1494053,2010
Chris Petersen,0.0,227313.0,127900.0,coach,Boise State,995250.0,1123150,2009
Chris Petersen,0.0,215833.0,23500.0,coach,Boise State,857500.0,881000,2007
Chris Petersen,0.0,186667.0,9300.0,coach,Boise State,502500.0,511800,2006
David Shaw,0.0,0.0,0.0,coach,Stanford,4311543.0,4311543,2018
David Shaw,0.0,0.0,0.0,coach,Stanford,5680441.0,5680441,2017
David Shaw,0.0,0.0,0.0,coach,Stanford,4067219.0,4067219,2016
David Shaw,0.0,0.0,0.0,coach,Stanford,2224435.0,2224435,2015
David Shaw,0.0,0.0,0.0,coach,Stanford,2012666.0,2012666,2014
David Shaw,0.0,0.0,0.0,coach,Stanford,0.0,0,2013
David Shaw,0.0,0.0,0.0,coach,Stanford,0.0,0,2012
David Shaw,0.0,0.0,0.0,coach,Stanford,0.0,0,2011
David Shaw,0.0,0.0,0.0,assistant,Stanford,0.0,0,2010
David Shaw,0.0,0.0,0.0,assistant,Stanford,0.0,0,2009
Will Muschamp,100000.0,1400000.0,0.0,coach,South Carolina,4200000.0,4200000,2018
Will Muschamp,125000.0,1075000.0,0.0,coach,South Carolina,3100000.0,3100000,2017
Will Muschamp,0.0,1075000.0,2500.0,coach,South Carolina,3000000.0,3002500,2016
Will Muschamp,0.0,130000.0,0.0,assistant,Auburn,1600000.0,1600000,2015
Will Muschamp,0.0,454000.0,6500.0,coach,Florida,2724500.0,2731000,2014
Will Muschamp,0.0,454000.0,10000.0,coach,Florida,2724500.0,2734500,2013
Will Muschamp,0.0,450000.0,0.0,coach,Florida,2474500.0,2474500,2012
Will Muschamp,0.0,450000.0,0.0,coach,Florida,3221000.0,3221000,2011
Will Muschamp,0.0,95000.0,7000.0,assistant,Texas,900000.0,907000,2010
Will Muschamp,0.0,93150.0,57500.0,assistant,Texas,850000.0,907500,2009
Mark Richt,0.0,0.0,0.0,coach,Miami (FL),4058061.0,4058061,2018
Mark Richt,0.0,0.0,0.0,coach,Miami (FL),0.0,0,2017
Mark Richt,0.0,0.0,0.0,coach,Miami (FL),0.0,0,2016
Mark Richt,75000.0,1800000.0,124000.0,coach,Georgia,4000000.0,4124000,2015
Mark Richt,0.0,1000000.0,114000.0,coach,Georgia,3200000.0,3314000,2014
Mark Richt,0.0,1000000.0,114000.0,coach,Georgia,3200000.0,3314000,2013
Mark Richt,0.0,1000000.0,114000.0,coach,Georgia,2811340.0,2925340,2012
Mark Richt,0.0,525000.0,128400.0,coach,Georgia,2811400.0,2939800,2011
Mark Richt,0.0,600000.0,126400.0,coach,Georgia,2811340.0,2937740,2010
Mark Richt,0.0,475000.0,2287236.0,coach,Georgia,809340.0,3096576,2009
Mark Richt,0.0,400000.0,1446600.0,coach,Georgia,578100.0,2024700,2007
Mark Richt,0.0,400000.0,1443000.0,coach,Georgia,270000.0,1713000,2006
Mark Stoops,300000.0,3100000.0,13600.0,coach,Kentucky,4000000.0,4013600,2018
Mark Stoops,425000.0,3100000.0,13600.0,coach,Kentucky,3750000.0,3763600,2017
Mark Stoops,50000.0,2800000.0,13600.0,coach,Kentucky,3500000.0,3513600,2016
Mark Stoops,125000.0,2775000.0,13600.0,coach,Kentucky,3250000.0,3263600,2015
Mark Stoops,0.0,1475000.0,1600.0,coach,Kentucky,2700000.0,2701600,2014
Mark Stoops,0.0,1475000.0,0.0,coach,Kentucky,2001250.0,2001250,2013
Mark Stoops,0.0,37179.0,10000.0,assistant,Florida State,581150.0,591150,2012
Mark Stoops,0.0,37179.0,10000.0,assistant,Florida State,446150.0,456150,2011
Mark Stoops,0.0,23654.0,0.0,assistant,Florida State,400000.0,400000,2010
Mark Stoops,0.0,0.0,2900.0,assistant,Arizona,281014.0,283914,2009
Justin Fuente,75000.0,435000.0,0.0,coach,Virginia Tech,4000000.0,4000000,2018
Justin Fuente,125000.0,435000.0,0.0,coach,Virginia Tech,3250000.0,3250000,2017
Justin Fuente,0.0,400000.0,0.0,coach,Virginia Tech,3200000.0,3200000,2016
Justin Fuente,235000.0,725000.0,0.0,coach,Memphis,1400000.0,1400000,2015
Justin Fuente,0.0,725000.0,0.0,coach,Memphis,1006779.0,1006779,2014
Justin Fuente,0.0,625000.0,0.0,coach,Memphis,956779.0,956779,2013
Justin Fuente,0.0,625000.0,0.0,coach,Memphis,903285.0,903285,2012
Justin Fuente,0.0,0.0,0.0,assistant,TCU,0.0,0,2011
Justin Fuente,0.0,0.0,0.0,assistant,TCU,0.0,0,2010
Justin Fuente,0.0,0.0,0.0,assistant,TCU,0.0,0,2009
Bobby Petrino,869917.0,1472917.0,0.0,coach,Louisville,3980434.0,3980434,2018
Bobby Petrino,989584.0,1468750.0,0.0,coach,Louisville,3930434.0,3930434,2017
Bobby Petrino,794667.0,1464583.0,30000.0,coach,Louisville,3880434.0,3910434,2016
Bobby Petrino,782667.0,1341667.0,3500.0,coach,Louisville,3000000.0,3003500,2015
Bobby Petrino,0.0,1266667.0,0.0,coach,Louisville,3000000.0,3000000,2014
Bobby Petrino,0.0,355000.0,0.0,coach,Western Kentucky,855600.0,855600,2013
Bobby Petrino,0.0,650000.0,3000.0,coach,Arkansas,3635000.0,3638000,2011
Bobby Petrino,0.0,475000.0,13000.0,coach,Arkansas,2700000.0,2713000,2010
Bobby Petrino,0.0,550000.0,958000.0,coach,Arkansas,1900000.0,2858000,2009
Bobby Petrino,0.0,766667.0,941000.0,coach,Louisville,810000.0,1751000,2006
Jeremy Pruitt,0.0,1200000.0,0.0,coach,Tennessee,3846000.0,3846000,2018
Jeremy Pruitt,0.0,286000.0,0.0,assistant,Alabama,1300000.0,1300000,2017
Jeremy Pruitt,0.0,220000.0,0.0,assistant,Alabama,1000000.0,1000000,2016
Jeremy Pruitt,0.0,225000.0,0.0,assistant,Georgia,1300000.0,1300000,2015
Jeremy Pruitt,0.0,210000.0,0.0,assistant,Georgia,851600.0,851600,2014
Jeremy Pruitt,0.0,90833.0,3450.0,assistant,Florida State,500000.0,503450,2013
Jeremy Pruitt,0.0,52000.0,0.0,assistant,Alabama,260000.0,260000,2012
Jeremy Pruitt,0.0,79000.0,1000.0,assistant,Alabama,395000.0,396000,2011
Jeremy Pruitt,0.0,38000.0,0.0,assistant,Alabama,190000.0,190000,2010
Jeff Brohm,180000.0,1290000.0,0.0,coach,Purdue,3800000.0,3800000,2018
Jeff Brohm,0.0,1200000.0,0.0,coach,Purdue,3333333.0,3333333,2017
Jeff Brohm,150000.0,450000.0,3120.0,coach,Western Kentucky,805600.0,808720,2016
Jeff Brohm,100000.0,450000.0,3120.0,coach,Western Kentucky,610800.0,613920,2015
Jeff Brohm,0.0,550000.0,0.0,coach,Western Kentucky,600000.0,600000,2014
Jeff Brohm,0.0,25000.0,0.0,assistant,Western Kentucky,150000.0,150000,2013
Jeff Brohm,0.0,0.0,1200.0,assistant,UAB,170000.0,171200,2012
Jeff Brohm,0.0,24700.0,0.0,assistant,Illinois,190000.0,190000,2011
Jeff Brohm,0.0,22360.0,120.0,assistant,Illinois,172000.0,172120,2010
Jeff Brohm,0.0,0.0,0.0,assistant,Florida Atlantic,50000.0,50000,2009
Kyle Whittingham,279167.0,935000.0,0.0,coach,Utah,3787917.0,3787917,2018
Kyle Whittingham,330833.0,935000.0,0.0,coach,Utah,3687917.0,3687917,2017
Kyle Whittingham,334167.0,935000.0,0.0,coach,Utah,3650000.0,3650000,2016
Kyle Whittingham,195000.0,935000.0,0.0,coach,Utah,2600000.0,2600000,2015
Kyle Whittingham,0.0,740000.0,0.0,coach,Utah,2200000.0,2200000,2014
Kyle Whittingham,0.0,740000.0,0.0,coach,Utah,2427100.0,2427100,2013
Kyle Whittingham,0.0,740000.0,0.0,coach,Utah,2000000.0,2000000,2012
Kyle Whittingham,0.0,740000.0,0.0,coach,Utah,1700000.0,1700000,2011
Kyle Whittingham,0.0,485000.0,0.0,coach,Utah,1175000.0,1175000,2010
Kyle Whittingham,0.0,485000.0,937500.0,coach,Utah,270000.0,1207500,2009
Kyle Whittingham,0.0,350000.0,467000.0,coach,Utah,211120.0,678120,2007
Kyle Whittingham,0.0,280000.0,467000.0,coach,Utah,205000.0,672000,2006
Paul Chryst,290000.0,0.0,0.0,coach,Wisconsin,3750000.0,3750000,2018
Paul Chryst,260000.0,0.0,0.0,coach,Wisconsin,3200000.0,3200000,2017
Paul Chryst,100000.0,440000.0,6200.0,coach,Wisconsin,2700000.0,2706200,2016
Paul Chryst,0.0,440000.0,0.0,coach,Wisconsin,2300000.0,2300000,2015
Paul Chryst,0.0,0.0,0.0,coach,Pittsburgh,1578757.0,1578757,2014
Paul Chryst,0.0,0.0,0.0,coach,Pittsburgh,0.0,0,2013
Paul Chryst,0.0,0.0,0.0,coach,Pittsburgh,0.0,0,2012
Paul Chryst,0.0,91500.0,1750.0,assistant,Wisconsin,405000.0,406750,2011
Paul Chryst,0.0,122500.0,675.0,assistant,Wisconsin,360419.0,361094,2010
Paul Chryst,0.0,105000.0,11554.0,assistant,Wisconsin,350000.0,361554,2009
Kliff Kingsbury,25000.0,1500000.0,0.0,coach,Texas Tech,3703975.0,3703975,2018
Kliff Kingsbury,90000.0,1500000.0,0.0,coach,Texas Tech,3503975.0,3503975,2017
Kliff Kingsbury,50000.0,1500000.0,0.0,coach,Texas Tech,3306575.0,3306575,2016
Kliff Kingsbury,70000.0,1500000.0,39500.0,coach,Texas Tech,3108000.0,3147500,2015
Kliff Kingsbury,0.0,1500000.0,300.0,coach,Texas Tech,2605000.0,2605300,2014
Kliff Kingsbury,0.0,600000.0,300.0,coach,Texas Tech,1855000.0,1855300,2013
Kliff Kingsbury,0.0,80000.0,0.0,assistant,Texas A&M,406000.0,406000,2012
Kliff Kingsbury,0.0,29000.0,0.0,assistant,Houston,145000.0,145000,2011
Kliff Kingsbury,0.0,24000.0,0.0,assistant,Houston,120000.0,120000,2010
Pat Fitzgerald,0.0,0.0,0.0,coach,Northwestern,3619775.0,3619775,2018
Pat Fitzgerald,0.0,0.0,0.0,coach,Northwestern,3305818.0,3305818,2017
Pat Fitzgerald,0.0,0.0,0.0,coach,Northwestern,3350638.0,3350638,2016
Pat Fitzgerald,0.0,0.0,0.0,coach,Northwestern,2490858.0,2490858,2015
Pat Fitzgerald,0.0,0.0,0.0,coach,Northwestern,2480967.0,2480967,2014
Pat Fitzgerald,0.0,0.0,0.0,coach,Northwestern,2221153.0,2221153,2013
Pat Fitzgerald,0.0,0.0,0.0,coach,Northwestern,1280751.0,1280751,2012
Pat Fitzgerald,0.0,0.0,0.0,coach,Northwestern,1189961.0,1189961,2011
Pat Fitzgerald,0.0,0.0,0.0,coach,Northwestern,0.0,0,2010
Pat Fitzgerald,0.0,0.0,0.0,coach,Northwestern,0.0,0,2009
Pat Fitzgerald,0.0,0.0,0.0,coach,Northwestern,0.0,0,2007
Pat Fitzgerald,0.0,0.0,0.0,coach,Northwestern,0.0,0,2006
Dana Holgorsen,90000.0,1000000.0,12500.0,coach,West Virginia,3605000.0,3617500,2018
Dana Holgorsen,185000.0,750000.0,0.0,coach,West Virginia,3505000.0,3505000,2017
Dana Holgorsen,60000.0,600000.0,0.0,coach,West Virginia,2980000.0,2980000,2016
Dana Holgorsen,35000.0,600000.0,0.0,coach,West Virginia,2880000.0,2880000,2015
Dana Holgorsen,0.0,600000.0,0.0,coach,West Virginia,3080000.0,3080000,2014
Dana Holgorsen,0.0,600000.0,0.0,coach,West Virginia,2630000.0,2630000,2013
Dana Holgorsen,0.0,600000.0,0.0,coach,West Virginia,2380000.0,2380000,2012
Dana Holgorsen,0.0,600000.0,0.0,coach,West Virginia,1490000.0,1490000,2011
Dana Holgorsen,0.0,0.0,0.0,assistant,Oklahoma State,360000.0,360000,2010
Dana Holgorsen,0.0,66200.0,0.0,assistant,Houston,187200.0,187200,2009
Bronco Mendenhall,75000.0,2165000.0,0.0,coach,Virginia,3550000.0,3550000,2018
Bronco Mendenhall,0.0,2165000.0,0.0,coach,Virginia,3400000.0,3400000,2017
Bronco Mendenhall,0.0,2445000.0,0.0,coach,Virginia,3275000.0,3275000,2016
Bronco Mendenhall,0.0,0.0,0.0,coach,Brigham Young,0.0,0,2015
Bronco Mendenhall,0.0,0.0,0.0,coach,Brigham Young,0.0,0,2014
Bronco Mendenhall,0.0,0.0,0.0,coach,Brigham Young,0.0,0,2013
Bronco Mendenhall,0.0,0.0,0.0,coach,Brigham Young,0.0,0,2012
Bronco Mendenhall,0.0,0.0,0.0,coach,Brigham Young,0.0,0,2011
Bronco Mendenhall,0.0,0.0,0.0,coach,Brigham Young,0.0,0,2010
Bronco Mendenhall,0.0,0.0,0.0,coach,Brigham Young,0.0,0,2009
Bronco Mendenhall,0.0,0.0,0.0,coach,Brigham Young,0.0,0,2007
Bronco Mendenhall,0.0,0.0,0.0,coach,Brigham Young,0.0,0,2006
P.J. Fleck,0.0,900000.0,0.0,coach,Minnesota,3550000.0,3550000,2018
P.J. Fleck,0.0,900000.0,0.0,coach,Minnesota,3500000.0,3500000,2017
P.J. Fleck,128500.0,336000.0,4000.0,coach,Western Michigan,816360.0,820360,2016
P.J. Fleck,78750.0,336000.0,2500.0,coach,Western Michigan,800000.0,802500,2015
P.J. Fleck,0.0,236000.0,0.0,coach,Western Michigan,392500.0,392500,2014
P.J. Fleck,0.0,236000.0,0.0,coach,Western Michigan,392500.0,392500,2013
P.J. Fleck,0.0,42500.0,7000.0,assistant,Rutgers,170000.0,177000,2011
P.J. Fleck,0.0,33750.0,1400.0,assistant,Rutgers,135000.0,136400,2010
P.J. Fleck,0.0,16668.0,300.0,assistant,Northern Illinois,70008.0,70308,2009
Bill Snyder,50000.0,580000.0,0.0,coach,Kansas State,3500000.0,3500000,2018
Bill Snyder,50000.0,580000.0,5000.0,coach,Kansas State,3200000.0,3205000,2017
Bill Snyder,50000.0,580000.0,6000.0,coach,Kansas State,3100000.0,3106000,2016
Bill Snyder,150000.0,580000.0,0.0,coach,Kansas State,3000000.0,3000000,2015
Bill Snyder,0.0,580000.0,0.0,coach,Kansas State,2900000.0,2900000,2014
Bill Snyder,0.0,580000.0,3000.0,coach,Kansas State,2800000.0,2803000,2013
Bill Snyder,0.0,455000.0,0.0,coach,Kansas State,2200000.0,2200000,2012
Bill Snyder,0.0,455000.0,0.0,coach,Kansas State,1925000.0,1925000,2011
Bill Snyder,0.0,455000.0,0.0,coach,Kansas State,1875000.0,1875000,2010
Bill Snyder,0.0,455000.0,308333.0,coach,Kansas State,1541667.0,1850000,2009
Chad Morris,0.0,1000000.0,0.0,coach,Arkansas,3500000.0,3500000,2018
Chad Morris,0.0,0.0,0.0,coach,Southern Methodist,2095793.0,2095793,2017
Chad Morris,0.0,0.0,0.0,coach,Southern Methodist,0.0,0,2016
Chad Morris,0.0,0.0,0.0,coach,Southern Methodist,0.0,0,2015
Chad Morris,0.0,120417.0,1250.0,assistant,Clemson,1300000.0,1301250,2014
Chad Morris,0.0,120417.0,9650.0,assistant,Clemson,1300000.0,1309650,2013
Chad Morris,0.0,120417.0,6500.0,assistant,Clemson,1300000.0,1306500,2012
Chad Morris,0.0,120417.0,0.0,assistant,Clemson,450000.0,450000,2011
Chad Morris,0.0,0.0,0.0,assistant,Tulsa,0.0,0,2010
Ed Orgeron,100000.0,1575000.0,0.0,coach,LSU,3500000.0,3500000,2018
Ed Orgeron,25000.0,1575000.0,0.0,coach,LSU,3500000.0,3500000,2017
Ed Orgeron,0.0,75000.0,11000.0,assistant,LSU,610000.0,621000,2016
Ed Orgeron,0.0,75000.0,0.0,assistant,LSU,465000.0,465000,2015
Ed Orgeron,0.0,0.0,0.0,assistant,USC,0.0,0,2013
Ed Orgeron,0.0,0.0,0.0,assistant,USC,0.0,0,2012
Ed Orgeron,0.0,0.0,0.0,assistant,USC,0.0,0,2011
Ed Orgeron,0.0,0.0,0.0,assistant,USC,0.0,0,2010
Ed Orgeron,0.0,50000.0,375000.0,assistant,Tennessee,275000.0,650000,2009
Ed Orgeron,0.0,0.0,700000.0,coach,Ole Miss,200000.0,900000,2007
Ed Orgeron,0.0,0.0,5000.0,coach,Ole Miss,900000.0,905000,2006
Matt Campbell,650000.0,750000.0,0.0,coach,Iowa State,3500000.0,3500000,2018
Matt Campbell,0.0,1000000.0,0.0,coach,Iowa State,2100000.0,2100000,2017
Matt Campbell,0.0,900000.0,0.0,coach,Iowa State,2000000.0,2000000,2016
Matt Campbell,137500.0,450000.0,1450.0,coach,Toledo,495000.0,496450,2015
Matt Campbell,0.0,450000.0,12037.0,coach,Toledo,470500.0,482537,2014
Matt Campbell,0.0,400000.0,2500.0,coach,Toledo,455000.0,457500,2013
Matt Campbell,0.0,305000.0,450.0,coach,Toledo,360000.0,360450,2012
Matt Campbell,0.0,1500.0,0.0,assistant,Toledo,120000.0,120000,2011
Matt Campbell,0.0,0.0,0.0,assistant,Toledo,120000.0,120000,2010
Matt Campbell,0.0,1500.0,0.0,assistant,Toledo,120000.0,120000,2009
Mike Leach,75000.0,725000.0,0.0,coach,Washington State,3500000.0,3500000,2018
Mike Leach,75000.0,725000.0,0.0,coach,Washington State,3075000.0,3075000,2017
Mike Leach,100000.0,725000.0,0.0,coach,Washington State,2950000.0,2950000,2016
Mike Leach,0.0,625000.0,0.0,coach,Washington State,2750000.0,2750000,2015
Mike Leach,0.0,625000.0,0.0,coach,Washington State,2750000.0,2750000,2014
Mike Leach,0.0,625000.0,0.0,coach,Washington State,2250000.0,2250000,2013
Mike Leach,0.0,640000.0,0.0,coach,Washington State,2250000.0,2250000,2012
Mike Leach,0.0,650000.0,1600000.0,coach,Texas Tech,1100000.0,2700000,2009
Mike Leach,0.0,325000.0,1361500.0,coach,Texas Tech,300000.0,1661500,2007
Mike Leach,0.0,375000.0,1300000.0,coach,Texas Tech,300000.0,1600000,2006
Chip Kelly,0.0,1085000.0,0.0,coach,UCLA,3300000.0,3300000,2018
Chip Kelly,0.0,900000.0,0.0,coach,Oregon,3500000.0,3500000,2012
Chip Kelly,0.0,1035000.0,0.0,coach,Oregon,2800000.0,2800000,2011
Chip Kelly,0.0,885000.0,0.0,coach,Oregon,2400000.0,2400000,2010
Chip Kelly,0.0,1275000.0,650000.0,coach,Oregon,850000.0,1500000,2009
Paul Johnson,225000.0,1330000.0,0.0,coach,Georgia Tech,3060018.0,3060018,2018
Paul Johnson,425000.0,1050000.0,0.0,coach,Georgia Tech,2970891.0,2970891,2017
Paul Johnson,235000.0,1050000.0,2000.0,coach,Georgia Tech,2884361.0,2886361,2016
Paul Johnson,450000.0,1050000.0,2000.0,coach,Georgia Tech,2800000.0,2802000,2015
Paul Johnson,0.0,1275000.0,2500.0,coach,Georgia Tech,2588000.0,2590500,2014
Paul Johnson,0.0,1025000.0,2500.0,coach,Georgia Tech,2513000.0,2515500,2013
Paul Johnson,0.0,1025000.0,5000.0,coach,Georgia Tech,2440700.0,2445700,2012
Paul Johnson,0.0,1125000.0,0.0,coach,Georgia Tech,2369000.0,2369000,2011
Paul Johnson,0.0,1125000.0,0.0,coach,Georgia Tech,2300000.0,2300000,2010
Paul Johnson,0.0,1025000.0,1975000.0,coach,Georgia Tech,325000.0,2300000,2009
Paul Johnson,0.0,0.0,0.0,coach,Navy,1049311.0,1049311,2007
Paul Johnson,0.0,0.0,0.0,coach,Navy,1003309.0,1003309,2006
Pat Narduzzi,0.0,0.0,0.0,coach,Pittsburgh,3017718.0,3017718,2018
Pat Narduzzi,0.0,0.0,0.0,coach,Pittsburgh,1827735.0,1827735,2017
Pat Narduzzi,0.0,0.0,0.0,coach,Pittsburgh,0.0,0,2016
Pat Narduzzi,0.0,0.0,0.0,coach,Pittsburgh,0.0,0,2015
Pat Narduzzi,0.0,0.0,2000.0,assistant,Michigan State,905033.0,907033,2014
Pat Narduzzi,0.0,0.0,1700.0,assistant,Michigan State,557208.0,558908,2013
Pat Narduzzi,0.0,0.0,1700.0,assistant,Michigan State,500000.0,501700,2012
Pat Narduzzi,0.0,0.0,0.0,assistant,Michigan State,235000.0,235000,2011
Pat Narduzzi,0.0,0.0,2250.0,assistant,Michigan State,233000.0,235250,2010
Pat Narduzzi,0.0,38250.0,0.0,assistant,Michigan State,229500.0,229500,2009
Dave Doeren,275000.0,1350000.0,0.0,coach,North Carolina State,3000000.0,3000000,2018
Dave Doeren,150000.0,1750000.0,0.0,coach,North Carolina State,2212600.0,2212600,2017
Dave Doeren,125000.0,1750000.0,0.0,coach,North Carolina State,2200000.0,2200000,2016
Dave Doeren,100000.0,1750000.0,0.0,coach,North Carolina State,2200000.0,2200000,2015
Dave Doeren,0.0,1000000.0,0.0,coach,North Carolina State,1800000.0,1800000,2014
Dave Doeren,0.0,1000000.0,5000.0,coach,North Carolina State,2550000.0,2555000,2013
Dave Doeren,0.0,205000.0,3000.0,coach,Northern Illinois,420000.0,423000,2012
Dave Doeren,0.0,205000.0,0.0,coach,Northern Illinois,371000.0,371000,2011
Dave Doeren,0.0,83055.0,626.0,assistant,Wisconsin,249979.0,250605,2010
Dave Doeren,0.0,83055.0,10804.0,assistant,Wisconsin,237300.0,248104,2009
Matt Luke,0.0,1550000.0,0.0,coach,Ole Miss,3000000.0,3000000,2018
Matt Luke,0.0,0.0,0.0,coach,Ole Miss,1160000.0,1160000,2017
Matt Luke,0.0,67800.0,300.0,assistant,Ole Miss,565000.0,565300,2016
Matt Luke,0.0,55800.0,200.0,assistant,Ole Miss,465000.0,465200,2015
Matt Luke,0.0,0.0,200.0,assistant,Ole Miss,335000.0,335200,2014
Matt Luke,0.0,0.0,10000.0,assistant,Ole Miss,300000.0,310000,2013
Matt Luke,0.0,22800.0,0.0,assistant,Ole Miss,285000.0,285000,2012
Matt Luke,0.0,0.0,0.0,assistant,Duke,0.0,0,2011
Matt Luke,0.0,0.0,0.0,assistant,Duke,0.0,0,2010
Matt Luke,0.0,0.0,0.0,assistant,Duke,0.0,0,2009
Mike MacIntyre,297000.0,2150000.0,0.0,coach,Colorado,2878500.0,2878500,2018
Mike MacIntyre,772500.0,2150000.0,0.0,coach,Colorado,2803500.0,2803500,2017
Mike MacIntyre,300000.0,1500000.0,400.0,coach,Colorado,2011050.0,2011450,2016
Mike MacIntyre,292000.0,1500000.0,575.0,coach,Colorado,2009778.0,2010353,2015
Mike MacIntyre,0.0,1500000.0,1650.0,coach,Colorado,2008500.0,2010150,2014
Mike MacIntyre,0.0,1500000.0,0.0,coach,Colorado,2403500.0,2403500,2013
Mike MacIntyre,0.0,300835.0,10000.0,coach,San Jose State,401820.0,411820,2012
Mike MacIntyre,0.0,300835.0,10000.0,coach,San Jose State,401820.0,411820,2011
Mike MacIntyre,0.0,300835.0,2000.0,coach,San Jose State,401820.0,403820,2010
Mike MacIntyre,0.0,0.0,0.0,assistant,Duke,0.0,0,2009
Derek Mason,0.0,0.0,0.0,coach,Vanderbilt,2812523.0,2812523,2018
Derek Mason,0.0,0.0,0.0,coach,Vanderbilt,2721834.0,2721834,2017
Derek Mason,0.0,0.0,0.0,coach,Vanderbilt,2556877.0,2556877,2016
Derek Mason,0.0,0.0,0.0,coach,Vanderbilt,0.0,0,2015
Derek Mason,0.0,0.0,0.0,coach,Vanderbilt,0.0,0,2014
Derek Mason,0.0,0.0,0.0,assistant,Stanford,0.0,0,2013
Derek Mason,0.0,0.0,0.0,assistant,Stanford,0.0,0,2012
Derek Mason,0.0,0.0,0.0,assistant,Stanford,0.0,0,2011
Derek Mason,0.0,0.0,0.0,assistant,Stanford,0.0,0,2010
Clay Helton,0.0,0.0,0.0,coach,USC,2625965.0,2625965,2018
Clay Helton,0.0,0.0,0.0,coach,USC,0.0,0,2017
Clay Helton,0.0,0.0,0.0,coach,USC,0.0,0,2016
Clay Helton,0.0,0.0,0.0,assistant,USC,0.0,0,2015
Clay Helton,0.0,0.0,0.0,assistant,USC,0.0,0,2014
Clay Helton,0.0,0.0,0.0,assistant,USC,0.0,0,2013
Clay Helton,0.0,0.0,0.0,assistant,USC,0.0,0,2012
Clay Helton,0.0,0.0,0.0,assistant,USC,0.0,0,2011
Clay Helton,0.0,0.0,0.0,assistant,USC,0.0,0,2010
Clay Helton,0.0,14167.0,0.0,assistant,Memphis,170000.0,170000,2009
Mike Norvell,185000.0,775000.0,0.0,coach,Memphis,2600000.0,2600000,2018
Mike Norvell,125000.0,570000.0,0.0,coach,Memphis,1860000.0,1860000,2017
Mike Norvell,0.0,570000.0,0.0,coach,Memphis,1800000.0,1800000,2016
Mike Norvell,0.0,490000.0,85.0,assistant,Arizona State,950000.0,950085,2015
Mike Norvell,0.0,490000.0,1560.0,assistant,Arizona State,900000.0,901560,2014
Mike Norvell,0.0,123334.0,2420.0,assistant,Arizona State,500000.0,502420,2013
Mike Norvell,0.0,0.0,0.0,assistant,Arizona State,320000.0,320000,2012
Mike Norvell,0.0,0.0,0.0,assistant,Pittsburgh,0.0,0,2011
Mike Norvell,0.0,0.0,0.0,assistant,Tulsa,0.0,0,2010
Mike Norvell,0.0,0.0,0.0,assistant,Tulsa,0.0,0,2009
Joe Moorhead,0.0,1350000.0,0.0,coach,Mississippi State,2600000.0,2600000,2018
Joe Moorhead,0.0,0.0,0.0,assistant,Penn State,0.0,0,2017
Joe Moorhead,0.0,0.0,0.0,assistant,Penn State,0.0,0,2016
Joe Moorhead,0.0,33333.0,0.0,assistant,Connecticut,200000.0,200000,2011
Joe Moorhead,0.0,28333.0,0.0,assistant,Connecticut,170000.0,170000,2010
Joe Moorhead,0.0,28333.0,0.0,assistant,Connecticut,170000.0,170000,2009
Larry Fedora,50000.0,900000.0,0.0,coach,North Carolina,2575000.0,2575000,2018
Larry Fedora,50000.0,900000.0,0.0,coach,North Carolina,2290000.0,2290000,2017
Larry Fedora,58500.0,348444.0,0.0,coach,North Carolina,1986265.0,1986265,2016
Larry Fedora,29250.0,346250.0,0.0,coach,North Carolina,1931000.0,1931000,2015
Larry Fedora,0.0,345835.0,0.0,coach,North Carolina,1830000.0,1830000,2014
Larry Fedora,0.0,345835.0,0.0,coach,North Carolina,1730000.0,1730000,2013
Larry Fedora,0.0,29167.0,0.0,coach,North Carolina,2448605.0,2448605,2012
Larry Fedora,0.0,387500.0,19500.0,coach,Southern Miss,685000.0,704500,2011
Larry Fedora,0.0,165000.0,19500.0,coach,Southern Miss,685000.0,704500,2010
Larry Fedora,0.0,160000.0,394500.0,coach,Southern Miss,341602.0,736102,2009
David Cutcliffe,0.0,0.0,0.0,coach,Duke,2540928.0,2540928,2018
David Cutcliffe,0.0,0.0,0.0,coach,Duke,2613638.0,2613638,2017
David Cutcliffe,0.0,0.0,0.0,coach,Duke,2320773.0,2320773,2016
David Cutcliffe,0.0,0.0,0.0,coach,Duke,2049055.0,2049055,2015
David Cutcliffe,0.0,0.0,0.0,coach,Duke,1840341.0,1840341,2014
David Cutcliffe,0.0,0.0,0.0,coach,Duke,1792285.0,1792285,2013
David Cutcliffe,0.0,0.0,0.0,coach,Duke,1788523.0,1788523,2012
David Cutcliffe,0.0,0.0,0.0,coach,Duke,1762895.0,1762895,2011
David Cutcliffe,0.0,0.0,0.0,coach,Duke,1581903.0,1581903,2010
David Cutcliffe,0.0,0.0,0.0,coach,Duke,0.0,0,2009
Steve Addazio,0.0,0.0,0.0,coach,Boston College,2514859.0,2514859,2018
Steve Addazio,0.0,0.0,0.0,coach,Boston College,2448949.0,2448949,2017
Steve Addazio,0.0,0.0,0.0,coach,Boston College,2333628.0,2333628,2016
Steve Addazio,0.0,0.0,0.0,coach,Boston College,2585655.0,2585655,2015
Steve Addazio,0.0,0.0,0.0,coach,Boston College,0.0,0,2014
Steve Addazio,0.0,0.0,0.0,coach,Boston College,0.0,0,2013
Steve Addazio,0.0,0.0,0.0,coach,Temple,0.0,0,2012
Steve Addazio,0.0,0.0,0.0,coach,Temple,0.0,0,2011
Steve Addazio,0.0,150000.0,0.0,assistant,Florida,385000.0,385000,2010
Steve Addazio,0.0,0.0,10000.0,assistant,Florida,200000.0,210000,2009
DJ Durkin,0.0,625000.0,0.0,coach,Maryland,2512000.0,2512000,2018
DJ Durkin,25000.0,625000.0,0.0,coach,Maryland,2462000.0,2462000,2017
DJ Durkin,0.0,625000.0,0.0,coach,Maryland,2412000.0,2412000,2016
DJ Durkin,0.0,133333.0,0.0,assistant,Michigan,880000.0,880000,2015
DJ Durkin,0.0,197500.0,500.0,assistant,Florida,500000.0,500500,2014
DJ Durkin,0.0,197500.0,500.0,assistant,Florida,500000.0,500500,2013
DJ Durkin,0.0,136000.0,0.0,assistant,Florida,350000.0,350000,2012
DJ Durkin,0.0,106000.0,0.0,assistant,Florida,275000.0,275000,2011
DJ Durkin,0.0,96000.0,0.0,assistant,Florida,250000.0,250000,2010
DJ Durkin,0.0,0.0,0.0,assistant,Stanford,0.0,0,2009
Mario Cristobal,0.0,1825000.0,0.0,coach,Oregon,2500000.0,2500000,2018
Mario Cristobal,0.0,130000.0,0.0,assistant,Oregon,700000.0,700000,2017
Mario Cristobal,0.0,115500.0,0.0,assistant,Alabama,525000.0,525000,2016
Mario Cristobal,0.0,113300.0,2000.0,assistant,Alabama,515000.0,517000,2015
Mario Cristobal,0.0,110000.0,2000.0,assistant,Alabama,500000.0,502000,2014
Mario Cristobal,0.0,95000.0,0.0,assistant,Alabama,475000.0,475000,2013
Mario Cristobal,0.0,145000.0,0.0,coach,Florida International,522183.0,522183,2012
Mario Cristobal,0.0,50000.0,0.0,coach,Florida International,497183.0,497183,2011
Mario Cristobal,0.0,50000.0,0.0,coach,Florida International,437382.0,437382,2010
Mario Cristobal,0.0,50000.0,0.0,coach,Florida International,403000.0,403000,2009
Mario Cristobal,0.0,50000.0,0.0,coach,Florida International,381076.0,381076,2007
Dino Babers,0.0,0.0,0.0,coach,Syracuse,2401206.0,2401206,2018
Dino Babers,0.0,0.0,0.0,coach,Syracuse,0.0,0,2017
Dino Babers,0.0,0.0,0.0,coach,Syracuse,0.0,0,2016
Dino Babers,107500.0,245000.0,0.0,coach,Bowling Green,413000.0,413000,2015
Dino Babers,0.0,130000.0,0.0,coach,Bowling Green,405000.0,405000,2014
Dino Babers,0.0,0.0,0.0,assistant,Baylor,0.0,0,2011
Dino Babers,0.0,0.0,0.0,assistant,Baylor,0.0,0,2010
Dino Babers,0.0,0.0,0.0,assistant,Baylor,0.0,0,2009
Barry Odom,375000.0,1025000.0,0.0,coach,Missouri,2350000.0,2350000,2018
Barry Odom,162500.0,1025000.0,0.0,coach,Missouri,2350000.0,2350000,2017
Barry Odom,0.0,1025000.0,0.0,coach,Missouri,2350000.0,2350000,2016
Barry Odom,0.0,213750.0,0.0,assistant,Missouri,625000.0,625000,2015
Barry Odom,0.0,31009.0,0.0,assistant,Memphis,372113.0,372113,2014
Barry Odom,0.0,26009.0,0.0,assistant,Memphis,312113.0,312113,2013
Barry Odom,0.0,25000.0,0.0,assistant,Memphis,300000.0,300000,2012
Barry Odom,0.0,69083.0,0.0,assistant,Missouri,201000.0,201000,2011
Barry Odom,0.0,69084.0,10800.0,assistant,Missouri,191000.0,201800,2010
Barry Odom,0.0,63667.0,10800.0,assistant,Missouri,191000.0,201800,2009
Chris Ash,50000.0,960000.0,0.0,coach,Rutgers,2200000.0,2200000,2018
Chris Ash,50000.0,960000.0,0.0,coach,Rutgers,2100000.0,2100000,2017
Chris Ash,0.0,960000.0,0.0,coach,Rutgers,2000000.0,2000000,2016
Chris Ash,0.0,221850.0,0.0,assistant,Ohio State,580000.0,580000,2015
Chris Ash,0.0,195000.0,0.0,assistant,Ohio State,590000.0,590000,2014
Chris Ash,0.0,45833.0,0.0,assistant,Arkansas,550000.0,550000,2013
Chris Ash,0.0,92750.0,2050.0,assistant,Wisconsin,265000.0,267050,2012
Chris Ash,0.0,63000.0,1600.0,assistant,Wisconsin,210000.0,211600,2011
Chris Ash,0.0,57230.0,0.0,assistant,Wisconsin,163600.0,163600,2010
Chris Ash,0.0,22500.0,0.0,assistant,Iowa State,150000.0,150000,2009
Ken Niumatalolo,0.0,0.0,0.0,coach,Navy,2163000.0,2163000,2018
Ken Niumatalolo,0.0,0.0,0.0,coach,Navy,2000000.0,2000000,2017
Ken Niumatalolo,0.0,0.0,0.0,coach,Navy,2000000.0,2000000,2016
Ken Niumatalolo,0.0,0.0,0.0,coach,Navy,1637803.0,1637803,2015
Ken Niumatalolo,0.0,0.0,0.0,coach,Navy,1574810.0,1574810,2014
Ken Niumatalolo,0.0,0.0,0.0,coach,Navy,1514240.0,1514240,2013
Ken Niumatalolo,0.0,0.0,0.0,coach,Navy,1605370.0,1605370,2012
Ken Niumatalolo,0.0,0.0,0.0,coach,Navy,1538190.0,1538190,2011
Ken Niumatalolo,0.0,0.0,0.0,coach,Navy,1852868.0,1852868,2010
Ken Niumatalolo,0.0,0.0,0.0,coach,Navy,468464.0,468464,2009
Brian Kelly,0.0,0.0,0.0,coach,Notre Dame,2129638.0,2129638,2018
Brian Kelly,0.0,0.0,0.0,coach,Notre Dame,1645867.0,1645867,2017
Brian Kelly,0.0,0.0,0.0,coach,Notre Dame,1624730.0,1624730,2016
Brian Kelly,0.0,0.0,0.0,coach,Notre Dame,1187272.0,1187272,2015
Brian Kelly,0.0,0.0,0.0,coach,Notre Dame,1457284.0,1457284,2014
Brian Kelly,0.0,0.0,0.0,coach,Notre Dame,1088179.0,1088179,2013
Brian Kelly,0.0,0.0,0.0,coach,Notre Dame,2424301.0,2424301,2012
Brian Kelly,0.0,0.0,0.0,coach,Notre Dame,0.0,0,2011
Brian Kelly,0.0,0.0,0.0,coach,Notre Dame,0.0,0,2010
Brian Kelly,0.0,400000.0,1047500.0,coach,Cincinnati,315000.0,1362500,2009
Brian Kelly,0.0,380000.0,450000.0,coach,Cincinnati,385000.0,835000,2007
Brian Kelly,0.0,14500.0,25500.0,coach,Central Michigan,159397.0,184897,2006
Luke Fickell,0.0,625000.0,0.0,coach,Cincinnati,2000000.0,2000000,2018
Luke Fickell,0.0,625000.0,0.0,coach,Cincinnati,1900000.0,1900000,2017
Luke Fickell,0.0,286875.0,0.0,assistant,Ohio State,754500.0,754500,2016
Luke Fickell,0.0,244800.0,0.0,assistant,Ohio State,640000.0,640000,2015
Luke Fickell,0.0,225000.0,0.0,assistant,Ohio State,600000.0,600000,2014
Luke Fickell,0.0,225000.0,5000.0,assistant,Ohio State,605000.0,610000,2013
Luke Fickell,0.0,187500.0,5000.0,assistant,Ohio State,756000.0,761000,2012
Luke Fickell,0.0,150000.0,0.0,coach,Ohio State,1172000.0,1172000,2011
Luke Fickell,0.0,42932.0,0.0,assistant,Ohio State,257600.0,257600,2010
Luke Fickell,0.0,41667.0,0.0,assistant,Ohio State,250000.0,250000,2009
Kevin Sumlin,0.0,2025000.0,400000.0,coach,Arizona,1600000.0,2000000,2018
Kevin Sumlin,100000.0,1050000.0,0.0,coach,Texas A&M,5000000.0,5000000,2017
Kevin Sumlin,50000.0,1350000.0,0.0,coach,Texas A&M,5000000.0,5000000,2016
Kevin Sumlin,50000.0,1350000.0,0.0,coach,Texas A&M,5000000.0,5000000,2015
Kevin Sumlin,0.0,750000.0,6000.0,coach,Texas A&M,5000000.0,5006000,2014
Kevin Sumlin,0.0,750000.0,300.0,coach,Texas A&M,3100000.0,3100300,2013
Kevin Sumlin,0.0,625000.0,300.0,coach,Texas A&M,2436000.0,2436300,2012
Kevin Sumlin,0.0,500000.0,0.0,coach,Houston,1200000.0,1200000,2011
Kevin Sumlin,0.0,500000.0,0.0,coach,Houston,1000000.0,1000000,2010
Kevin Sumlin,0.0,325000.0,400000.0,coach,Houston,350000.0,750000,2009
Herm Edwards,0.0,3010000.0,0.0,coach,Arizona State,2000000.0,2000000,2018
Jonathan Smith,0.0,1275000.0,0.0,coach,Oregon State,1900008.0,1900008,2018
Jonathan Smith,0.0,91000.0,0.0,assistant,Washington,700008.0,700008,2017
Jonathan Smith,0.0,96000.0,1530.0,assistant,Washington,440004.0,441534,2016
Jonathan Smith,0.0,70000.0,1500.0,assistant,Washington,425004.0,426504,2015
Jonathan Smith,0.0,70000.0,0.0,assistant,Washington,425004.0,425004,2014
Jonathan Smith,0.0,17435.0,100.0,assistant,Boise State,248706.0,248806,2013
Jonathan Smith,0.0,16304.0,0.0,assistant,Boise State,251096.0,251096,2012
Jonathan Smith,0.0,0.0,1440.0,assistant,Idaho,53498.0,54938,2009
Dave Clawson,0.0,0.0,0.0,coach,Wake Forest,1831580.0,1831580,2018
Dave Clawson,0.0,0.0,0.0,coach,Wake Forest,1827370.0,1827370,2017
Dave Clawson,0.0,0.0,0.0,coach,Wake Forest,2113166.0,2113166,2016
Dave Clawson,0.0,0.0,0.0,coach,Wake Forest,0.0,0,2015
Dave Clawson,0.0,0.0,0.0,coach,Wake Forest,0.0,0,2014
Dave Clawson,0.0,109000.0,1000.0,coach,Bowling Green,400000.0,401000,2013
Dave Clawson,0.0,116000.0,1200.0,coach,Bowling Green,363000.0,364200,2012
Dave Clawson,0.0,111000.0,1200.0,coach,Bowling Green,363000.0,364200,2011
Dave Clawson,0.0,98000.0,1000.0,coach,Bowling Green,205000.0,206000,2010
Dave Clawson,0.0,100000.0,86000.0,coach,Bowling Green,215000.0,301000,2009
Tom Allen,0.0,1441668.0,0.0,coach,Indiana,1830000.0,1830000,2018
Tom Allen,0.0,1441668.0,0.0,coach,Indiana,1830000.0,1830000,2017
Tom Allen,0.0,62777.0,0.0,assistant,Indiana,501000.0,501000,2016
Tom Allen,0.0,0.0,0.0,assistant,South Florida,350000.0,350000,2015
Tom Allen,0.0,0.0,0.0,assistant,Ole Miss,230000.0,230000,2014
Tom Allen,0.0,0.0,10000.0,assistant,Ole Miss,210000.0,220000,2013
Tom Allen,0.0,16000.0,0.0,assistant,Ole Miss,200000.0,200000,2012
Tom Allen,0.0,0.0,2000.0,assistant,Arkansas State,65000.0,67000,2011
Mike Bobo,50000.0,905000.0,0.0,coach,Colorado State,1800000.0,1800000,2018
Mike Bobo,50000.0,785000.0,0.0,coach,Colorado State,1550000.0,1550000,2017
Mike Bobo,50000.0,685000.0,0.0,coach,Colorado State,1450000.0,1450000,2016
Mike Bobo,0.0,685000.0,0.0,coach,Colorado State,1350000.0,1350000,2015
Mike Bobo,0.0,210000.0,3700.0,assistant,Georgia,575000.0,578700,2014
Mike Bobo,0.0,0.0,0.0,assistant,Georgia,585000.0,585000,2013
Mike Bobo,0.0,0.0,0.0,assistant,Georgia,335000.0,335000,2012
Mike Bobo,0.0,0.0,8900.0,assistant,Georgia,325000.0,333900,2011
Mike Bobo,0.0,92150.0,11000.0,assistant,Georgia,325000.0,336000,2010
Mike Bobo,0.0,92150.0,1600.0,assistant,Georgia,325000.0,326600,2009
Major Applewhite,20000.0,782500.0,0.0,coach,Houston,1750000.0,1750000,2018
Major Applewhite,0.0,782500.0,0.0,coach,Houston,1750000.0,1750000,2017
Major Applewhite,0.0,63750.0,0.0,assistant,Houston,375000.0,375000,2016
Major Applewhite,0.0,51170.0,0.0,assistant,Houston,301000.0,301000,2015
Major Applewhite,0.0,123500.0,0.0,assistant,Texas,650000.0,650000,2013
Major Applewhite,0.0,110900.0,0.0,assistant,Texas,575000.0,575000,2012
Major Applewhite,0.0,104150.0,1000.0,assistant,Texas,500000.0,501000,2011
Major Applewhite,0.0,37910.0,0.0,assistant,Texas,269509.0,269509,2010
Major Applewhite,0.0,37050.0,15500.0,assistant,Texas,245000.0,260500,2009
David Beaty,0.0,2000000.0,0.0,coach,Kansas,1701109.0,1701109,2018
David Beaty,25000.0,1750000.0,0.0,coach,Kansas,1601109.0,1601109,2017
David Beaty,0.0,925000.0,0.0,coach,Kansas,801109.0,801109,2016
David Beaty,0.0,925000.0,0.0,coach,Kansas,801169.0,801169,2015
David Beaty,0.0,48400.0,1500.0,assistant,Texas A&M,358000.0,359500,2014
David Beaty,0.0,48400.0,0.0,assistant,Texas A&M,359500.0,359500,2013
David Beaty,0.0,43000.0,0.0,assistant,Texas A&M,220000.0,220000,2012
David Beaty,0.0,41667.0,0.0,assistant,Kansas,250000.0,250000,2011
David Beaty,0.0,0.0,0.0,assistant,Rice,0.0,0,2010
David Beaty,0.0,0.0,2800.0,assistant,Kansas,163500.0,166300,2009
Josh Heupel,0.0,250000.0,0.0,coach,UCF,1700000.0,1700000,2018
Josh Heupel,0.0,211000.0,0.0,assistant,Missouri,700000.0,700000,2017
Josh Heupel,0.0,211000.0,0.0,assistant,Missouri,700000.0,700000,2016
Josh Heupel,0.0,19368.0,300.0,assistant,Utah State,232420.0,232720,2015
Josh Heupel,0.0,86500.0,7400.0,assistant,Oklahoma,605000.0,612400,2014
Josh Heupel,0.0,102000.0,6000.0,assistant,Oklahoma,550000.0,556000,2013
Josh Heupel,0.0,55833.0,1400.0,assistant,Oklahoma,350000.0,351400,2012
Josh Heupel,0.0,55833.0,6000.0,assistant,Oklahoma,330000.0,336000,2011
Josh Heupel,0.0,39600.0,6000.0,assistant,Oklahoma,250000.0,256000,2010
Josh Heupel,0.0,39600.0,50000.0,assistant,Oklahoma,160000.0,210000,2009
Bryan Harsin,145000.0,475000.0,0.0,coach,Boise State,1650010.0,1650010,2018
Bryan Harsin,55000.0,475000.0,0.0,coach,Boise State,1550004.0,1550004,2017
Bryan Harsin,85000.0,400000.0,0.0,coach,Boise State,1300004.0,1300004,2016
Bryan Harsin,182875.0,400000.0,0.0,coach,Boise State,1100004.0,1100004,2015
Bryan Harsin,0.0,400000.0,0.0,coach,Boise State,1000004.0,1000004,2014
Bryan Harsin,0.0,245000.0,0.0,coach,Arkansas State,724597.0,724597,2013
Bryan Harsin,0.0,122150.0,0.0,assistant,Texas,700000.0,700000,2012
Bryan Harsin,0.0,115400.0,0.0,assistant,Texas,625000.0,625000,2011
Bryan Harsin,0.0,8000.0,0.0,assistant,Boise State,259520.0,259520,2010
Bryan Harsin,0.0,28351.0,33333.0,assistant,Boise State,190133.0,223466,2009
Willie Fritz,0.0,0.0,0.0,coach,Tulane,1629000.0,1629000,2018
Willie Fritz,0.0,0.0,0.0,coach,Tulane,0.0,0,2017
Willie Fritz,0.0,0.0,0.0,coach,Tulane,0.0,0,2016
Willie Fritz,35000.0,287500.0,0.0,coach,Georgia Southern,500000.0,500000,2015
Willie Fritz,0.0,42500.0,0.0,coach,Georgia Southern,400000.0,400000,2014
Jeff Tedford,1240000.0,2765000.0,0.0,coach,Fresno State,1550000.0,1550000,2018
Jeff Tedford,0.0,2765000.0,0.0,coach,Fresno State,1550000.0,1550000,2017
Jeff Tedford,0.0,255000.0,0.0,coach,California,2600000.0,2600000,2012
Jeff Tedford,0.0,255000.0,0.0,coach,California,2300000.0,2300000,2011
Jeff Tedford,0.0,265000.0,5000.0,coach,California,2300000.0,2305000,2010
Jeff Tedford,0.0,265000.0,1582500.0,coach,California,1225000.0,2807500,2009
Jeff Tedford,0.0,400000.0,1580800.0,coach,California,225000.0,1805800,2007
Jeff Tedford,0.0,350000.0,1337800.0,coach,California,167500.0,1505300,2006
Philip Montgomery,0.0,0.0,0.0,coach,Tulsa,1518177.0,1518177,2018
Philip Montgomery,0.0,0.0,0.0,coach,Tulsa,1398038.0,1398038,2017
Philip Montgomery,0.0,0.0,0.0,coach,Tulsa,0.0,0,2016
Philip Montgomery,0.0,0.0,0.0,coach,Tulsa,0.0,0,2015
Philip Montgomery,0.0,0.0,0.0,assistant,Baylor,504645.0,504645,2014
Philip Montgomery,0.0,0.0,0.0,assistant,Baylor,0.0,0,2013
Philip Montgomery,0.0,0.0,0.0,assistant,Baylor,0.0,0,2012
Philip Montgomery,0.0,0.0,0.0,assistant,Baylor,0.0,0,2011
Philip Montgomery,0.0,0.0,0.0,assistant,Baylor,0.0,0,2010
Philip Montgomery,0.0,0.0,0.0,assistant,Baylor,0.0,0,2009
Justin Wilcox,75000.0,900000.0,0.0,coach,California,1500000.0,1500000,2018
Justin Wilcox,0.0,900000.0,0.0,coach,California,1600000.0,1600000,2017
Justin Wilcox,0.0,117000.0,0.0,assistant,Wisconsin,500000.0,500000,2016
Justin Wilcox,0.0,0.0,0.0,assistant,USC,0.0,0,2015
Justin Wilcox,0.0,0.0,0.0,assistant,USC,0.0,0,2014
Justin Wilcox,0.0,61000.0,0.0,assistant,Washington,800004.0,800004,2013
Justin Wilcox,0.0,61000.0,0.0,assistant,Washington,750004.0,750004,2012
Justin Wilcox,0.0,0.0,0.0,assistant,Tennessee,625000.0,625000,2011
Justin Wilcox,0.0,0.0,0.0,assistant,Tennessee,600000.0,600000,2010
Justin Wilcox,0.0,28351.0,34333.0,assistant,Boise State,190133.0,224466,2009
Seth Littrell,130000.0,580000.0,0.0,coach,North Texas,1425000.0,1425000,2018
Seth Littrell,35000.0,580000.0,0.0,coach,North Texas,991416.0,991416,2017
Seth Littrell,0.0,535000.0,0.0,coach,North Texas,815000.0,815000,2016
Seth Littrell,0.0,20917.0,0.0,assistant,North Carolina,251000.0,251000,2015
Seth Littrell,0.0,20833.0,0.0,assistant,North Carolina,250000.0,250000,2014
Seth Littrell,0.0,0.0,0.0,assistant,Indiana,356500.0,356500,2013
Seth Littrell,0.0,0.0,0.0,assistant,Indiana,255500.0,255500,2012
Seth Littrell,0.0,15417.0,3500.0,assistant,Arizona,185000.0,188500,2011
Seth Littrell,0.0,15417.0,3500.0,assistant,Arizona,185000.0,188500,2010
Seth Littrell,0.0,0.0,0.0,assistant,Arizona,160000.0,160000,2009
Craig Bohl,236000.0,450000.0,0.0,coach,Wyoming,1412000.0,1412000,2018
Craig Bohl,213750.0,450000.0,0.0,coach,Wyoming,1412000.0,1412000,2017
Craig Bohl,105000.0,330000.0,0.0,coach,Wyoming,909000.0,909000,2016
Craig Bohl,120000.0,330000.0,0.0,coach,Wyoming,882000.0,882000,2015
Craig Bohl,0.0,330000.0,0.0,coach,Wyoming,832000.0,832000,2014
Jason Candle,210000.0,585000.0,0.0,coach,Toledo,1125000.0,1125000,2018
Jason Candle,57500.0,615000.0,950.0,coach,Toledo,700000.0,700950,2017
Jason Candle,0.0,602500.0,0.0,coach,Toledo,675000.0,675000,2016
Jason Candle,0.0,1500.0,450.0,assistant,Toledo,135762.0,136212,2015
Jason Candle,0.0,1500.0,450.0,assistant,Toledo,132600.0,133050,2014
Jason Candle,0.0,1500.0,450.0,assistant,Toledo,115000.0,115450,2013
Jason Candle,0.0,0.0,450.0,assistant,Toledo,115000.0,115450,2012
Jason Candle,0.0,1500.0,0.0,assistant,Toledo,63825.0,63825,2011
Jason Candle,0.0,0.0,0.0,assistant,Toledo,61200.0,61200,2010
Jason Candle,0.0,1500.0,0.0,assistant,Toledo,60000.0,60000,2009
Scottie Montgomery,0.0,850000.0,0.0,coach,East Carolina,1102500.0,1102500,2018
Scottie Montgomery,75000.0,850000.0,0.0,coach,East Carolina,1050000.0,1050000,2017
Scottie Montgomery,0.0,850000.0,0.0,coach,East Carolina,1000000.0,1000000,2016
Scottie Montgomery,0.0,0.0,0.0,assistant,Duke,0.0,0,2015
Scottie Montgomery,0.0,0.0,0.0,assistant,Duke,0.0,0,2014
Scottie Montgomery,0.0,0.0,0.0,assistant,Duke,0.0,0,2013
Scottie Montgomery,0.0,0.0,0.0,assistant,Duke,0.0,0,2009
Frank Wilson,17500.0,185000.0,0.0,coach,UTSA,1100000.0,1100000,2018
Frank Wilson,17500.0,185000.0,0.0,coach,UTSA,1137500.0,1137500,2017
Frank Wilson,0.0,185000.0,0.0,coach,UTSA,835000.0,835000,2016
Frank Wilson,0.0,75000.0,16067.0,assistant,LSU,660000.0,676067,2015
Frank Wilson,0.0,70000.0,15967.0,assistant,LSU,650000.0,665967,2014
Frank Wilson,0.0,70000.0,16667.0,assistant,LSU,600000.0,616667,2013
Frank Wilson,0.0,70000.0,11667.0,assistant,LSU,550000.0,561667,2012
Frank Wilson,0.0,70000.0,11667.0,assistant,LSU,335000.0,346667,2011
Frank Wilson,0.0,70000.0,0.0,assistant,LSU,335000.0,335000,2010
Frank Wilson,0.0,0.0,0.0,assistant,Tennessee,150000.0,150000,2009
Randy Edsall,129000.0,650000.0,0.0,coach,Connecticut,1100000.0,1100000,2018
Randy Edsall,0.0,650000.0,0.0,coach,Connecticut,1000000.0,1000000,2017
Randy Edsall,200000.0,950000.0,200.0,coach,Maryland,2110648.0,2110848,2015
Randy Edsall,0.0,950000.0,200.0,coach,Maryland,2033680.0,2033880,2014
Randy Edsall,0.0,950000.0,4000.0,coach,Maryland,2021440.0,2025440,2013
Randy Edsall,0.0,950000.0,4000.0,coach,Maryland,1600000.0,1604000,2012
Randy Edsall,0.0,875000.0,0.0,coach,Maryland,2013440.0,2013440,2011
Randy Edsall,0.0,114583.0,0.0,coach,Connecticut,1550000.0,1550000,2010
Randy Edsall,0.0,113542.0,1125000.0,coach,Connecticut,325000.0,1450000,2009
Randy Edsall,0.0,68751.0,645000.0,coach,Connecticut,275000.0,920000,2007
Randy Edsall,0.0,0.0,595000.0,coach,Connecticut,250000.0,845000,2006
Lane Kiffin,40000.0,1150000.0,0.0,coach,Florida Atlantic,1000000.0,1000000,2018
Lane Kiffin,0.0,350000.0,0.0,coach,Florida Atlantic,950000.0,950000,2017
Lane Kiffin,0.0,306000.0,0.0,assistant,Alabama,1400000.0,1400000,2016
Lane Kiffin,0.0,149600.0,0.0,assistant,Alabama,680000.0,680000,2015
Lane Kiffin,0.0,149600.0,0.0,assistant,Alabama,680000.0,680000,2014
Lane Kiffin,0.0,0.0,0.0,coach,USC,2594091.0,2594091,2013
Lane Kiffin,0.0,0.0,0.0,coach,USC,2406505.0,2406505,2012
Lane Kiffin,0.0,0.0,0.0,coach,USC,0.0,0,2011
Lane Kiffin,0.0,0.0,0.0,coach,USC,0.0,0,2010
Lane Kiffin,0.0,540000.0,1650000.0,coach,Tennessee,350000.0,2000000,2009
Charlie Strong,70000.0,815000.0,0.0,coach,South Florida,1000000.0,1000000,2018
Charlie Strong,0.0,815000.0,0.0,coach,South Florida,1000000.0,1000000,2017
Charlie Strong,0.0,1006000.0,130.0,coach,Texas,5200000.0,5200130,2016
Charlie Strong,25000.0,1003000.0,270.0,coach,Texas,5100000.0,5100270,2015
Charlie Strong,0.0,1000000.0,270.0,coach,Texas,5000000.0,5000270,2014
Charlie Strong,0.0,808333.0,38500.0,coach,Louisville,3700000.0,3738500,2013
Charlie Strong,0.0,691666.0,5000.0,coach,Louisville,2300000.0,2305000,2012
Charlie Strong,0.0,500000.0,5000.0,coach,Louisville,2300000.0,2305000,2011
Charlie Strong,0.0,633333.0,0.0,coach,Louisville,1600000.0,1600000,2010
Charlie Strong,0.0,0.0,10000.0,assistant,Florida,300000.0,310000,2009
Turner Gill,0.0,0.0,0.0,coach,Liberty,947281.0,947281,2018
Turner Gill,0.0,419158.0,1200.0,coach,Kansas,2100000.0,2101200,2011
Turner Gill,0.0,419158.0,1200.0,coach,Kansas,2100000.0,2101200,2010
Turner Gill,0.0,390500.0,200649.0,coach,Buffalo,200651.0,401300,2009
Turner Gill,0.0,100592.0,3000.0,coach,Buffalo,187700.0,190700,2007
Turner Gill,0.0,87500.0,3000.0,coach,Buffalo,180000.0,183000,2006
Butch Davis,35000.0,550000.0,0.0,coach,Florida International,945000.0,945000,2018
Butch Davis,0.0,550000.0,0.0,coach,Florida International,900000.0,900000,2017
Butch Davis,0.0,105000.0,0.0,coach,North Carolina,1752000.0,1752000,2010
Butch Davis,0.0,105000.0,0.0,coach,North Carolina,1702000.0,1702000,2009
Butch Davis,0.0,95333.0,499000.0,coach,North Carolina,1411000.0,1910000,2007
Matt Wells,65000.0,765000.0,0.0,coach,Utah State,900000.0,900000,2018
Matt Wells,10000.0,730000.0,0.0,coach,Utah State,1050000.0,1050000,2017
Matt Wells,60000.0,730000.0,0.0,coach,Utah State,800000.0,800000,2016
Matt Wells,65000.0,770000.0,2900.0,coach,Utah State,750000.0,752900,2015
Matt Wells,0.0,765000.0,1434.0,coach,Utah State,575000.0,576434,2014
Matt Wells,0.0,735000.0,2500.0,coach,Utah State,500000.0,502500,2013
Matt Wells,0.0,0.0,2000.0,assistant,Utah State,138000.0,140000,2012
Matt Wells,0.0,0.0,0.0,assistant,Utah State,100000.0,100000,2011
Matt Wells,0.0,0.0,1000.0,assistant,New Mexico,75000.0,76000,2010
Matt Wells,0.0,11667.0,0.0,assistant,Louisville,140000.0,140000,2009
Bill Clark,165471.0,950000.0,0.0,coach,UAB,900000.0,900000,2018
Bill Clark,0.0,685000.0,0.0,coach,UAB,630000.0,630000,2017
Bill Clark,0.0,430000.0,0.0,coach,UAB,500000.0,500000,2014
Bill Clark,0.0,16810.0,35821.0,assistant,South Alabama,140480.0,176301,2012
Rocky Long,95000.0,720000.0,1000.0,coach,San Diego State,872576.0,873576,2018
Rocky Long,198150.0,735000.0,2000.0,coach,San Diego State,826304.0,828304,2017
Rocky Long,195000.0,655000.0,0.0,coach,San Diego State,810632.0,810632,2016
Rocky Long,65000.0,655000.0,2000.0,coach,San Diego State,806300.0,808300,2015
Rocky Long,0.0,855000.0,2000.0,coach,San Diego State,800000.0,802000,2014
Rocky Long,0.0,855000.0,0.0,coach,San Diego State,800000.0,800000,2013
Rocky Long,0.0,805000.0,2600.0,coach,San Diego State,800000.0,802600,2012
Rocky Long,0.0,855000.0,1000.0,coach,San Diego State,800000.0,801000,2011
Rocky Long,0.0,0.0,0.0,assistant,San Diego State,205008.0,205008,2010
Rocky Long,0.0,64554.0,0.0,assistant,San Diego State,205008.0,205008,2009
Rocky Long,0.0,0.0,75000.0,coach,New Mexico,364513.0,439513,2007
Rocky Long,0.0,0.0,75000.0,coach,New Mexico,356175.0,431175,2006
Billy Napier,0.0,435000.0,0.0,coach,Louisiana-Lafayette,850000.0,850000,2018
Billy Napier,0.0,361000.0,0.0,assistant,Arizona State,550000.0,550000,2017
Billy Napier,0.0,77000.0,0.0,assistant,Alabama,350000.0,350000,2016
Billy Napier,0.0,74800.0,700.0,assistant,Alabama,340000.0,340700,2015
Billy Napier,0.0,71500.0,700.0,assistant,Alabama,325000.0,325700,2014
Billy Napier,0.0,60000.0,0.0,assistant,Alabama,375000.0,375000,2013
Billy Napier,0.0,20000.0,0.0,assistant,Colorado State,210000.0,210000,2012
Billy Napier,0.0,0.0,5500.0,assistant,Clemson,275000.0,280500,2010
Billy Napier,0.0,0.0,5500.0,assistant,Clemson,200000.0,205500,2009
Blake Anderson,25000.0,185000.0,0.0,coach,Arkansas State,825000.0,825000,2018
Blake Anderson,50000.0,185000.0,0.0,coach,Arkansas State,750000.0,750000,2017
Blake Anderson,50000.0,235000.0,0.0,coach,Arkansas State,700000.0,700000,2016
Blake Anderson,25000.0,235000.0,0.0,coach,Arkansas State,700000.0,700000,2015
Blake Anderson,0.0,235000.0,0.0,coach,Arkansas State,700000.0,700000,2014
Blake Anderson,0.0,20833.0,0.0,assistant,North Carolina,250000.0,250000,2013
Blake Anderson,0.0,20833.0,0.0,assistant,North Carolina,250000.0,250000,2012
Blake Anderson,0.0,13750.0,2000.0,assistant,Southern Miss,165000.0,167000,2011
Blake Anderson,0.0,0.0,2000.0,assistant,Southern Miss,115000.0,117000,2010
Blake Anderson,0.0,8750.0,2000.0,assistant,Southern Miss,105000.0,107000,2009
Bob Davie,0.0,340000.0,1050.0,coach,New Mexico,822690.0,823740,2018
Bob Davie,20000.0,490000.0,1250.0,coach,New Mexico,822690.0,823940,2017
Bob Davie,20000.0,490000.0,1250.0,coach,New Mexico,822690.0,823940,2016
Bob Davie,0.0,490000.0,1250.0,coach,New Mexico,772690.0,773940,2015
Bob Davie,0.0,480000.0,11000.0,coach,New Mexico,772690.0,783690,2014
Bob Davie,0.0,330000.0,0.0,coach,New Mexico,763600.0,763600,2013
Bob Davie,0.0,350000.0,0.0,coach,New Mexico,760000.0,760000,2012
Neal Brown,100000.0,490000.0,0.0,coach,Troy,810000.0,810000,2018
Neal Brown,80000.0,490000.0,0.0,coach,Troy,800000.0,800000,2017
Neal Brown,0.0,490000.0,0.0,coach,Troy,660000.0,660000,2016
Neal Brown,0.0,475000.0,0.0,coach,Troy,660000.0,660000,2015
Neal Brown,0.0,91667.0,2400.0,assistant,Kentucky,550000.0,552400,2014
Neal Brown,0.0,91667.0,0.0,assistant,Kentucky,550000.0,550000,2013
Neal Brown,0.0,0.0,3500.0,assistant,Texas Tech,400000.0,403500,2012
Neal Brown,0.0,0.0,5400.0,assistant,Texas Tech,400000.0,405400,2011
Neal Brown,0.0,0.0,5400.0,assistant,Texas Tech,350000.0,355400,2010
Neal Brown,0.0,6000.0,2500.0,assistant,Troy,91670.0,94170,2009
Mike Sanford Jr.,0.0,400000.0,5850.0,coach,Western Kentucky,800000.0,805850,2018
Mike Sanford Jr.,0.0,400000.0,0.0,coach,Western Kentucky,800000.0,800000,2017
Mike Sanford Jr.,0.0,0.0,0.0,assistant,Notre Dame,0.0,0,2016
Mike Sanford Jr.,0.0,0.0,0.0,assistant,Notre Dame,0.0,0,2015
Mike Sanford Jr.,0.0,19751.0,0.0,assistant,Boise State,305012.0,305012,2014
Mike Sanford Jr.,0.0,0.0,0.0,assistant,Stanford,0.0,0,2013
Mike Sanford Jr.,0.0,0.0,0.0,assistant,Stanford,0.0,0,2012
Mike Sanford Jr.,0.0,0.0,0.0,assistant,Stanford,0.0,0,2011
Mike Sanford Jr.,0.0,0.0,0.0,assistant,Western Kentucky,70008.0,70008,2010
Rick Stockstill,65142.0,126142.0,1500.0,coach,Middle Tennessee,801504.0,803004,2018
Rick Stockstill,65142.0,126142.0,0.0,coach,Middle Tennessee,801504.0,801504,2017
Rick Stockstill,65142.0,126142.0,2500.0,coach,Middle Tennessee,801504.0,804004,2016
Rick Stockstill,5000.0,126142.0,10500.0,coach,Middle Tennessee,801504.0,812004,2015
Rick Stockstill,0.0,126142.0,1625.0,coach,Middle Tennessee,801504.0,803129,2014
Rick Stockstill,0.0,157809.0,2500.0,coach,Middle Tennessee,701504.0,704004,2013
Rick Stockstill,0.0,149475.0,625.0,coach,Middle Tennessee,601504.0,602129,2012
Rick Stockstill,0.0,148415.0,625.0,coach,Middle Tennessee,588780.0,589405,2011
Rick Stockstill,0.0,111000.0,2625.0,coach,Middle Tennessee,488955.0,491580,2010
Rick Stockstill,0.0,112180.0,86500.0,coach,Middle Tennessee,195155.0,281655,2009
Rick Stockstill,0.0,75000.0,75000.0,coach,Middle Tennessee,207955.0,282955,2007
Rick Stockstill,0.0,130583.0,75000.0,coach,Middle Tennessee,179800.0,254800,2006
Tim Lester,39250.0,346500.0,0.0,coach,Western Michigan,800000.0,800000,2018
Tim Lester,0.0,322000.0,0.0,coach,Western Michigan,800000.0,800000,2017
Tim Lester,0.0,165000.0,0.0,assistant,Purdue,205000.0,205000,2016
Tim Lester,0.0,0.0,0.0,assistant,Syracuse,0.0,0,2015
Tim Lester,0.0,0.0,0.0,assistant,Syracuse,0.0,0,2014
Tim Lester,0.0,0.0,0.0,assistant,Syracuse,0.0,0,2013
Doc Holliday,55000.0,145000.0,0.0,coach,Marshall,762570.0,762570,2018
Doc Holliday,25000.0,145000.0,0.0,coach,Marshall,762570.0,762570,2017
Doc Holliday,55000.0,145000.0,2750.0,coach,Marshall,762570.0,765320,2016
Doc Holliday,95000.0,145000.0,2750.0,coach,Marshall,755500.0,758250,2015
Doc Holliday,0.0,115000.0,2750.0,coach,Marshall,607070.0,609820,2014
Doc Holliday,0.0,80000.0,14250.0,coach,Marshall,607070.0,621320,2013
Doc Holliday,0.0,80000.0,12750.0,coach,Marshall,600000.0,612750,2012
Doc Holliday,0.0,80000.0,12750.0,coach,Marshall,607070.0,619820,2011
Doc Holliday,0.0,80000.0,17750.0,coach,Marshall,600000.0,617750,2010
Doc Holliday,0.0,30000.0,6000.0,assistant,West Virginia,400000.0,406000,2009
Scott Satterfield,145000.0,295000.0,0.0,coach,Appalachian State,712500.0,712500,2018
Scott Satterfield,155000.0,270000.0,0.0,coach,Appalachian State,675000.0,675000,2017
Scott Satterfield,30000.0,290000.0,0.0,coach,Appalachian State,525000.0,525000,2016
Scott Satterfield,27500.0,165000.0,0.0,coach,Appalachian State,375000.0,375000,2015
Scott Satterfield,0.0,25000.0,0.0,coach,Appalachian State,225000.0,225000,2014
Scott Satterfield,0.0,10000.0,0.0,assistant,Florida International,133100.0,133100,2011
Scott Satterfield,0.0,10000.0,0.0,assistant,Florida International,146969.0,146969,2010
Scott Satterfield,0.0,1500.0,0.0,assistant,Toledo,120000.0,120000,2009
Skip Holtz,0.0,395000.0,0.0,coach,Louisiana Tech,700000.0,700000,2018
Skip Holtz,50000.0,395000.0,4000.0,coach,Louisiana Tech,700000.0,704000,2017
Skip Holtz,25000.0,295000.0,15000.0,coach,Louisiana Tech,500000.0,515000,2016
Skip Holtz,25000.0,295000.0,17000.0,coach,Louisiana Tech,500000.0,517000,2015
Skip Holtz,0.0,295000.0,10000.0,coach,Louisiana Tech,500000.0,510000,2014
Skip Holtz,0.0,295000.0,10000.0,coach,Louisiana Tech,500000.0,510000,2013
Skip Holtz,0.0,650000.0,0.0,coach,South Florida,2000000.0,2000000,2012
Skip Holtz,0.0,350000.0,0.0,coach,South Florida,1700000.0,1700000,2011
Skip Holtz,0.0,350000.0,0.0,coach,South Florida,1700000.0,1700000,2010
Skip Holtz,0.0,125000.0,435000.0,coach,East Carolina,947863.0,1382863,2009
Skip Holtz,0.0,125000.0,350000.0,coach,East Carolina,210060.0,560060,2007
Skip Holtz,0.0,75000.0,275000.0,coach,East Carolina,150000.0,425000,2006
Dana Dimel,0.0,741665.0,0.0,coach,UTEP,700000.0,700000,2018
Dana Dimel,0.0,170400.0,2600.0,assistant,Kansas State,470000.0,472600,2017
Dana Dimel,0.0,170400.0,4200.0,assistant,Kansas State,470000.0,474200,2016
Dana Dimel,0.0,157600.0,3325.0,assistant,Kansas State,430000.0,433325,2015
Dana Dimel,0.0,148000.0,3325.0,assistant,Kansas State,400000.0,403325,2014
Dana Dimel,0.0,140000.0,3500.0,assistant,Kansas State,375000.0,378500,2013
Dana Dimel,0.0,109600.0,3300.0,assistant,Kansas State,280000.0,283300,2012
Dana Dimel,0.0,90400.0,3300.0,assistant,Kansas State,220000.0,223300,2011
Dana Dimel,0.0,87200.0,4100.0,assistant,Kansas State,220000.0,224100,2010
Dana Dimel,0.0,97200.0,0.0,assistant,Kansas State,210000.0,210000,2009
Everett Withers,0.0,70833.0,0.0,coach,Texas State,700000.0,700000,2018
Everett Withers,0.0,68750.0,0.0,coach,Texas State,675000.0,675000,2017
Everett Withers,0.0,66667.0,0.0,coach,Texas State,650000.0,650000,2016
Everett Withers,0.0,217500.0,0.0,assistant,Ohio State,585000.0,585000,2013
Everett Withers,0.0,112500.0,0.0,assistant,Ohio State,456000.0,456000,2012
Everett Withers,0.0,100000.0,0.0,coach,North Carolina,500000.0,500000,2011
Everett Withers,0.0,55000.0,0.0,assistant,North Carolina,330000.0,330000,2010
Everett Withers,0.0,55000.0,0.0,assistant,North Carolina,330000.0,330000,2009
John Bonamego,45000.0,415000.0,0.0,coach,Central Michigan,655000.0,655000,2018
John Bonamego,35500.0,330000.0,0.0,coach,Central Michigan,545640.0,545640,2017
John Bonamego,43500.0,320000.0,300.0,coach,Central Michigan,545640.0,545940,2016
John Bonamego,0.0,330000.0,0.0,coach,Central Michigan,533500.0,533500,2015
Bobby Wilder,0.0,504895.0,0.0,coach,Old Dominion,654667.0,654667,2018
Bobby Wilder,10000.0,504506.0,0.0,coach,Old Dominion,650000.0,650000,2017
Bobby Wilder,0.0,504506.0,15000.0,coach,Old Dominion,554590.0,569590,2016
Bobby Wilder,0.0,504125.0,15000.0,coach,Old Dominion,550000.0,565000,2015
Bobby Wilder,0.0,503333.0,11010.0,coach,Old Dominion,475000.0,486010,2014
Bobby Wilder,0.0,0.0,0.0,coach,Old Dominion,450000.0,450000,2013
Chad Lunsford,0.0,295000.0,0.0,coach,Georgia Southern,650000.0,650000,2018
Chad Lunsford,0.0,16000.0,0.0,assistant,Georgia Southern,100000.0,100000,2017
Chad Lunsford,0.0,0.0,0.0,assistant,Georgia Southern,100000.0,100000,2016
Chad Lunsford,0.0,14500.0,2550.0,assistant,Georgia Southern,80000.0,82550,2015
Chad Lunsford,0.0,14500.0,0.0,assistant,Georgia Southern,67500.0,67500,2014
Rod Carey,42500.0,205000.0,0.0,coach,Northern Illinois,633460.0,633460,2018
Rod Carey,17500.0,205000.0,0.0,coach,Northern Illinois,623000.0,623000,2017
Rod Carey,52500.0,205000.0,2500.0,coach,Northern Illinois,623000.0,625500,2016
Rod Carey,77500.0,205000.0,1500.0,coach,Northern Illinois,400000.0,401500,2015
Rod Carey,0.0,205000.0,1500.0,coach,Northern Illinois,400000.0,401500,2014
Rod Carey,0.0,205000.0,1000.0,coach,Northern Illinois,375000.0,376000,2013
Rod Carey,0.0,11667.0,0.0,assistant,Northern Illinois,88002.0,88002,2012
Rod Carey,0.0,11667.0,0.0,assistant,Northern Illinois,80004.0,80004,2011
Brad Lambert,0.0,120000.0,0.0,coach,Charlotte,625000.0,625000,2018
Brad Lambert,0.0,120000.0,0.0,coach,Charlotte,625000.0,625000,2017
Brad Lambert,0.0,120000.0,0.0,coach,Charlotte,600000.0,600000,2016
Brad Lambert,0.0,120000.0,0.0,coach,Charlotte,600000.0,600000,2015
Brad Lambert,0.0,0.0,0.0,assistant,Wake Forest,0.0,0,2010
Brad Lambert,0.0,0.0,0.0,assistant,Wake Forest,0.0,0,2009
Steve Campbell,0.0,295000.0,0.0,coach,South Alabama,600000.0,600000,2018
Tony Sanchez,0.0,260000.0,0.0,coach,UNLV,600000.0,600000,2018
Tony Sanchez,30000.0,260000.0,0.0,coach,UNLV,600000.0,600000,2017
Tony Sanchez,15000.0,325000.0,0.0,coach,UNLV,510000.0,510000,2016
Tony Sanchez,0.0,175000.0,0.0,coach,UNLV,560000.0,560000,2015
Brent Brennan,0.0,210000.0,0.0,coach,San Jose State,590424.0,590424,2018
Brent Brennan,0.0,210000.0,0.0,coach,San Jose State,581916.0,581916,2017
Brent Brennan,0.0,77777.0,0.0,assistant,Oregon State,200004.0,200004,2016
Brent Brennan,0.0,74487.0,0.0,assistant,Oregon State,180264.0,180264,2015
Brent Brennan,0.0,16667.0,0.0,assistant,Oregon State,180264.0,180264,2014
Brent Brennan,0.0,16667.0,0.0,assistant,Oregon State,175008.0,175008,2013
Brent Brennan,0.0,16667.0,0.0,assistant,Oregon State,150000.0,150000,2012
Brent Brennan,0.0,16667.0,0.0,assistant,Oregon State,150000.0,150000,2011
Brent Brennan,0.0,0.0,100.0,assistant,San Jose State,83523.0,83623,2010
Brent Brennan,0.0,0.0,599.0,assistant,San Jose State,91116.0,91715,2009
Frank Solich,60772.0,333833.0,0.0,coach,Ohio,580331.0,580331,2018
Frank Solich,35386.0,331930.0,0.0,coach,Ohio,522715.0,522715,2017
Frank Solich,10000.0,331930.0,0.0,coach,Ohio,572715.0,572715,2016
Frank Solich,0.0,329440.0,1500.0,coach,Ohio,562760.0,564260,2015
Frank Solich,0.0,327000.0,1500.0,coach,Ohio,553000.0,554500,2014
Frank Solich,0.0,299350.0,11500.0,coach,Ohio,502400.0,513900,2013
Frank Solich,0.0,297500.0,11500.0,coach,Ohio,500000.0,511500,2012
Frank Solich,0.0,288325.0,11250.0,coach,Ohio,465099.0,476349,2011
Frank Solich,0.0,288325.0,2500.0,coach,Ohio,458300.0,460800,2010
Frank Solich,0.0,287500.0,71000.0,coach,Ohio,385000.0,456000,2009
Frank Solich,0.0,190006.0,11900.0,coach,Ohio,257162.0,269062,2007
Frank Solich,0.0,162400.0,12500.0,coach,Ohio,249672.0,262172,2006
Shawn Elliott,60000.0,220000.0,0.0,coach,Georgia State,569000.0,569000,2018
Shawn Elliott,0.0,220000.0,0.0,coach,Georgia State,565000.0,565000,2017
Shawn Elliott,0.0,115000.0,2400.0,assistant,South Carolina,500000.0,502400,2016
Shawn Elliott,0.0,35555.0,2400.0,assistant,South Carolina,400000.0,402400,2015
Shawn Elliott,0.0,35555.0,5400.0,assistant,South Carolina,430000.0,435400,2014
Shawn Elliott,0.0,35555.0,34650.0,assistant,South Carolina,325000.0,359650,2013
Shawn Elliott,0.0,35555.0,4600.0,assistant,South Carolina,300000.0,304600,2012
Shawn Elliott,0.0,0.0,3680.0,assistant,South Carolina,185000.0,188680,2011
Shawn Elliott,0.0,5555.0,8150.0,assistant,South Carolina,150000.0,158150,2010
Chuck Martin,12669.0,582110.0,0.0,coach,Miami (OH),524826.0,524826,2018
Chuck Martin,51643.0,548162.0,0.0,coach,Miami (OH),522300.0,522300,2017
Chuck Martin,6750.0,498081.0,0.0,coach,Miami (OH),472300.0,472300,2016
Chuck Martin,20250.0,482493.0,0.0,coach,Miami (OH),450000.0,450000,2015
Chuck Martin,0.0,462243.0,0.0,coach,Miami (OH),450000.0,450000,2014
Chuck Martin,0.0,0.0,0.0,assistant,Notre Dame,0.0,0,2013
Chuck Martin,0.0,0.0,0.0,assistant,Notre Dame,0.0,0,2012
Chuck Martin,0.0,0.0,0.0,assistant,Notre Dame,0.0,0,2011
Chuck Martin,0.0,0.0,0.0,assistant,Notre Dame,0.0,0,2010
Jay Hopson,15000.0,870000.0,0.0,coach,Southern Miss,500000.0,500000,2018
Jay Hopson,15000.0,867500.0,0.0,coach,Southern Miss,500000.0,500000,2017
Jay Hopson,0.0,867500.0,0.0,coach,Southern Miss,500000.0,500000,2016
Jay Hopson,0.0,15417.0,0.0,assistant,Memphis,185000.0,185000,2010
Jay Hopson,0.0,0.0,8800.0,assistant,Michigan,175100.0,183900,2009
Mark Whipple,20000.0,305000.0,0.0,coach,Massachusetts,500000.0,500000,2018
Mark Whipple,0.0,255000.0,250.0,coach,Massachusetts,472654.0,472904,2017
Mark Whipple,10000.0,295000.0,1250.0,coach,Massachusetts,467965.0,469215,2016
Mark Whipple,0.0,200000.0,6000.0,coach,Massachusetts,450000.0,456000,2015
Mark Whipple,0.0,200000.0,0.0,coach,Massachusetts,450000.0,450000,2014
Mark Whipple,0.0,0.0,0.0,assistant,Miami (FL),0.0,0,2010
Mark Whipple,0.0,0.0,0.0,assistant,Miami (FL),0.0,0,2009
Jay Norvell,0.0,210000.0,0.0,coach,Nevada,500000.0,500000,2018
Jay Norvell,0.0,210000.0,0.0,coach,Nevada,450000.0,450000,2017
Jay Norvell,0.0,115934.0,0.0,assistant,Arizona State,380000.0,380000,2016
Jay Norvell,0.0,180000.0,0.0,assistant,Texas,370000.0,370000,2015
Jay Norvell,0.0,77292.0,6600.0,assistant,Oklahoma,455000.0,461600,2014
Jay Norvell,0.0,85000.0,6000.0,assistant,Oklahoma,400000.0,406000,2013
Jay Norvell,0.0,65000.0,10000.0,assistant,Oklahoma,350000.0,360000,2012
Jay Norvell,0.0,63333.0,5000.0,assistant,Oklahoma,330000.0,335000,2011
Jay Norvell,0.0,50600.0,11000.0,assistant,Oklahoma,255000.0,266000,2010
Jay Norvell,0.0,50600.0,61900.0,assistant,Oklahoma,180000.0,241900,2009
Nick Rolovich,0.0,1260000.0,61500.0,coach,Hawaii,425004.0,486504,2018
Nick Rolovich,60000.0,1260000.0,2094.0,coach,Hawaii,400008.0,402102,2017
Nick Rolovich,0.0,1260000.0,0.0,coach,Hawaii,400008.0,400008,2016
Nick Rolovich,0.0,7292.0,0.0,assistant,Nevada,175000.0,175000,2015
Nick Rolovich,0.0,0.0,500.0,assistant,Nevada,150590.0,151090,2014
Nick Rolovich,0.0,0.0,0.0,assistant,Nevada,125975.0,125975,2013
Nick Rolovich,0.0,0.0,0.0,assistant,Nevada,125975.0,125975,2012
Nick Rolovich,0.0,0.0,0.0,assistant,Hawaii,0.0,0,2011
Nick Rolovich,0.0,0.0,0.0,assistant,Hawaii,0.0,0,2010
Nick Rolovich,0.0,0.0,0.0,assistant,Hawaii,0.0,0,2009
Chris Creighton,10000.0,395000.0,0.0,coach,Eastern Michigan,460000.0,460000,2018
Chris Creighton,35000.0,395000.0,0.0,coach,Eastern Michigan,442420.0,442420,2017
Chris Creighton,0.0,310000.0,0.0,coach,Eastern Michigan,434840.0,434840,2016
Chris Creighton,0.0,310000.0,0.0,coach,Eastern Michigan,425000.0,425000,2015
Chris Creighton,0.0,310000.0,0.0,coach,Eastern Michigan,425000.0,425000,2014
Lance Leipold,0.0,381000.0,0.0,coach,Buffalo,455500.0,455500,2018
Lance Leipold,0.0,380000.0,0.0,coach,Buffalo,405500.0,405500,2017
Lance Leipold,0.0,380000.0,0.0,coach,Buffalo,405500.0,405500,2016
Lance Leipold,0.0,380000.0,0.0,coach,Buffalo,400000.0,400000,2015
Sean Lewis,0.0,406000.0,0.0,coach,Kent State,440000.0,440000,2018
Sean Lewis,0.0,0.0,0.0,assistant,Syracuse,0.0,0,2017
Sean Lewis,0.0,0.0,0.0,assistant,Syracuse,0.0,0,2016
Sean Lewis,0.0,7000.0,0.0,assistant,Bowling Green,95000.0,95000,2015
Sean Lewis,0.0,0.0,0.0,assistant,Bowling Green,85000.0,85000,2014
Mike Jinks,81250.0,245000.0,0.0,coach,Bowling Green,437228.0,437228,2018
Mike Jinks,25000.0,245000.0,0.0,coach,Bowling Green,428655.0,428655,2017
Mike Jinks,0.0,245000.0,0.0,coach,Bowling Green,410000.0,410000,2016
Mike Jinks,0.0,53750.0,3900.0,assistant,Texas Tech,215000.0,218900,2015
Mike Jinks,0.0,53750.0,2000.0,assistant,Texas Tech,215000.0,217000,2014
Mike Jinks,0.0,0.0,2000.0,assistant,Texas Tech,215000.0,217000,2013
Mike Neu,30000.0,380000.0,0.0,coach,Ball State,435689.0,435689,2018
Mike Neu,0.0,370000.0,5000.0,coach,Ball State,431375.0,436375,2017
Mike Neu,0.0,370000.0,3500.0,coach,Ball State,425000.0,428500,2016
Mike Neu,0.0,0.0,0.0,assistant,Tulane,0.0,0,2013
Mike Neu,0.0,0.0,0.0,assistant,Tulane,0.0,0,2012
Doug Martin,20000.0,220000.0,0.0,coach,New Mexico State,419640.0,419640,2018
Doug Martin,0.0,135000.0,0.0,coach,New Mexico State,376044.0,376044,2017
Doug Martin,0.0,135000.0,0.0,coach,New Mexico State,376044.0,376044,2016
Doug Martin,0.0,135000.0,1000.0,coach,New Mexico State,376044.0,377044,2015
Doug Martin,0.0,185000.0,1000.0,coach,New Mexico State,376044.0,377044,2014
Doug Martin,0.0,185000.0,0.0,coach,New Mexico State,375000.0,375000,2013
Doug Martin,0.0,0.0,0.0,assistant,Boston College,0.0,0,2012
Doug Martin,0.0,0.0,0.0,assistant,New Mexico State,90000.0,90000,2011
Doug Martin,0.0,91500.0,0.0,coach,Kent State,190000.0,190000,2010
Doug Martin,0.0,91500.0,0.0,coach,Kent State,190000.0,190000,2009
Doug Martin,0.0,84000.0,0.0,coach,Kent State,170000.0,170000,2007
Doug Martin,0.0,42000.0,0.0,coach,Kent State,150200.0,150200,2006
Terry Bowden,50000.0,225000.0,1500.0,coach,Akron,411000.0,412500,2018
Terry Bowden,5000.0,225000.0,1500.0,coach,Akron,411000.0,412500,2017
Terry Bowden,30000.0,225000.0,1500.0,coach,Akron,411000.0,412500,2016
Terry Bowden,10000.0,255000.0,1500.0,coach,Akron,406000.0,407500,2015
Terry Bowden,0.0,255000.0,0.0,coach,Akron,406000.0,406000,2014
Terry Bowden,0.0,205000.0,0.0,coach,Akron,400000.0,400000,2013
Terry Bowden,0.0,90000.0,0.0,coach,Akron,375000.0,375000,2012
Joe Moglia,25000.0,800000.0,0.0,coach,Coastal Carolina,400000.0,400000,2018
Joe Moglia,0.0,525000.0,0.0,coach,Coastal Carolina,400000.0,400000,2017
Matt Viator,0.0,50000.0,0.0,coach,Louisiana-Monroe,390000.0,390000,2018
Matt Viator,0.0,50000.0,0.0,coach,Louisiana-Monroe,390000.0,390000,2017
Matt Viator,0.0,50000.0,0.0,coach,Louisiana-Monroe,390000.0,390000,2016
Matt Rhule,0.0,0.0,0.0,coach,Baylor,0.0,0,2018
Matt Rhule,0.0,0.0,0.0,coach,Baylor,0.0,0,2017
Matt Rhule,0.0,0.0,0.0,coach,Temple,1041739.0,1041739,2016
Matt Rhule,0.0,0.0,0.0,coach,Temple,648633.0,648633,2015
Matt Rhule,0.0,0.0,0.0,coach,Temple,0.0,0,2014
Matt Rhule,0.0,0.0,0.0,coach,Temple,0.0,0,2013
Matt Rhule,0.0,0.0,0.0,assistant,Temple,0.0,0,2011
Matt Rhule,0.0,0.0,0.0,assistant,Temple,0.0,0,2010
Matt Rhule,0.0,0.0,0.0,assistant,Temple,0.0,0,2009
Troy Calhoun,0.0,0.0,0.0,coach,Air Force,0.0,0,2018
Troy Calhoun,0.0,0.0,0.0,coach,Air Force,0.0,0,2017
Troy Calhoun,85000.0,0.0,0.0,coach,Air Force,885000.0,885000,2016
Troy Calhoun,123750.0,255000.0,26500.0,coach,Air Force,892500.0,919000,2015
Troy Calhoun,0.0,247500.0,26500.0,coach,Air Force,866250.0,892750,2014
Troy Calhoun,0.0,247500.0,21100.0,coach,Air Force,882000.0,903100,2013
Troy Calhoun,0.0,247000.0,0.0,coach,Air Force,882000.0,882000,2012
Troy Calhoun,0.0,247500.0,22845.0,coach,Air Force,866250.0,889095,2011
Troy Calhoun,0.0,580000.0,18500.0,coach,Air Force,725000.0,743500,2010
Troy Calhoun,0.0,217500.0,16500.0,coach,Air Force,760000.0,776500,2009
Troy Calhoun,0.0,125000.0,21500.0,coach,Air Force,550000.0,571500,2007
Kalani Sitake,0.0,0.0,0.0,coach,Brigham Young,0.0,0,2018
Kalani Sitake,0.0,0.0,0.0,coach,Brigham Young,0.0,0,2017
Kalani Sitake,0.0,0.0,0.0,coach,Brigham Young,0.0,0,2016
Kalani Sitake,0.0,166111.0,0.0,assistant,Oregon State,730008.0,730008,2015
Kalani Sitake,0.0,41667.0,0.0,assistant,Utah,500000.0,500000,2014
Kalani Sitake,0.0,41667.0,0.0,assistant,Utah,500000.0,500000,2013
Kalani Sitake,0.0,41667.0,0.0,assistant,Utah,500000.0,500000,2012
Kalani Sitake,0.0,13333.0,600.0,assistant,Utah,160000.0,160600,2009
Jeff Monken,0.0,0.0,0.0,coach,Army,0.0,0,2018
Jeff Monken,0.0,0.0,0.0,coach,Army,0.0,0,2017
Jeff Monken,0.0,256000.0,0.0,coach,Army,932521.0,932521,2016
Jeff Monken,0.0,256000.0,0.0,coach,Army,883000.0,883000,2015
Jeff Monken,0.0,256000.0,0.0,coach,Army,834667.0,834667,2014
Jeff Monken,0.0,0.0,0.0,assistant,Georgia Tech,178500.0,178500,2009
Mike Bloomgren,0.0,0.0,0.0,coach,Rice,0.0,0,2018
Mike Bloomgren,0.0,0.0,0.0,assistant,Stanford,0.0,0,2017
Mike Bloomgren,0.0,0.0,0.0,assistant,Stanford,0.0,0,2016
Mike Bloomgren,0.0,0.0,0.0,assistant,Stanford,0.0,0,2015
Mike Bloomgren,0.0,0.0,0.0,assistant,Stanford,0.0,0,2014
Mike Bloomgren,0.0,0.0,0.0,assistant,Stanford,0.0,0,2013
Mike Bloomgren,0.0,0.0,0.0,assistant,Stanford,0.0,0,2012
Mike Bloomgren,0.0,0.0,0.0,assistant,Stanford,0.0,0,2011
Geoff Collins,0.0,0.0,0.0,coach,Temple,0.0,0,2018
Geoff Collins,0.0,0.0,0.0,coach,Temple,0.0,0,2017
Geoff Collins,0.0,236000.0,0.0,assistant,Florida,1051500.0,1051500,2016
Geoff Collins,0.0,236000.0,0.0,assistant,Florida,701500.0,701500,2015
Geoff Collins,0.0,47917.0,0.0,assistant,Mississippi State,575000.0,575000,2014
Geoff Collins,0.0,0.0,0.0,assistant,Mississippi State,291700.0,291700,2013
Geoff Collins,0.0,0.0,3500.0,assistant,Mississippi State,284200.0,287700,2012
Geoff Collins,0.0,0.0,0.0,assistant,Mississippi State,280000.0,280000,2011
Geoff Collins,0.0,10000.0,0.0,assistant,Florida International,146969.0,146969,2010
Geoff Collins,0.0,10628.0,1500.0,assistant,UCF,127531.0,129031,2009
Sonny Dykes,0.0,0.0,0.0,coach,Southern Methodist,0.0,0,2018
Sonny Dykes,50000.0,800000.0,8000.0,coach,California,2900000.0,2908000,2016
Sonny Dykes,0.0,304000.0,8000.0,coach,California,2000000.0,2008000,2015
Sonny Dykes,0.0,304000.0,8000.0,coach,California,1800000.0,1808000,2014
Sonny Dykes,0.0,304000.0,0.0,coach,California,2394000.0,2394000,2013
Sonny Dykes,0.0,310000.0,10200.0,coach,Louisiana Tech,750000.0,760200,2012
Sonny Dykes,0.0,310000.0,10500.0,coach,Louisiana Tech,450000.0,460500,2011
Sonny Dykes,0.0,310000.0,0.0,coach,Louisiana Tech,450000.0,450000,2010
Sonny Dykes,0.0,0.0,8900.0,assistant,Arizona,278125.0,287025,2009
